"Name","Type","Index","ProgressStart","Progress","Season","PrimaryRewardType","PrimaryRewardCount","PrimaryRewardExtraData","PrimaryRewardData","SecondaryRewardType","SecondaryRewardCount","SecondaryRewardExtraData","SecondaryRewardData"
"string","int","int","int","int","int","string","int","int","string","string","int","int","string"
"Premium_1_0",1,0,-1,1,1,"PROGRESSION_SKIN_LEVEL_UP",1,,"GunSlinger2025RankedProgrsesionSkinLevel1",,,,
"Premium_1_1",1,1,0,200,1,1,10000,,,,,,
"Premium_1_2",1,2,200,200,1,16,10,,,,,,
"Premium_1_3",1,3,400,200,1,16,5,,,,,,
"Premium_1_4",1,4,600,200,1,16,10,,,,,,
"Premium_1_5",1,5,800,200,1,19,1,,"emoji_bling_star",1,10,,
"Premium_1_6",1,6,1000,200,1,16,10,,,,,,
"Premium_1_7",1,7,1200,200,1,16,5,,,,,,
"Premium_1_8",1,8,1400,200,1,16,10,,,,,,
"Premium_1_9",1,9,1600,200,1,16,5,,,,,,
"Premium_1_10",1,10,1800,200,1,"PROGRESSION_SKIN_LEVEL_UP",1,,"GunSlinger2025RankedProgrsesionSkinLevel1",,,,
"Premium_1_11",1,11,2000,200,1,16,5,,,,,,
"Premium_1_12",1,12,2200,200,1,16,10,,,,,,
"Premium_1_13",1,13,2400,200,1,16,5,,,,,,
"Premium_1_14",1,14,2600,200,1,16,10,,,,,,
"Premium_1_15",1,15,2800,200,1,35,1,,"spray_propass_gas",1,10,,
"Premium_1_16",1,16,3000,200,1,16,10,,,,,,
"Premium_1_17",1,17,3200,200,1,16,5,,,,,,
"Premium_1_18",1,18,3400,200,1,16,10,,,,,,
"Premium_1_19",1,19,3600,200,1,16,5,,,,,,
"Premium_1_20",1,20,3800,200,1,19,1,,"emoji_champie_cake",1,10,,
"Premium_1_21",1,21,4000,200,1,16,5,,,,,,
"Premium_1_22",1,22,4200,200,1,16,10,,,,,,
"Premium_1_23",1,23,4400,200,1,16,5,,,,,,
"Premium_1_24",1,24,4600,200,1,16,10,,,,,,
"Premium_1_25",1,25,4800,200,1,25,1,,"player_icon_blingstar",1,10,,
"Premium_1_26",1,26,5000,200,1,16,10,,,,,,
"Premium_1_27",1,27,5200,200,1,16,5,,,,,,
"Premium_1_28",1,28,5400,200,1,16,10,,,,,,
"Premium_1_29",1,29,5600,200,1,16,5,,,,,,
"Premium_1_30",1,30,5800,200,1,"PROGRESSION_SKIN_LEVEL_UP",1,,"GunSlinger2025RankedProgrsesionSkinLevel1",,,,
"Premium_1_31",1,31,6000,200,1,16,5,,,,,,
"Premium_1_32",1,32,6200,200,1,16,10,,,,,,
"Premium_1_33",1,33,6400,200,1,16,5,,,,,,
"Premium_1_34",1,34,6600,200,1,16,10,,,,,,
"Premium_1_35",1,35,6800,200,1,19,1,,"emoji_graffiti_red",1,10,,
"Premium_1_36",1,36,7000,200,1,16,10,,,,,,
"Premium_1_37",1,37,7200,200,1,16,5,,,,,,
"Premium_1_38",1,38,7400,200,1,16,10,,,,,,
"Premium_1_39",1,39,7600,200,1,16,5,,,,,,
"Premium_1_40",1,40,7800,200,1,19,1,,"emoji_graffiti_yellow",1,10,,
"Premium_1_41",1,41,8000,200,1,16,5,,,,,,
"Premium_1_42",1,42,8200,200,1,16,10,,,,,,
"Premium_1_43",1,43,8400,200,1,16,5,,,,,,
"Premium_1_44",1,44,8600,200,1,16,10,,,,,,
"Premium_1_45",1,45,8800,200,1,25,1,,"player_icon_appicon_60",1,10,,
"Premium_1_46",1,46,9000,200,1,16,10,,,,,,
"Premium_1_47",1,47,9200,200,1,16,5,,,,,,
"Premium_1_48",1,48,9400,200,1,16,10,,,,,,
"Premium_1_49",1,49,9600,200,1,16,5,,,,,,
"Premium_1_50",1,50,9800,200,1,19,1,,"emoji_graffiti_green",1,10,,
"Premium_1_51",1,51,10000,200,1,16,5,,,,,,
"Premium_1_52",1,52,10200,200,1,16,10,,,,,,
"Premium_1_53",1,53,10400,200,1,16,5,,,,,,
"Premium_1_54",1,54,10600,200,1,16,10,,,,,,
"Premium_1_55",1,55,10800,200,1,19,1,,"emoji_graffiti_ranked",1,10,,
"Premium_1_56",1,56,11000,200,1,16,10,,,,,,
"Premium_1_57",1,57,11200,200,1,16,5,,,,,,
"Premium_1_58",1,58,11400,200,1,16,10,,,,,,
"Premium_1_59",1,59,11600,200,1,16,5,,,,,,
"Premium_1_60",1,60,11800,200,1,"PROGRESSION_SKIN_LEVEL_UP",1,,"GunSlinger2025RankedProgrsesionSkinLevel1",,,,
"Premium_1_61",1,61,12000,200,1,16,5,,,,,,
"Premium_1_62",1,62,12200,200,1,16,10,,,,,,
"Premium_1_63",1,63,12400,200,1,16,5,,,,,,
"Premium_1_64",1,64,12600,200,1,16,10,,,,,,
"Premium_1_65",1,65,12800,200,1,35,1,,"spray_propass_touchgrass",1,10,,
"Premium_1_66",1,66,13000,200,1,16,10,,,,,,
"Premium_1_67",1,67,13200,200,1,16,5,,,,,,
"Premium_1_68",1,68,13400,200,1,16,10,,,,,,
"Premium_1_69",1,69,13600,200,1,16,5,,,,,,
"Premium_1_70",1,70,13800,200,1,19,1,,"emoji_champie_captain",1,10,,
"Premium_1_71",1,71,14000,200,1,16,5,,,,,,
"Premium_1_72",1,72,14200,200,1,16,10,,,,,,
"Premium_1_73",1,73,14400,200,1,16,5,,,,,,
"Premium_1_74",1,74,14600,200,1,16,10,,,,,,
"Premium_1_75",1,75,14800,200,1,19,1,,"emoji_graffiti_sign",1,10,,
"Premium_1_76",1,76,15000,200,1,16,10,,,,,,
"Premium_1_77",1,77,15200,200,1,16,5,,,,,,
"Premium_1_78",1,78,15400,200,1,16,10,,,,,,
"Premium_1_79",1,79,15600,200,1,16,5,,,,,,
"Premium_1_80",1,80,15800,200,1,25,1,,"player_icon_moai",1,10,,
"Premium_1_81",1,81,16000,200,1,16,5,,,,,,
"Premium_1_82",1,82,16200,200,1,16,10,,,,,,
"Premium_1_83",1,83,16400,200,1,16,5,,,,,,
"Premium_1_84",1,84,16600,200,1,16,10,,,,,,
"Premium_1_85",1,85,16800,200,1,19,1,,"emoji_graffiti_purple",1,10,,
"Premium_1_86",1,86,17000,200,1,16,10,,,,,,
"Premium_1_87",1,87,17200,200,1,16,5,,,,,,
"Premium_1_88",1,88,17400,200,1,16,10,,,,,,
"Premium_1_89",1,89,17600,200,1,16,5,,,,,,
"Premium_1_90",1,90,17800,200,1,19,1,,"emoji_champie_meow",1,10,,
"Premium_1_91",1,91,18000,200,1,16,5,,,,,,
"Premium_1_92",1,92,18200,200,1,16,10,,,,,,
"Premium_1_93",1,93,18400,200,1,16,5,,,,,,
"Premium_1_94",1,94,18600,200,1,16,10,,,,,,
"Premium_1_95",1,95,18800,200,1,19,1,,"emoji_champie_darksands",1,10,,
"Premium_1_96",1,96,19000,200,1,16,10,,,,,,
"Premium_1_97",1,97,19200,200,1,16,5,,,,,,
"Premium_1_98",1,98,19400,200,1,16,10,,,,,,
"Premium_1_99",1,99,19600,200,1,16,10,,,,,,
"Premium_1_100",1,100,19800,200,1,"PROGRESSION_SKIN_LEVEL_UP",1,,"GunSlinger2025RankedProgrsesionSkinLevel1",,,,
"Free_1_0",2,0,-1,1,1,"PROGRESSION_SKIN_LEVEL_UP",1,,"GunSlinger2025RankedProgrsesionSkinLevel1",,,,
"Free_1_1",2,1,0,200,1,49,1,,"OverchargeStar",,,,
"Free_1_2",2,2,200,200,1,49,1,,"RankedStar",,,,
"Free_1_3",2,3,400,200,1,50,1,,,,,,
"Free_1_4",2,4,600,200,1,49,1,,"RankedStar",,,,
"Free_1_5",2,5,800,200,1,49,1,5,,,,,
"Free_1_6",2,6,1000,200,1,49,1,,"RankedStar",,,,
"Free_1_7",2,7,1200,200,1,50,1,,,,,,
"Free_1_8",2,8,1400,200,1,49,1,,"RankedStar",,,,
"Free_1_9",2,9,1600,200,1,50,1,,,,,,
"Free_1_10",2,10,1800,200,1,"PROGRESSION_SKIN_LEVEL_UP",1,,"GunSlinger2025RankedProgrsesionSkinLevel1",,,,
"Free_1_11",2,11,2000,200,1,50,1,,,,,,
"Free_1_12",2,12,2200,200,1,49,1,,"RankedStar",,,,
"Free_1_13",2,13,2400,200,1,50,1,,,,,,
"Free_1_14",2,14,2600,200,1,16,5,,,,,,
"Free_1_15",2,15,2800,200,1,49,1,4,,,,,
"Free_1_16",2,16,3000,200,1,49,1,,"RankedStar",,,,
"Free_1_17",2,17,3200,200,1,50,1,,,,,,
"Free_1_18",2,18,3400,200,1,49,1,,"RankedStar",,,,
"Free_1_19",2,19,3600,200,1,50,1,,,,,,
"Free_1_20",2,20,3800,200,1,49,1,5,,,,,
"Free_1_21",2,21,4000,200,1,16,5,,,,,,
"Free_1_22",2,22,4200,200,1,49,1,,"RankedStar",,,,
"Free_1_23",2,23,4400,200,1,50,1,,,,,,
"Free_1_24",2,24,4600,200,1,49,1,,"RankedStar",,,,
"Free_1_25",2,25,4800,200,1,49,1,4,,,,,
"Free_1_26",2,26,5000,200,1,49,1,,"RankedStar",,,,
"Free_1_27",2,27,5200,200,1,50,1,,,,,,
"Free_1_28",2,28,5400,200,1,49,1,,"RankedStar",,,,
"Free_1_29",2,29,5600,200,1,50,1,,,,,,
"Free_1_30",2,30,5800,200,1,"PROGRESSION_SKIN_LEVEL_UP",1,,"GunSlinger2025RankedProgrsesionSkinLevel1",,,,
"Free_1_31",2,31,6000,200,1,50,1,,,,,,
"Free_1_32",2,32,6200,200,1,49,1,,"RankedStar",,,,
"Free_1_33",2,33,6400,200,1,50,1,,,,,,
"Free_1_34",2,34,6600,200,1,16,5,,,,,,
"Free_1_35",2,35,6800,200,1,49,1,5,,,,,
"Free_1_36",2,36,7000,200,1,49,1,,"RankedStar",,,,
"Free_1_37",2,37,7200,200,1,50,1,,,,,,
"Free_1_38",2,38,7400,200,1,49,1,,"RankedStar",,,,
"Free_1_39",2,39,7600,200,1,50,1,,,,,,
"Free_1_40",2,40,7800,200,1,49,1,5,,,,,
"Free_1_41",2,41,8000,200,1,16,5,,,,,,
"Free_1_42",2,42,8200,200,1,49,1,,"RankedStar",,,,
"Free_1_43",2,43,8400,200,1,50,1,,,,,,
"Free_1_44",2,44,8600,200,1,49,1,,"RankedStar",,,,
"Free_1_45",2,45,8800,200,1,49,1,4,,,,,
"Free_1_46",2,46,9000,200,1,49,1,,"RankedStar",,,,
"Free_1_47",2,47,9200,200,1,50,1,,,,,,
"Free_1_48",2,48,9400,200,1,49,1,,"RankedStar",,,,
"Free_1_49",2,49,9600,200,1,50,1,,,,,,
"Free_1_50",2,50,9800,200,1,49,1,5,,,,,
"Free_1_51",2,51,10000,200,1,50,1,,,,,,
"Free_1_52",2,52,10200,200,1,49,1,,"RankedStar",,,,
"Free_1_53",2,53,10400,200,1,50,1,,,,,,
"Free_1_54",2,54,10600,200,1,16,5,,,,,,
"Free_1_55",2,55,10800,200,1,49,1,4,,,,,
"Free_1_56",2,56,11000,200,1,49,1,,"RankedStar",,,,
"Free_1_57",2,57,11200,200,1,50,1,,,,,,
"Free_1_58",2,58,11400,200,1,49,1,,"RankedStar",,,,
"Free_1_59",2,59,11600,200,1,50,1,,,,,,
"Free_1_60",2,60,11800,200,1,"PROGRESSION_SKIN_LEVEL_UP",1,,"GunSlinger2025RankedProgrsesionSkinLevel1",,,,
"Free_1_61",2,61,12000,200,1,16,5,,,,,,
"Free_1_62",2,62,12200,200,1,49,1,,"RankedStar",,,,
"Free_1_63",2,63,12400,200,1,50,1,,,,,,
"Free_1_64",2,64,12600,200,1,49,1,,"RankedStar",,,,
"Free_1_65",2,65,12800,200,1,49,1,4,,,,,
"Free_1_66",2,66,13000,200,1,49,1,,"RankedStar",,,,
"Free_1_67",2,67,13200,200,1,50,1,,,,,,
"Free_1_68",2,68,13400,200,1,49,1,,"RankedStar",,,,
"Free_1_69",2,69,13600,200,1,50,1,,,,,,
"Free_1_70",2,70,13800,200,1,49,1,5,,,,,
"Free_1_71",2,71,14000,200,1,50,1,,,,,,
"Free_1_72",2,72,14200,200,1,49,1,,"RankedStar",,,,
"Free_1_73",2,73,14400,200,1,50,1,,,,,,
"Free_1_74",2,74,14600,200,1,16,5,,,,,,
"Free_1_75",2,75,14800,200,1,49,1,4,,,,,
"Free_1_76",2,76,15000,200,1,49,1,,"RankedStar",,,,
"Free_1_77",2,77,15200,200,1,50,1,,,,,,
"Free_1_78",2,78,15400,200,1,49,1,,"RankedStar",,,,
"Free_1_79",2,79,15600,200,1,50,1,,,,,,
"Free_1_80",2,80,15800,200,1,"PROGRESSION_SKIN_LEVEL_UP",1,,"GunSlinger2025RankedProgrsesionSkinLevel1",,,,
"Free_1_81",2,81,16000,200,1,16,5,,,,,,
"Free_1_82",2,82,16200,200,1,49,1,,"RankedStar",,,,
"Free_1_83",2,83,16400,200,1,50,1,,,,,,
"Free_1_84",2,84,16600,200,1,49,1,,"RankedStar",,,,
"Free_1_85",2,85,16800,200,1,49,1,4,,,,,
"Free_1_86",2,86,17000,200,1,49,1,,"RankedStar",,,,
"Free_1_87",2,87,17200,200,1,50,1,,,,,,
"Free_1_88",2,88,17400,200,1,49,1,,"RankedStar",,,,
"Free_1_89",2,89,17600,200,1,50,1,,,,,,
"Free_1_90",2,90,17800,200,1,49,1,5,,,,,
"Free_1_91",2,91,18000,200,1,50,1,,,,,,
"Free_1_92",2,92,18200,200,1,49,1,,"RankedStar",,,,
"Free_1_93",2,93,18400,200,1,50,1,,,,,,
"Free_1_94",2,94,18600,200,1,16,5,,,,,,
"Free_1_95",2,95,18800,200,1,49,1,4,,,,,
"Free_1_96",2,96,19000,200,1,49,1,,"RankedStar",,,,
"Free_1_97",2,97,19200,200,1,50,1,,,,,,
"Free_1_98",2,98,19400,200,1,16,5,,,,,,
"Free_1_99",2,99,19600,200,1,49,1,5,,,,,
"Free_1_100",2,100,19800,200,1,"PROGRESSION_SKIN_LEVEL_UP",1,,"GunSlinger2025RankedProgrsesionSkinLevel1",,,,
"Tail_1",3,0,0,0,1,49,1,5,,,,,
"Premium_2_0",1,0,-1,1,2,"PROGRESSION_SKIN_LEVEL_UP",1,,"TntGuyProgressionSkinLevel1",,,,
"Premium_2_1",1,1,0,200,2,1,10000,,,,,,
"Premium_2_2",1,2,200,200,2,16,10,,,,,,
"Premium_2_3",1,3,400,200,2,16,5,,,,,,
"Premium_2_4",1,4,600,200,2,16,10,,,,,,
"Premium_2_5",1,5,800,200,2,19,1,,"emoji_propass_watermelonghost",1,10,,
"Premium_2_6",1,6,1000,200,2,16,10,,,,,,
"Premium_2_7",1,7,1200,200,2,16,5,,,,,,
"Premium_2_8",1,8,1400,200,2,16,10,,,,,,
"Premium_2_9",1,9,1600,200,2,16,5,,,,,,
"Premium_2_10",1,10,1800,200,2,"PROGRESSION_SKIN_LEVEL_UP",1,,"TntGuyProgressionSkinLevel1",,,,
"Premium_2_11",1,11,2000,200,2,16,5,,,,,,
"Premium_2_12",1,12,2200,200,2,16,10,,,,,,
"Premium_2_13",1,13,2400,200,2,16,5,,,,,,
"Premium_2_14",1,14,2600,200,2,16,10,,,,,,
"Premium_2_15",1,15,2800,200,2,35,1,,"spray_propass_62_1",1,10,,
"Premium_2_16",1,16,3000,200,2,16,10,,,,,,
"Premium_2_17",1,17,3200,200,2,16,5,,,,,,
"Premium_2_18",1,18,3400,200,2,16,10,,,,,,
"Premium_2_19",1,19,3600,200,2,16,5,,,,,,
"Premium_2_20",1,20,3800,200,2,19,1,,"emoji_propass_angrybirb",1,10,,
"Premium_2_21",1,21,4000,200,2,16,5,,,,,,
"Premium_2_22",1,22,4200,200,2,16,10,,,,,,
"Premium_2_23",1,23,4400,200,2,16,5,,,,,,
"Premium_2_24",1,24,4600,200,2,16,10,,,,,,
"Premium_2_25",1,25,4800,200,2,25,1,,"player_icon_propass_kit",1,10,,
"Premium_2_26",1,26,5000,200,2,16,10,,,,,,
"Premium_2_27",1,27,5200,200,2,16,5,,,,,,
"Premium_2_28",1,28,5400,200,2,16,10,,,,,,
"Premium_2_29",1,29,5600,200,2,16,5,,,,,,
"Premium_2_30",1,30,5800,200,2,"PROGRESSION_SKIN_LEVEL_UP",1,,"TntGuyProgressionSkinLevel1",,,,
"Premium_2_31",1,31,6000,200,2,16,5,,,,,,
"Premium_2_32",1,32,6200,200,2,16,10,,,,,,
"Premium_2_33",1,33,6400,200,2,16,5,,,,,,
"Premium_2_34",1,34,6600,200,2,16,10,,,,,,
"Premium_2_35",1,35,6800,200,2,19,1,,"emoji_graffiti_blue",1,10,,
"Premium_2_36",1,36,7000,200,2,16,10,,,,,,
"Premium_2_37",1,37,7200,200,2,16,5,,,,,,
"Premium_2_38",1,38,7400,200,2,16,10,,,,,,
"Premium_2_39",1,39,7600,200,2,16,5,,,,,,
"Premium_2_40",1,40,7800,200,2,19,1,,"emoji_graffiti_orange",1,10,,
"Premium_2_41",1,41,8000,200,2,16,5,,,,,,
"Premium_2_42",1,42,8200,200,2,16,10,,,,,,
"Premium_2_43",1,43,8400,200,2,16,5,,,,,,
"Premium_2_44",1,44,8600,200,2,16,10,,,,,,
"Premium_2_45",1,45,8800,200,2,25,1,,"player_icon_propass_melody",1,10,,
"Premium_2_46",1,46,9000,200,2,16,10,,,,,,
"Premium_2_47",1,47,9200,200,2,16,5,,,,,,
"Premium_2_48",1,48,9400,200,2,16,10,,,,,,
"Premium_2_49",1,49,9600,200,2,16,5,,,,,,
"Premium_2_50",1,50,9800,200,2,19,1,,"emoji_graffiti_pink",1,10,,
"Premium_2_51",1,51,10000,200,2,16,5,,,,,,
"Premium_2_52",1,52,10200,200,2,16,10,,,,,,
"Premium_2_53",1,53,10400,200,2,16,5,,,,,,
"Premium_2_54",1,54,10600,200,2,16,10,,,,,,
"Premium_2_55",1,55,10800,200,2,19,1,,"emoji_champie_greek",1,10,,
"Premium_2_56",1,56,11000,200,2,16,10,,,,,,
"Premium_2_57",1,57,11200,200,2,16,5,,,,,,
"Premium_2_58",1,58,11400,200,2,16,10,,,,,,
"Premium_2_59",1,59,11600,200,2,16,5,,,,,,
"Premium_2_60",1,60,11800,200,2,"PROGRESSION_SKIN_LEVEL_UP",1,,"TntGuyProgressionSkinLevel1",,,,
"Premium_2_61",1,61,12000,200,2,16,5,,,,,,
"Premium_2_62",1,62,12200,200,2,16,10,,,,,,
"Premium_2_63",1,63,12400,200,2,16,5,,,,,,
"Premium_2_64",1,64,12600,200,2,16,10,,,,,,
"Premium_2_65",1,65,12800,200,2,35,1,,"spray_propass_62_2",1,10,,
"Premium_2_66",1,66,13000,200,2,16,10,,,,,,
"Premium_2_67",1,67,13200,200,2,16,5,,,,,,
"Premium_2_68",1,68,13400,200,2,16,10,,,,,,
"Premium_2_69",1,69,13600,200,2,16,5,,,,,,
"Premium_2_70",1,70,13800,200,2,19,1,,"emoji_champie_bling",1,10,,
"Premium_2_71",1,71,14000,200,2,16,5,,,,,,
"Premium_2_72",1,72,14200,200,2,16,10,,,,,,
"Premium_2_73",1,73,14400,200,2,16,5,,,,,,
"Premium_2_74",1,74,14600,200,2,16,10,,,,,,
"Premium_2_75",1,75,14800,200,2,19,1,,"emoji_propass_phewbirb",1,10,,
"Premium_2_76",1,76,15000,200,2,16,10,,,,,,
"Premium_2_77",1,77,15200,200,2,16,5,,,,,,
"Premium_2_78",1,78,15400,200,2,16,10,,,,,,
"Premium_2_79",1,79,15600,200,2,16,5,,,,,,
"Premium_2_80",1,80,15800,200,2,25,1,,"player_icon_propass_spikecaster",1,10,,
"Premium_2_81",1,81,16000,200,2,16,5,,,,,,
"Premium_2_82",1,82,16200,200,2,16,10,,,,,,
"Premium_2_83",1,83,16400,200,2,16,5,,,,,,
"Premium_2_84",1,84,16600,200,2,16,10,,,,,,
"Premium_2_85",1,85,16800,200,2,19,1,,"emoji_propass_takethel",1,10,,
"Premium_2_86",1,86,17000,200,2,16,10,,,,,,
"Premium_2_87",1,87,17200,200,2,16,5,,,,,,
"Premium_2_88",1,88,17400,200,2,16,10,,,,,,
"Premium_2_89",1,89,17600,200,2,16,5,,,,,,
"Premium_2_90",1,90,17800,200,2,35,1,,"spray_propass_62_3",1,10,,
"Premium_2_91",1,91,18000,200,2,16,5,,,,,,
"Premium_2_92",1,92,18200,200,2,16,10,,,,,,
"Premium_2_93",1,93,18400,200,2,16,5,,,,,,
"Premium_2_94",1,94,18600,200,2,16,10,,,,,,
"Premium_2_95",1,95,18800,200,2,19,1,,"emoji_propass_coffin",1,10,,
"Premium_2_96",1,96,19000,200,2,16,10,,,,,,
"Premium_2_97",1,97,19200,200,2,16,5,,,,,,
"Premium_2_98",1,98,19400,200,2,16,10,,,,,,
"Premium_2_99",1,99,19600,200,2,16,10,,,,,,
"Premium_2_100",1,100,19800,200,2,"PROGRESSION_SKIN_LEVEL_UP",1,,"TntGuyProgressionSkinLevel1",,,,
"Free_2_0",2,0,-1,1,2,"PROGRESSION_SKIN_LEVEL_UP",1,,"TntGuyProgressionSkinLevel1",,,,
"Free_2_1",2,1,0,200,2,49,1,,"OverchargeStar",,,,
"Free_2_2",2,2,200,200,2,49,1,,"RankedStar",,,,
"Free_2_3",2,3,400,200,2,50,1,,,,,,
"Free_2_4",2,4,600,200,2,49,1,,"RankedStar",,,,
"Free_2_5",2,5,800,200,2,49,1,5,,,,,
"Free_2_6",2,6,1000,200,2,49,1,,"RankedStar",,,,
"Free_2_7",2,7,1200,200,2,50,1,,,,,,
"Free_2_8",2,8,1400,200,2,49,1,,"RankedStar",,,,
"Free_2_9",2,9,1600,200,2,50,1,,,,,,
"Free_2_10",2,10,1800,200,2,"PROGRESSION_SKIN_LEVEL_UP",1,,"TntGuyProgressionSkinLevel1",,,,
"Free_2_11",2,11,2000,200,2,50,1,,,,,,
"Free_2_12",2,12,2200,200,2,49,1,,"RankedStar",,,,
"Free_2_13",2,13,2400,200,2,50,1,,,,,,
"Free_2_14",2,14,2600,200,2,16,5,,,,,,
"Free_2_15",2,15,2800,200,2,49,1,4,,,,,
"Free_2_16",2,16,3000,200,2,49,1,,"RankedStar",,,,
"Free_2_17",2,17,3200,200,2,50,1,,,,,,
"Free_2_18",2,18,3400,200,2,49,1,,"RankedStar",,,,
"Free_2_19",2,19,3600,200,2,25,1,,"player_icon_esports_neon1",,,,
"Free_2_20",2,20,3800,200,2,49,1,5,,,,,
"Free_2_21",2,21,4000,200,2,16,5,,,,,,
"Free_2_22",2,22,4200,200,2,49,1,,"RankedStar",,,,
"Free_2_23",2,23,4400,200,2,50,1,,,,,,
"Free_2_24",2,24,4600,200,2,49,1,,"RankedStar",,,,
"Free_2_25",2,25,4800,200,2,49,1,4,,,,,
"Free_2_26",2,26,5000,200,2,49,1,,"RankedStar",,,,
"Free_2_27",2,27,5200,200,2,50,1,,,,,,
"Free_2_28",2,28,5400,200,2,49,1,,"RankedStar",,,,
"Free_2_29",2,29,5600,200,2,50,1,,,,,,
"Free_2_30",2,30,5800,200,2,"PROGRESSION_SKIN_LEVEL_UP",1,,"TntGuyProgressionSkinLevel1",,,,
"Free_2_31",2,31,6000,200,2,50,1,,,,,,
"Free_2_32",2,32,6200,200,2,49,1,,"RankedStar",,,,
"Free_2_33",2,33,6400,200,2,50,1,,,,,,
"Free_2_34",2,34,6600,200,2,16,5,,,,,,
"Free_2_35",2,35,6800,200,2,49,1,5,,,,,
"Free_2_36",2,36,7000,200,2,49,1,,"RankedStar",,,,
"Free_2_37",2,37,7200,200,2,50,1,,,,,,
"Free_2_38",2,38,7400,200,2,49,1,,"RankedStar",,,,
"Free_2_39",2,39,7600,200,2,25,1,,"player_icon_esports_neon2",,,,
"Free_2_40",2,40,7800,200,2,49,1,5,,,,,
"Free_2_41",2,41,8000,200,2,16,5,,,,,,
"Free_2_42",2,42,8200,200,2,49,1,,"RankedStar",,,,
"Free_2_43",2,43,8400,200,2,50,1,,,,,,
"Free_2_44",2,44,8600,200,2,49,1,,"RankedStar",,,,
"Free_2_45",2,45,8800,200,2,49,1,4,,,,,
"Free_2_46",2,46,9000,200,2,49,1,,"RankedStar",,,,
"Free_2_47",2,47,9200,200,2,50,1,,,,,,
"Free_2_48",2,48,9400,200,2,49,1,,"RankedStar",,,,
"Free_2_49",2,49,9600,200,2,50,1,,,,,,
"Free_2_50",2,50,9800,200,2,49,1,5,,,,,
"Free_2_51",2,51,10000,200,2,50,1,,,,,,
"Free_2_52",2,52,10200,200,2,49,1,,"RankedStar",,,,
"Free_2_53",2,53,10400,200,2,50,1,,,,,,
"Free_2_54",2,54,10600,200,2,16,5,,,,,,
"Free_2_55",2,55,10800,200,2,49,1,4,,,,,
"Free_2_56",2,56,11000,200,2,49,1,,"RankedStar",,,,
"Free_2_57",2,57,11200,200,2,50,1,,,,,,
"Free_2_58",2,58,11400,200,2,49,1,,"RankedStar",,,,
"Free_2_59",2,59,11600,200,2,50,1,,,,,,
"Free_2_60",2,60,11800,200,2,"PROGRESSION_SKIN_LEVEL_UP",1,,"TntGuyProgressionSkinLevel1",,,,
"Free_2_61",2,61,12000,200,2,16,5,,,,,,
"Free_2_62",2,62,12200,200,2,49,1,,"RankedStar",,,,
"Free_2_63",2,63,12400,200,2,50,1,,,,,,
"Free_2_64",2,64,12600,200,2,49,1,,"RankedStar",,,,
"Free_2_65",2,65,12800,200,2,49,1,4,,,,,
"Free_2_66",2,66,13000,200,2,49,1,,"RankedStar",,,,
"Free_2_67",2,67,13200,200,2,50,1,,,,,,
"Free_2_68",2,68,13400,200,2,49,1,,"RankedStar",,,,
"Free_2_69",2,69,13600,200,2,50,1,,,,,,
"Free_2_70",2,70,13800,200,2,49,1,5,,,,,
"Free_2_71",2,71,14000,200,2,50,1,,,,,,
"Free_2_72",2,72,14200,200,2,49,1,,"RankedStar",,,,
"Free_2_73",2,73,14400,200,2,50,1,,,,,,
"Free_2_74",2,74,14600,200,2,16,5,,,,,,
"Free_2_75",2,75,14800,200,2,49,1,4,,,,,
"Free_2_76",2,76,15000,200,2,49,1,,"RankedStar",,,,
"Free_2_77",2,77,15200,200,2,50,1,,,,,,
"Free_2_78",2,78,15400,200,2,49,1,,"RankedStar",,,,
"Free_2_79",2,79,15600,200,2,50,1,,,,,,
"Free_2_80",2,80,15800,200,2,"PROGRESSION_SKIN_LEVEL_UP",1,,"TntGuyProgressionSkinLevel1",,,,
"Free_2_81",2,81,16000,200,2,16,5,,,,,,
"Free_2_82",2,82,16200,200,2,49,1,,"RankedStar",,,,
"Free_2_83",2,83,16400,200,2,50,1,,,,,,
"Free_2_84",2,84,16600,200,2,49,1,,"RankedStar",,,,
"Free_2_85",2,85,16800,200,2,49,1,4,,,,,
"Free_2_86",2,86,17000,200,2,49,1,,"RankedStar",,,,
"Free_2_87",2,87,17200,200,2,50,1,,,,,,
"Free_2_88",2,88,17400,200,2,49,1,,"RankedStar",,,,
"Free_2_89",2,89,17600,200,2,50,1,,,,,,
"Free_2_90",2,90,17800,200,2,49,1,5,,,,,
"Free_2_91",2,91,18000,200,2,19,1,,"emoji_champi_knight",,,,
"Free_2_92",2,92,18200,200,2,49,1,,"RankedStar",,,,
"Free_2_93",2,93,18400,200,2,50,1,,,,,,
"Free_2_94",2,94,18600,200,2,16,5,,,,,,
"Free_2_95",2,95,18800,200,2,49,1,4,,,,,
"Free_2_96",2,96,19000,200,2,49,1,,"RankedStar",,,,
"Free_2_97",2,97,19200,200,2,50,1,,,,,,
"Free_2_98",2,98,19400,200,2,16,5,,,,,,
"Free_2_99",2,99,19600,200,2,49,1,5,,,,,
"Free_2_100",2,100,19800,200,2,"PROGRESSION_SKIN_LEVEL_UP",1,,"TntGuyProgressionSkinLevel1",,,,
"Tail_2",3,0,0,0,2,49,1,5,,,,,
"Premium_3_0",1,0,-1,1,3,"PROGRESSION_SKIN_LEVEL_UP",1,,"NinjaPropassProgressionSkinLevel1",,,,
"Premium_3_1",1,1,0,200,3,1,10000,,,,,,
"Premium_3_2",1,2,200,200,3,16,10,,,,,,
"Premium_3_3",1,3,400,200,3,16,5,,,,,,
"Premium_3_4",1,4,600,200,3,16,10,,,,,,
"Premium_3_5",1,5,800,200,3,19,1,,"emoji_propass_64_1",1,10,,
"Premium_3_6",1,6,1000,200,3,16,10,,,,,,
"Premium_3_7",1,7,1200,200,3,16,5,,,,,,
"Premium_3_8",1,8,1400,200,3,16,10,,,,,,
"Premium_3_9",1,9,1600,200,3,16,5,,,,,,
"Premium_3_10",1,10,1800,200,3,"PROGRESSION_SKIN_LEVEL_UP",1,,"NinjaPropassProgressionSkinLevel1",,,,
"Premium_3_11",1,11,2000,200,3,16,5,,,,,,
"Premium_3_12",1,12,2200,200,3,16,10,,,,,,
"Premium_3_13",1,13,2400,200,3,16,5,,,,,,
"Premium_3_14",1,14,2600,200,3,16,10,,,,,,
"Premium_3_15",1,15,2800,200,3,35,1,,"spray_propass_64_1",1,10,,
"Premium_3_16",1,16,3000,200,3,16,10,,,,,,
"Premium_3_17",1,17,3200,200,3,16,5,,,,,,
"Premium_3_18",1,18,3400,200,3,16,10,,,,,,
"Premium_3_19",1,19,3600,200,3,16,5,,,,,,
"Premium_3_20",1,20,3800,200,3,19,1,,"emoji_propass_64_2",1,10,,
"Premium_3_21",1,21,4000,200,3,16,5,,,,,,
"Premium_3_22",1,22,4200,200,3,16,10,,,,,,
"Premium_3_23",1,23,4400,200,3,16,5,,,,,,
"Premium_3_24",1,24,4600,200,3,16,10,,,,,,
"Premium_3_25",1,25,4800,200,3,25,1,,"player_icon_propass_64_1",1,10,,
"Premium_3_26",1,26,5000,200,3,16,10,,,,,,
"Premium_3_27",1,27,5200,200,3,16,5,,,,,,
"Premium_3_28",1,28,5400,200,3,16,10,,,,,,
"Premium_3_29",1,29,5600,200,3,16,5,,,,,,
"Premium_3_30",1,30,5800,200,3,"PROGRESSION_SKIN_LEVEL_UP",1,,"NinjaPropassProgressionSkinLevel1",,,,
"Premium_3_31",1,31,6000,200,3,16,5,,,,,,
"Premium_3_32",1,32,6200,200,3,16,10,,,,,,
"Premium_3_33",1,33,6400,200,3,16,5,,,,,,
"Premium_3_34",1,34,6600,200,3,16,10,,,,,,
"Premium_3_35",1,35,6800,200,3,19,1,,"emoji_propass_64_3",1,10,,
"Premium_3_36",1,36,7000,200,3,16,10,,,,,,
"Premium_3_37",1,37,7200,200,3,16,5,,,,,,
"Premium_3_38",1,38,7400,200,3,16,10,,,,,,
"Premium_3_39",1,39,7600,200,3,16,5,,,,,,
"Premium_3_40",1,40,7800,200,3,19,1,,"emoji_propass_64_4",1,10,,
"Premium_3_41",1,41,8000,200,3,16,5,,,,,,
"Premium_3_42",1,42,8200,200,3,16,10,,,,,,
"Premium_3_43",1,43,8400,200,3,16,5,,,,,,
"Premium_3_44",1,44,8600,200,3,16,10,,,,,,
"Premium_3_45",1,45,8800,200,3,25,1,,"player_icon_propass_64_2",1,10,,
"Premium_3_46",1,46,9000,200,3,16,10,,,,,,
"Premium_3_47",1,47,9200,200,3,16,5,,,,,,
"Premium_3_48",1,48,9400,200,3,16,10,,,,,,
"Premium_3_49",1,49,9600,200,3,16,5,,,,,,
"Premium_3_50",1,50,9800,200,3,19,1,,"emoji_propass_64_5",1,10,,
"Premium_3_51",1,51,10000,200,3,16,5,,,,,,
"Premium_3_52",1,52,10200,200,3,16,10,,,,,,
"Premium_3_53",1,53,10400,200,3,16,5,,,,,,
"Premium_3_54",1,54,10600,200,3,16,10,,,,,,
"Premium_3_55",1,55,10800,200,3,19,1,,"emoji_propass_64_6",1,10,,
"Premium_3_56",1,56,11000,200,3,16,10,,,,,,
"Premium_3_57",1,57,11200,200,3,16,5,,,,,,
"Premium_3_58",1,58,11400,200,3,16,10,,,,,,
"Premium_3_59",1,59,11600,200,3,16,5,,,,,,
"Premium_3_60",1,60,11800,200,3,"PROGRESSION_SKIN_LEVEL_UP",1,,"NinjaPropassProgressionSkinLevel1",,,,
"Premium_3_61",1,61,12000,200,3,16,5,,,,,,
"Premium_3_62",1,62,12200,200,3,16,10,,,,,,
"Premium_3_63",1,63,12400,200,3,16,5,,,,,,
"Premium_3_64",1,64,12600,200,3,16,10,,,,,,
"Premium_3_65",1,65,12800,200,3,35,1,,"spray_propass_64_2",1,10,,
"Premium_3_66",1,66,13000,200,3,16,10,,,,,,
"Premium_3_67",1,67,13200,200,3,16,5,,,,,,
"Premium_3_68",1,68,13400,200,3,16,10,,,,,,
"Premium_3_69",1,69,13600,200,3,16,5,,,,,,
"Premium_3_70",1,70,13800,200,3,19,1,,"emoji_propass_64_7",1,10,,
"Premium_3_71",1,71,14000,200,3,16,5,,,,,,
"Premium_3_72",1,72,14200,200,3,16,10,,,,,,
"Premium_3_73",1,73,14400,200,3,16,5,,,,,,
"Premium_3_74",1,74,14600,200,3,16,10,,,,,,
"Premium_3_75",1,75,14800,200,3,19,1,,"emoji_propass_64_8",1,10,,
"Premium_3_76",1,76,15000,200,3,16,10,,,,,,
"Premium_3_77",1,77,15200,200,3,16,5,,,,,,
"Premium_3_78",1,78,15400,200,3,16,10,,,,,,
"Premium_3_79",1,79,15600,200,3,16,5,,,,,,
"Premium_3_80",1,80,15800,200,3,25,1,,"player_icon_propass_64_3",1,10,,
"Premium_3_81",1,81,16000,200,3,16,5,,,,,,
"Premium_3_82",1,82,16200,200,3,16,10,,,,,,
"Premium_3_83",1,83,16400,200,3,16,5,,,,,,
"Premium_3_84",1,84,16600,200,3,16,10,,,,,,
"Premium_3_85",1,85,16800,200,3,19,1,,"emoji_propass_64_champiangry",1,10,,
"Premium_3_86",1,86,17000,200,3,16,10,,,,,,
"Premium_3_87",1,87,17200,200,3,16,5,,,,,,
"Premium_3_88",1,88,17400,200,3,16,10,,,,,,
"Premium_3_89",1,89,17600,200,3,16,5,,,,,,
"Premium_3_90",1,90,17800,200,3,35,1,,"spray_propass_64_3",1,10,,
"Premium_3_91",1,91,18000,200,3,16,5,,,,,,
"Premium_3_92",1,92,18200,200,3,16,10,,,,,,
"Premium_3_93",1,93,18400,200,3,16,5,,,,,,
"Premium_3_94",1,94,18600,200,3,16,10,,,,,,
"Premium_3_95",1,95,18800,200,3,19,1,,"emoji_propass_64_champiclick",1,10,,
"Premium_3_96",1,96,19000,200,3,16,10,,,,,,
"Premium_3_97",1,97,19200,200,3,16,5,,,,,,
"Premium_3_98",1,98,19400,200,3,16,10,,,,,,
"Premium_3_99",1,99,19600,200,3,16,10,,,,,,
"Premium_3_100",1,100,19800,200,3,"PROGRESSION_SKIN_LEVEL_UP",1,,"NinjaPropassProgressionSkinLevel1",,,,
"Free_3_0",2,0,-1,1,3,"PROGRESSION_SKIN_LEVEL_UP",1,,"NinjaPropassProgressionSkinLevel1",,,,
"Free_3_1",2,1,0,200,3,49,1,,"OverchargeStar",,,,
"Free_3_2",2,2,200,200,3,49,1,,"RankedStar",,,,
"Free_3_3",2,3,400,200,3,50,1,,,,,,
"Free_3_4",2,4,600,200,3,49,1,,"RankedStar",,,,
"Free_3_5",2,5,800,200,3,49,1,5,,,,,
"Free_3_6",2,6,1000,200,3,49,1,,"RankedStar",,,,
"Free_3_7",2,7,1200,200,3,50,1,,,,,,
"Free_3_8",2,8,1400,200,3,49,1,,"RankedStar",,,,
"Free_3_9",2,9,1600,200,3,50,1,,,,,,
"Free_3_10",2,10,1800,200,3,"PROGRESSION_SKIN_LEVEL_UP",1,,"NinjaPropassProgressionSkinLevel1",,,,
"Free_3_11",2,11,2000,200,3,50,1,,,,,,
"Free_3_12",2,12,2200,200,3,49,1,,"RankedStar",,,,
"Free_3_13",2,13,2400,200,3,50,1,,,,,,
"Free_3_14",2,14,2600,200,3,16,5,,,,,,
"Free_3_15",2,15,2800,200,3,49,1,4,,,,,
"Free_3_16",2,16,3000,200,3,49,1,,"RankedStar",,,,
"Free_3_17",2,17,3200,200,3,50,1,,,,,,
"Free_3_18",2,18,3400,200,3,49,1,,"RankedStar",,,,
"Free_3_19",2,19,3600,200,3,25,1,,"player_icon_propass_64_4",,,,
"Free_3_20",2,20,3800,200,3,49,1,5,,,,,
"Free_3_21",2,21,4000,200,3,16,5,,,,,,
"Free_3_22",2,22,4200,200,3,49,1,,"RankedStar",,,,
"Free_3_23",2,23,4400,200,3,50,1,,,,,,
"Free_3_24",2,24,4600,200,3,49,1,,"RankedStar",,,,
"Free_3_25",2,25,4800,200,3,49,1,4,,,,,
"Free_3_26",2,26,5000,200,3,49,1,,"RankedStar",,,,
"Free_3_27",2,27,5200,200,3,50,1,,,,,,
"Free_3_28",2,28,5400,200,3,49,1,,"RankedStar",,,,
"Free_3_29",2,29,5600,200,3,50,1,,,,,,
"Free_3_30",2,30,5800,200,3,"PROGRESSION_SKIN_LEVEL_UP",1,,"NinjaPropassProgressionSkinLevel1",,,,
"Free_3_31",2,31,6000,200,3,50,1,,,,,,
"Free_3_32",2,32,6200,200,3,49,1,,"RankedStar",,,,
"Free_3_33",2,33,6400,200,3,50,1,,,,,,
"Free_3_34",2,34,6600,200,3,16,5,,,,,,
"Free_3_35",2,35,6800,200,3,49,1,5,,,,,
"Free_3_36",2,36,7000,200,3,49,1,,"RankedStar",,,,
"Free_3_37",2,37,7200,200,3,50,1,,,,,,
"Free_3_38",2,38,7400,200,3,49,1,,"RankedStar",,,,
"Free_3_39",2,39,7600,200,3,25,1,,"player_icon_propass_64_5",,,,
"Free_3_40",2,40,7800,200,3,49,1,5,,,,,
"Free_3_41",2,41,8000,200,3,16,5,,,,,,
"Free_3_42",2,42,8200,200,3,49,1,,"RankedStar",,,,
"Free_3_43",2,43,8400,200,3,50,1,,,,,,
"Free_3_44",2,44,8600,200,3,49,1,,"RankedStar",,,,
"Free_3_45",2,45,8800,200,3,49,1,4,,,,,
"Free_3_46",2,46,9000,200,3,49,1,,"RankedStar",,,,
"Free_3_47",2,47,9200,200,3,50,1,,,,,,
"Free_3_48",2,48,9400,200,3,49,1,,"RankedStar",,,,
"Free_3_49",2,49,9600,200,3,50,1,,,,,,
"Free_3_50",2,50,9800,200,3,49,1,5,,,,,
"Free_3_51",2,51,10000,200,3,50,1,,,,,,
"Free_3_52",2,52,10200,200,3,49,1,,"RankedStar",,,,
"Free_3_53",2,53,10400,200,3,50,1,,,,,,
"Free_3_54",2,54,10600,200,3,16,5,,,,,,
"Free_3_55",2,55,10800,200,3,49,1,4,,,,,
"Free_3_56",2,56,11000,200,3,49,1,,"RankedStar",,,,
"Free_3_57",2,57,11200,200,3,50,1,,,,,,
"Free_3_58",2,58,11400,200,3,49,1,,"RankedStar",,,,
"Free_3_59",2,59,11600,200,3,50,1,,,,,,
"Free_3_60",2,60,11800,200,3,"PROGRESSION_SKIN_LEVEL_UP",1,,"NinjaPropassProgressionSkinLevel1",,,,
"Free_3_61",2,61,12000,200,3,16,5,,,,,,
"Free_3_62",2,62,12200,200,3,49,1,,"RankedStar",,,,
"Free_3_63",2,63,12400,200,3,50,1,,,,,,
"Free_3_64",2,64,12600,200,3,49,1,,"RankedStar",,,,
"Free_3_65",2,65,12800,200,3,49,1,4,,,,,
"Free_3_66",2,66,13000,200,3,49,1,,"RankedStar",,,,
"Free_3_67",2,67,13200,200,3,50,1,,,,,,
"Free_3_68",2,68,13400,200,3,49,1,,"RankedStar",,,,
"Free_3_69",2,69,13600,200,3,50,1,,,,,,
"Free_3_70",2,70,13800,200,3,49,1,5,,,,,
"Free_3_71",2,71,14000,200,3,50,1,,,,,,
"Free_3_72",2,72,14200,200,3,49,1,,"RankedStar",,,,
"Free_3_73",2,73,14400,200,3,50,1,,,,,,
"Free_3_74",2,74,14600,200,3,16,5,,,,,,
"Free_3_75",2,75,14800,200,3,49,1,4,,,,,
"Free_3_76",2,76,15000,200,3,49,1,,"RankedStar",,,,
"Free_3_77",2,77,15200,200,3,50,1,,,,,,
"Free_3_78",2,78,15400,200,3,49,1,,"RankedStar",,,,
"Free_3_79",2,79,15600,200,3,50,1,,,,,,
"Free_3_80",2,80,15800,200,3,"PROGRESSION_SKIN_LEVEL_UP",1,,"NinjaPropassProgressionSkinLevel1",,,,
"Free_3_81",2,81,16000,200,3,16,5,,,,,,
"Free_3_82",2,82,16200,200,3,49,1,,"RankedStar",,,,
"Free_3_83",2,83,16400,200,3,50,1,,,,,,
"Free_3_84",2,84,16600,200,3,49,1,,"RankedStar",,,,
"Free_3_85",2,85,16800,200,3,49,1,4,,,,,
"Free_3_86",2,86,17000,200,3,49,1,,"RankedStar",,,,
"Free_3_87",2,87,17200,200,3,50,1,,,,,,
"Free_3_88",2,88,17400,200,3,49,1,,"RankedStar",,,,
"Free_3_89",2,89,17600,200,3,50,1,,,,,,
"Free_3_90",2,90,17800,200,3,49,1,5,,,,,
"Free_3_91",2,91,18000,200,3,19,1,,"emoji_skull_love",,,,
"Free_3_92",2,92,18200,200,3,49,1,,"RankedStar",,,,
"Free_3_93",2,93,18400,200,3,50,1,,,,,,
"Free_3_94",2,94,18600,200,3,16,5,,,,,,
"Free_3_95",2,95,18800,200,3,49,1,4,,,,,
"Free_3_96",2,96,19000,200,3,49,1,,"RankedStar",,,,
"Free_3_97",2,97,19200,200,3,50,1,,,,,,
"Free_3_98",2,98,19400,200,3,16,5,,,,,,
"Free_3_99",2,99,19600,200,3,49,1,5,,,,,
"Free_3_100",2,100,19800,200,3,"PROGRESSION_SKIN_LEVEL_UP",1,,"NinjaPropassProgressionSkinLevel1",,,,
"Tail_3",3,0,0,0,3,49,1,5,,,,,
"Premium_4_0",1,0,-1,1,4,"PROGRESSION_SKIN_LEVEL_UP",1,,"CrowRankedProgrsesionSkinLevel1",,,,
"Premium_4_1",1,1,0,200,4,1,10000,,,,,,
"Premium_4_2",1,2,200,200,4,16,10,,,,,,
"Premium_4_3",1,3,400,200,4,16,5,,,,,,
"Premium_4_4",1,4,600,200,4,16,10,,,,,,
"Premium_4_5",1,5,800,200,4,19,1,,"emoji_propass_bonfire",1,10,,
"Premium_4_6",1,6,1000,200,4,16,10,,,,,,
"Premium_4_7",1,7,1200,200,4,16,5,,,,,,
"Premium_4_8",1,8,1400,200,4,16,10,,,,,,
"Premium_4_9",1,9,1600,200,4,16,5,,,,,,
"Premium_4_10",1,10,1800,200,4,"PROGRESSION_SKIN_LEVEL_UP",1,,"CrowRankedProgrsesionSkinLevel1",,,,
"Premium_4_11",1,11,2000,200,4,16,5,,,,,,
"Premium_4_12",1,12,2200,200,4,16,10,,,,,,
"Premium_4_13",1,13,2400,200,4,16,5,,,,,,
"Premium_4_14",1,14,2600,200,4,16,10,,,,,,
"Premium_4_15",1,15,2800,200,4,35,1,,"spray_propass_66_3",1,10,,
"Premium_4_16",1,16,3000,200,4,16,10,,,,,,
"Premium_4_17",1,17,3200,200,4,16,5,,,,,,
"Premium_4_18",1,18,3400,200,4,16,10,,,,,,
"Premium_4_19",1,19,3600,200,4,16,5,,,,,,
"Premium_4_20",1,20,3800,200,4,19,1,,"emoji_propass_cards",1,10,,
"Premium_4_21",1,21,4000,200,4,16,5,,,,,,
"Premium_4_22",1,22,4200,200,4,16,10,,,,,,
"Premium_4_23",1,23,4400,200,4,16,5,,,,,,
"Premium_4_24",1,24,4600,200,4,16,10,,,,,,
"Premium_4_25",1,25,4800,200,4,25,1,,"player_icon_propass_4",1,10,,
"Premium_4_26",1,26,5000,200,4,16,10,,,,,,
"Premium_4_27",1,27,5200,200,4,16,5,,,,,,
"Premium_4_28",1,28,5400,200,4,16,10,,,,,,
"Premium_4_29",1,29,5600,200,4,16,5,,,,,,
"Premium_4_30",1,30,5800,200,4,"PROGRESSION_SKIN_LEVEL_UP",1,,"CrowRankedProgrsesionSkinLevel1",,,,
"Premium_4_31",1,31,6000,200,4,16,5,,,,,,
"Premium_4_32",1,32,6200,200,4,16,10,,,,,,
"Premium_4_33",1,33,6400,200,4,16,5,,,,,,
"Premium_4_34",1,34,6600,200,4,16,10,,,,,,
"Premium_4_35",1,35,6800,200,4,19,1,,"emoji_propass_arrow",1,10,,
"Premium_4_36",1,36,7000,200,4,16,10,,,,,,
"Premium_4_37",1,37,7200,200,4,16,5,,,,,,
"Premium_4_38",1,38,7400,200,4,16,10,,,,,,
"Premium_4_39",1,39,7600,200,4,16,5,,,,,,
"Premium_4_40",1,40,7800,200,4,19,1,,"emoji_propass_fire",1,10,,
"Premium_4_41",1,41,8000,200,4,16,5,,,,,,
"Premium_4_42",1,42,8200,200,4,16,10,,,,,,
"Premium_4_43",1,43,8400,200,4,16,5,,,,,,
"Premium_4_44",1,44,8600,200,4,16,10,,,,,,
"Premium_4_45",1,45,8800,200,4,25,1,,"player_icon_propass_3",1,10,,
"Premium_4_46",1,46,9000,200,4,16,10,,,,,,
"Premium_4_47",1,47,9200,200,4,16,5,,,,,,
"Premium_4_48",1,48,9400,200,4,16,10,,,,,,
"Premium_4_49",1,49,9600,200,4,16,5,,,,,,
"Premium_4_50",1,50,9800,200,4,19,1,,"emoji_propass_flag",1,10,,
"Premium_4_51",1,51,10000,200,4,16,5,,,,,,
"Premium_4_52",1,52,10200,200,4,16,10,,,,,,
"Premium_4_53",1,53,10400,200,4,16,5,,,,,,
"Premium_4_54",1,54,10600,200,4,16,10,,,,,,
"Premium_4_55",1,55,10800,200,4,19,1,,"emoji_propass_hammer",1,10,,
"Premium_4_56",1,56,11000,200,4,16,10,,,,,,
"Premium_4_57",1,57,11200,200,4,16,5,,,,,,
"Premium_4_58",1,58,11400,200,4,16,10,,,,,,
"Premium_4_59",1,59,11600,200,4,16,5,,,,,,
"Premium_4_60",1,60,11800,200,4,"PROGRESSION_SKIN_LEVEL_UP",1,,"CrowRankedProgrsesionSkinLevel1",,,,
"Premium_4_61",1,61,12000,200,4,16,5,,,,,,
"Premium_4_62",1,62,12200,200,4,16,10,,,,,,
"Premium_4_63",1,63,12400,200,4,16,5,,,,,,
"Premium_4_64",1,64,12600,200,4,16,10,,,,,,
"Premium_4_65",1,65,12800,200,4,35,1,,"spray_propass_whiteflag",1,10,,
"Premium_4_66",1,66,13000,200,4,16,10,,,,,,
"Premium_4_67",1,67,13200,200,4,16,5,,,,,,
"Premium_4_68",1,68,13400,200,4,16,10,,,,,,
"Premium_4_69",1,69,13600,200,4,16,5,,,,,,
"Premium_4_70",1,70,13800,200,4,19,1,,"emoji_propass_light",1,10,,
"Premium_4_71",1,71,14000,200,4,16,5,,,,,,
"Premium_4_72",1,72,14200,200,4,16,10,,,,,,
"Premium_4_73",1,73,14400,200,4,16,5,,,,,,
"Premium_4_74",1,74,14600,200,4,16,10,,,,,,
"Premium_4_75",1,75,14800,200,4,19,1,,"emoji_propass_music",1,10,,
"Premium_4_76",1,76,15000,200,4,16,10,,,,,,
"Premium_4_77",1,77,15200,200,4,16,5,,,,,,
"Premium_4_78",1,78,15400,200,4,16,10,,,,,,
"Premium_4_79",1,79,15600,200,4,16,5,,,,,,
"Premium_4_80",1,80,15800,200,4,25,1,,"player_icon_propass_1",1,10,,
"Premium_4_81",1,81,16000,200,4,16,5,,,,,,
"Premium_4_82",1,82,16200,200,4,16,10,,,,,,
"Premium_4_83",1,83,16400,200,4,16,5,,,,,,
"Premium_4_84",1,84,16600,200,4,16,10,,,,,,
"Premium_4_85",1,85,16800,200,4,19,1,,"emoji_propass_potions",1,10,,
"Premium_4_86",1,86,17000,200,4,16,10,,,,,,
"Premium_4_87",1,87,17200,200,4,16,5,,,,,,
"Premium_4_88",1,88,17400,200,4,16,10,,,,,,
"Premium_4_89",1,89,17600,200,4,16,5,,,,,,
"Premium_4_90",1,90,17800,200,4,35,1,,"spray_propass_66_4",1,10,,
"Premium_4_91",1,91,18000,200,4,16,5,,,,,,
"Premium_4_92",1,92,18200,200,4,16,10,,,,,,
"Premium_4_93",1,93,18400,200,4,16,5,,,,,,
"Premium_4_94",1,94,18600,200,4,16,10,,,,,,
"Premium_4_95",1,95,18800,200,4,19,1,,"emoji_propass_ring",1,10,,
"Premium_4_96",1,96,19000,200,4,16,10,,,,,,
"Premium_4_97",1,97,19200,200,4,16,5,,,,,,
"Premium_4_98",1,98,19400,200,4,16,10,,,,,,
"Premium_4_99",1,99,19600,200,4,16,10,,,,,,
"Premium_4_100",1,100,19800,200,4,"PROGRESSION_SKIN_LEVEL_UP",1,,"CrowRankedProgrsesionSkinLevel1",,,,
"Free_4_0",2,0,-1,1,4,"PROGRESSION_SKIN_LEVEL_UP",1,,"CrowRankedProgrsesionSkinLevel1",,,,
"Free_4_1",2,1,0,200,4,49,1,,"OverchargeStar",,,,
"Free_4_2",2,2,200,200,4,49,1,,"RankedStar",,,,
"Free_4_3",2,3,400,200,4,50,1,,,,,,
"Free_4_4",2,4,600,200,4,49,1,,"RankedStar",,,,
"Free_4_5",2,5,800,200,4,49,1,5,,,,,
"Free_4_6",2,6,1000,200,4,49,1,,"RankedStar",,,,
"Free_4_7",2,7,1200,200,4,50,1,,,,,,
"Free_4_8",2,8,1400,200,4,49,1,,"RankedStar",,,,
"Free_4_9",2,9,1600,200,4,50,1,,,,,,
"Free_4_10",2,10,1800,200,4,"PROGRESSION_SKIN_LEVEL_UP",1,,"CrowRankedProgrsesionSkinLevel1",,,,
"Free_4_11",2,11,2000,200,4,50,1,,,,,,
"Free_4_12",2,12,2200,200,4,49,1,,"RankedStar",,,,
"Free_4_13",2,13,2400,200,4,50,1,,,,,,
"Free_4_14",2,14,2600,200,4,16,5,,,,,,
"Free_4_15",2,15,2800,200,4,49,1,4,,,,,
"Free_4_16",2,16,3000,200,4,49,1,,"RankedStar",,,,
"Free_4_17",2,17,3200,200,4,50,1,,,,,,
"Free_4_18",2,18,3400,200,4,49,1,,"RankedStar",,,,
"Free_4_19",2,19,3600,200,4,35,1,,"spray_propass_66_2",,,,
"Free_4_20",2,20,3800,200,4,49,1,5,,,,,
"Free_4_21",2,21,4000,200,4,16,5,,,,,,
"Free_4_22",2,22,4200,200,4,49,1,,"RankedStar",,,,
"Free_4_23",2,23,4400,200,4,50,1,,,,,,
"Free_4_24",2,24,4600,200,4,49,1,,"RankedStar",,,,
"Free_4_25",2,25,4800,200,4,49,1,4,,,,,
"Free_4_26",2,26,5000,200,4,49,1,,"RankedStar",,,,
"Free_4_27",2,27,5200,200,4,50,1,,,,,,
"Free_4_28",2,28,5400,200,4,49,1,,"RankedStar",,,,
"Free_4_29",2,29,5600,200,4,50,1,,,,,,
"Free_4_30",2,30,5800,200,4,"PROGRESSION_SKIN_LEVEL_UP",1,,"CrowRankedProgrsesionSkinLevel1",,,,
"Free_4_31",2,31,6000,200,4,50,1,,,,,,
"Free_4_32",2,32,6200,200,4,49,1,,"RankedStar",,,,
"Free_4_33",2,33,6400,200,4,50,1,,,,,,
"Free_4_34",2,34,6600,200,4,16,5,,,,,,
"Free_4_35",2,35,6800,200,4,49,1,5,,,,,
"Free_4_36",2,36,7000,200,4,49,1,,"RankedStar",,,,
"Free_4_37",2,37,7200,200,4,50,1,,,,,,
"Free_4_38",2,38,7400,200,4,49,1,,"RankedStar",,,,
"Free_4_39",2,39,7600,200,4,25,1,,"player_icon_propass_free_2",,,,
"Free_4_40",2,40,7800,200,4,49,1,5,,,,,
"Free_4_41",2,41,8000,200,4,16,5,,,,,,
"Free_4_42",2,42,8200,200,4,49,1,,"RankedStar",,,,
"Free_4_43",2,43,8400,200,4,50,1,,,,,,
"Free_4_44",2,44,8600,200,4,49,1,,"RankedStar",,,,
"Free_4_45",2,45,8800,200,4,49,1,4,,,,,
"Free_4_46",2,46,9000,200,4,49,1,,"RankedStar",,,,
"Free_4_47",2,47,9200,200,4,50,1,,,,,,
"Free_4_48",2,48,9400,200,4,49,1,,"RankedStar",,,,
"Free_4_49",2,49,9600,200,4,50,1,,,,,,
"Free_4_50",2,50,9800,200,4,49,1,5,,,,,
"Free_4_51",2,51,10000,200,4,50,1,,,,,,
"Free_4_52",2,52,10200,200,4,49,1,,"RankedStar",,,,
"Free_4_53",2,53,10400,200,4,50,1,,,,,,
"Free_4_54",2,54,10600,200,4,16,5,,,,,,
"Free_4_55",2,55,10800,200,4,49,1,4,,,,,
"Free_4_56",2,56,11000,200,4,49,1,,"RankedStar",,,,
"Free_4_57",2,57,11200,200,4,50,1,,,,,,
"Free_4_58",2,58,11400,200,4,49,1,,"RankedStar",,,,
"Free_4_59",2,59,11600,200,4,50,1,,,,,,
"Free_4_60",2,60,11800,200,4,"PROGRESSION_SKIN_LEVEL_UP",1,,"CrowRankedProgrsesionSkinLevel1",,,,
"Free_4_61",2,61,12000,200,4,16,5,,,,,,
"Free_4_62",2,62,12200,200,4,49,1,,"RankedStar",,,,
"Free_4_63",2,63,12400,200,4,50,1,,,,,,
"Free_4_64",2,64,12600,200,4,49,1,,"RankedStar",,,,
"Free_4_65",2,65,12800,200,4,49,1,4,,,,,
"Free_4_66",2,66,13000,200,4,49,1,,"RankedStar",,,,
"Free_4_67",2,67,13200,200,4,50,1,,,,,,
"Free_4_68",2,68,13400,200,4,49,1,,"RankedStar",,,,
"Free_4_69",2,69,13600,200,4,50,1,,,,,,
"Free_4_70",2,70,13800,200,4,49,1,5,,,,,
"Free_4_71",2,71,14000,200,4,50,1,,,,,,
"Free_4_72",2,72,14200,200,4,49,1,,"RankedStar",,,,
"Free_4_73",2,73,14400,200,4,50,1,,,,,,
"Free_4_74",2,74,14600,200,4,16,5,,,,,,
"Free_4_75",2,75,14800,200,4,49,1,4,,,,,
"Free_4_76",2,76,15000,200,4,49,1,,"RankedStar",,,,
"Free_4_77",2,77,15200,200,4,50,1,,,,,,
"Free_4_78",2,78,15400,200,4,49,1,,"RankedStar",,,,
"Free_4_79",2,79,15600,200,4,50,1,,,,,,
"Free_4_80",2,80,15800,200,4,"PROGRESSION_SKIN_LEVEL_UP",1,,"CrowRankedProgrsesionSkinLevel1",,,,
"Free_4_81",2,81,16000,200,4,16,5,,,,,,
"Free_4_82",2,82,16200,200,4,49,1,,"RankedStar",,,,
"Free_4_83",2,83,16400,200,4,50,1,,,,,,
"Free_4_84",2,84,16600,200,4,49,1,,"RankedStar",,,,
"Free_4_85",2,85,16800,200,4,49,1,4,,,,,
"Free_4_86",2,86,17000,200,4,49,1,,"RankedStar",,,,
"Free_4_87",2,87,17200,200,4,50,1,,,,,,
"Free_4_88",2,88,17400,200,4,49,1,,"RankedStar",,,,
"Free_4_89",2,89,17600,200,4,50,1,,,,,,
"Free_4_90",2,90,17800,200,4,49,1,5,,,,,
"Free_4_91",2,91,18000,200,4,19,1,,"emoji_propass_map",,,,
"Free_4_92",2,92,18200,200,4,49,1,,"RankedStar",,,,
"Free_4_93",2,93,18400,200,4,50,1,,,,,,
"Free_4_94",2,94,18600,200,4,16,5,,,,,,
"Free_4_95",2,95,18800,200,4,49,1,4,,,,,
"Free_4_96",2,96,19000,200,4,49,1,,"RankedStar",,,,
"Free_4_97",2,97,19200,200,4,50,1,,,,,,
"Free_4_98",2,98,19400,200,4,16,5,,,,,,
"Free_4_99",2,99,19600,200,4,49,1,5,,,,,
"Free_4_100",2,100,19800,200,4,"PROGRESSION_SKIN_LEVEL_UP",1,,"CrowRankedProgrsesionSkinLevel1",,,,
"Tail_4",3,0,0,0,4,49,1,5,,,,,
"Premium_5_0",1,0,-1,1,5,"PROGRESSION_SKIN_LEVEL_UP",1,,"RocketGirlRankedProgrsesionSkinLevel1",,,,
"Premium_5_1",1,1,0,200,5,1,10000,,,,,,
"Premium_5_2",1,2,200,200,5,16,10,,,,,,
"Premium_5_3",1,3,400,200,5,16,5,,,,,,
"Premium_5_4",1,4,600,200,5,16,10,,,,,,
"Premium_5_5",1,5,800,200,5,19,1,,"emoji_propass_tempura",1,10,,
"Premium_5_6",1,6,1000,200,5,16,10,,,,,,
"Premium_5_7",1,7,1200,200,5,16,5,,,,,,
"Premium_5_8",1,8,1400,200,5,16,10,,,,,,
"Premium_5_9",1,9,1600,200,5,16,5,,,,,,
"Premium_5_10",1,10,1800,200,5,"PROGRESSION_SKIN_LEVEL_UP",1,,"RocketGirlRankedProgrsesionSkinLevel1",,,,
"Premium_5_11",1,11,2000,200,5,16,5,,,,,,
"Premium_5_12",1,12,2200,200,5,16,10,,,,,,
"Premium_5_13",1,13,2400,200,5,16,5,,,,,,
"Premium_5_14",1,14,2600,200,5,16,10,,,,,,
"Premium_5_15",1,15,2800,200,5,35,1,,"spray_propass_68_2",1,10,,
"Premium_5_16",1,16,3000,200,5,16,10,,,,,,
"Premium_5_17",1,17,3200,200,5,16,5,,,,,,
"Premium_5_18",1,18,3400,200,5,16,10,,,,,,
"Premium_5_19",1,19,3600,200,5,16,5,,,,,,
"Premium_5_20",1,20,3800,200,5,19,1,,"emoji_propass_fan",1,10,,
"Premium_5_21",1,21,4000,200,5,16,5,,,,,,
"Premium_5_22",1,22,4200,200,5,16,10,,,,,,
"Premium_5_23",1,23,4400,200,5,16,5,,,,,,
"Premium_5_24",1,24,4600,200,5,16,10,,,,,,
"Premium_5_25",1,25,4800,200,5,25,1,,"player_icon_propass_68_1",1,10,,
"Premium_5_26",1,26,5000,200,5,16,10,,,,,,
"Premium_5_27",1,27,5200,200,5,16,5,,,,,,
"Premium_5_28",1,28,5400,200,5,16,10,,,,,,
"Premium_5_29",1,29,5600,200,5,16,5,,,,,,
"Premium_5_30",1,30,5800,200,5,"PROGRESSION_SKIN_LEVEL_UP",1,,"RocketGirlRankedProgrsesionSkinLevel1",,,,
"Premium_5_31",1,31,6000,200,5,16,5,,,,,,
"Premium_5_32",1,32,6200,200,5,16,10,,,,,,
"Premium_5_33",1,33,6400,200,5,16,5,,,,,,
"Premium_5_34",1,34,6600,200,5,16,10,,,,,,
"Premium_5_35",1,35,6800,200,5,19,1,,"emoji_propass_windbell",1,10,,
"Premium_5_36",1,36,7000,200,5,16,10,,,,,,
"Premium_5_37",1,37,7200,200,5,16,5,,,,,,
"Premium_5_38",1,38,7400,200,5,16,10,,,,,,
"Premium_5_39",1,39,7600,200,5,16,5,,,,,,
"Premium_5_40",1,40,7800,200,5,19,1,,"emoji_propass_ice",1,10,,
"Premium_5_41",1,41,8000,200,5,16,5,,,,,,
"Premium_5_42",1,42,8200,200,5,16,10,,,,,,
"Premium_5_43",1,43,8400,200,5,16,5,,,,,,
"Premium_5_44",1,44,8600,200,5,16,10,,,,,,
"Premium_5_45",1,45,8800,200,5,25,1,,"player_icon_propass_68_2",1,10,,
"Premium_5_46",1,46,9000,200,5,16,10,,,,,,
"Premium_5_47",1,47,9200,200,5,16,5,,,,,,
"Premium_5_48",1,48,9400,200,5,16,10,,,,,,
"Premium_5_49",1,49,9600,200,5,16,5,,,,,,
"Premium_5_50",1,50,9800,200,5,19,1,,"emoji_propass_luckybag",1,10,,
"Premium_5_51",1,51,10000,200,5,16,5,,,,,,
"Premium_5_52",1,52,10200,200,5,16,10,,,,,,
"Premium_5_53",1,53,10400,200,5,16,5,,,,,,
"Premium_5_54",1,54,10600,200,5,16,10,,,,,,
"Premium_5_55",1,55,10800,200,5,19,1,,"emoji_propass_match",1,10,,
"Premium_5_56",1,56,11000,200,5,16,10,,,,,,
"Premium_5_57",1,57,11200,200,5,16,5,,,,,,
"Premium_5_58",1,58,11400,200,5,16,10,,,,,,
"Premium_5_59",1,59,11600,200,5,16,5,,,,,,
"Premium_5_60",1,60,11800,200,5,"PROGRESSION_SKIN_LEVEL_UP",1,,"RocketGirlRankedProgrsesionSkinLevel1",,,,
"Premium_5_61",1,61,12000,200,5,16,5,,,,,,
"Premium_5_62",1,62,12200,200,5,16,10,,,,,,
"Premium_5_63",1,63,12400,200,5,16,5,,,,,,
"Premium_5_64",1,64,12600,200,5,16,10,,,,,,
"Premium_5_65",1,65,12800,200,5,35,1,,"spray_propass_68_3",1,10,,
"Premium_5_66",1,66,13000,200,5,16,10,,,,,,
"Premium_5_67",1,67,13200,200,5,16,5,,,,,,
"Premium_5_68",1,68,13400,200,5,16,10,,,,,,
"Premium_5_69",1,69,13600,200,5,16,5,,,,,,
"Premium_5_70",1,70,13800,200,5,19,1,,"emoji_propass_pill",1,10,,
"Premium_5_71",1,71,14000,200,5,16,5,,,,,,
"Premium_5_72",1,72,14200,200,5,16,10,,,,,,
"Premium_5_73",1,73,14400,200,5,16,5,,,,,,
"Premium_5_74",1,74,14600,200,5,16,10,,,,,,
"Premium_5_75",1,75,14800,200,5,19,1,,"emoji_propass_goggle",1,10,,
"Premium_5_76",1,76,15000,200,5,16,10,,,,,,
"Premium_5_77",1,77,15200,200,5,16,5,,,,,,
"Premium_5_78",1,78,15400,200,5,16,10,,,,,,
"Premium_5_79",1,79,15600,200,5,16,5,,,,,,
"Premium_5_80",1,80,15800,200,5,25,1,,"player_icon_propass_68_3",1,10,,
"Premium_5_81",1,81,16000,200,5,16,5,,,,,,
"Premium_5_82",1,82,16200,200,5,16,10,,,,,,
"Premium_5_83",1,83,16400,200,5,16,5,,,,,,
"Premium_5_84",1,84,16600,200,5,16,10,,,,,,
"Premium_5_85",1,85,16800,200,5,19,1,,"emoji_propass_open",1,10,,
"Premium_5_86",1,86,17000,200,5,16,10,,,,,,
"Premium_5_87",1,87,17200,200,5,16,5,,,,,,
"Premium_5_88",1,88,17400,200,5,16,10,,,,,,
"Premium_5_89",1,89,17600,200,5,16,5,,,,,,
"Premium_5_90",1,90,17800,200,5,35,1,,"spray_propass_68_4",1,10,,
"Premium_5_91",1,91,18000,200,5,16,5,,,,,,
"Premium_5_92",1,92,18200,200,5,16,10,,,,,,
"Premium_5_93",1,93,18400,200,5,16,5,,,,,,
"Premium_5_94",1,94,18600,200,5,16,10,,,,,,
"Premium_5_95",1,95,18800,200,5,19,1,,"emoji_propass_energy",1,10,,
"Premium_5_96",1,96,19000,200,5,16,10,,,,,,
"Premium_5_97",1,97,19200,200,5,16,5,,,,,,
"Premium_5_98",1,98,19400,200,5,16,10,,,,,,
"Premium_5_99",1,99,19600,200,5,16,10,,,,,,
"Premium_5_100",1,100,19800,200,5,"PROGRESSION_SKIN_LEVEL_UP",1,,"RocketGirlRankedProgrsesionSkinLevel1",,,,
"Free_5_0",2,0,-1,1,5,"PROGRESSION_SKIN_LEVEL_UP",1,,"RocketGirlRankedProgrsesionSkinLevel1",,,,
"Free_5_1",2,1,0,200,5,49,1,,"OverchargeStar",,,,
"Free_5_2",2,2,200,200,5,49,1,,"RankedStar",,,,
"Free_5_3",2,3,400,200,5,50,1,,,,,,
"Free_5_4",2,4,600,200,5,49,1,,"RankedStar",,,,
"Free_5_5",2,5,800,200,5,49,1,5,,,,,
"Free_5_6",2,6,1000,200,5,49,1,,"RankedStar",,,,
"Free_5_7",2,7,1200,200,5,50,1,,,,,,
"Free_5_8",2,8,1400,200,5,49,1,,"RankedStar",,,,
"Free_5_9",2,9,1600,200,5,50,1,,,,,,
"Free_5_10",2,10,1800,200,5,"PROGRESSION_SKIN_LEVEL_UP",1,,"RocketGirlRankedProgrsesionSkinLevel1",,,,
"Free_5_11",2,11,2000,200,5,50,1,,,,,,
"Free_5_12",2,12,2200,200,5,49,1,,"RankedStar",,,,
"Free_5_13",2,13,2400,200,5,50,1,,,,,,
"Free_5_14",2,14,2600,200,5,16,5,,,,,,
"Free_5_15",2,15,2800,200,5,49,1,4,,,,,
"Free_5_16",2,16,3000,200,5,49,1,,"RankedStar",,,,
"Free_5_17",2,17,3200,200,5,50,1,,,,,,
"Free_5_18",2,18,3400,200,5,49,1,,"RankedStar",,,,
"Free_5_19",2,19,3600,200,5,35,1,,"spray_propass_68_1",,,,
"Free_5_20",2,20,3800,200,5,49,1,5,,,,,
"Free_5_21",2,21,4000,200,5,16,5,,,,,,
"Free_5_22",2,22,4200,200,5,49,1,,"RankedStar",,,,
"Free_5_23",2,23,4400,200,5,50,1,,,,,,
"Free_5_24",2,24,4600,200,5,49,1,,"RankedStar",,,,
"Free_5_25",2,25,4800,200,5,49,1,4,,,,,
"Free_5_26",2,26,5000,200,5,49,1,,"RankedStar",,,,
"Free_5_27",2,27,5200,200,5,50,1,,,,,,
"Free_5_28",2,28,5400,200,5,49,1,,"RankedStar",,,,
"Free_5_29",2,29,5600,200,5,50,1,,,,,,
"Free_5_30",2,30,5800,200,5,"PROGRESSION_SKIN_LEVEL_UP",1,,"RocketGirlRankedProgrsesionSkinLevel1",,,,
"Free_5_31",2,31,6000,200,5,50,1,,,,,,
"Free_5_32",2,32,6200,200,5,49,1,,"RankedStar",,,,
"Free_5_33",2,33,6400,200,5,50,1,,,,,,
"Free_5_34",2,34,6600,200,5,16,5,,,,,,
"Free_5_35",2,35,6800,200,5,49,1,5,,,,,
"Free_5_36",2,36,7000,200,5,49,1,,"RankedStar",,,,
"Free_5_37",2,37,7200,200,5,50,1,,,,,,
"Free_5_38",2,38,7400,200,5,49,1,,"RankedStar",,,,
"Free_5_39",2,39,7600,200,5,25,1,,"player_icon_propass_68_4",,,,
"Free_5_40",2,40,7800,200,5,49,1,5,,,,,
"Free_5_41",2,41,8000,200,5,16,5,,,,,,
"Free_5_42",2,42,8200,200,5,49,1,,"RankedStar",,,,
"Free_5_43",2,43,8400,200,5,50,1,,,,,,
"Free_5_44",2,44,8600,200,5,49,1,,"RankedStar",,,,
"Free_5_45",2,45,8800,200,5,49,1,4,,,,,
"Free_5_46",2,46,9000,200,5,49,1,,"RankedStar",,,,
"Free_5_47",2,47,9200,200,5,50,1,,,,,,
"Free_5_48",2,48,9400,200,5,49,1,,"RankedStar",,,,
"Free_5_49",2,49,9600,200,5,50,1,,,,,,
"Free_5_50",2,50,9800,200,5,49,1,5,,,,,
"Free_5_51",2,51,10000,200,5,50,1,,,,,,
"Free_5_52",2,52,10200,200,5,49,1,,"RankedStar",,,,
"Free_5_53",2,53,10400,200,5,50,1,,,,,,
"Free_5_54",2,54,10600,200,5,16,5,,,,,,
"Free_5_55",2,55,10800,200,5,49,1,4,,,,,
"Free_5_56",2,56,11000,200,5,49,1,,"RankedStar",,,,
"Free_5_57",2,57,11200,200,5,50,1,,,,,,
"Free_5_58",2,58,11400,200,5,49,1,,"RankedStar",,,,
"Free_5_59",2,59,11600,200,5,50,1,,,,,,
"Free_5_60",2,60,11800,200,5,"PROGRESSION_SKIN_LEVEL_UP",1,,"RocketGirlRankedProgrsesionSkinLevel1",,,,
"Free_5_61",2,61,12000,200,5,16,5,,,,,,
"Free_5_62",2,62,12200,200,5,49,1,,"RankedStar",,,,
"Free_5_63",2,63,12400,200,5,50,1,,,,,,
"Free_5_64",2,64,12600,200,5,49,1,,"RankedStar",,,,
"Free_5_65",2,65,12800,200,5,49,1,4,,,,,
"Free_5_66",2,66,13000,200,5,49,1,,"RankedStar",,,,
"Free_5_67",2,67,13200,200,5,50,1,,,,,,
"Free_5_68",2,68,13400,200,5,49,1,,"RankedStar",,,,
"Free_5_69",2,69,13600,200,5,50,1,,,,,,
"Free_5_70",2,70,13800,200,5,49,1,5,,,,,
"Free_5_71",2,71,14000,200,5,50,1,,,,,,
"Free_5_72",2,72,14200,200,5,49,1,,"RankedStar",,,,
"Free_5_73",2,73,14400,200,5,50,1,,,,,,
"Free_5_74",2,74,14600,200,5,16,5,,,,,,
"Free_5_75",2,75,14800,200,5,49,1,4,,,,,
"Free_5_76",2,76,15000,200,5,49,1,,"RankedStar",,,,
"Free_5_77",2,77,15200,200,5,50,1,,,,,,
"Free_5_78",2,78,15400,200,5,49,1,,"RankedStar",,,,
"Free_5_79",2,79,15600,200,5,50,1,,,,,,
"Free_5_80",2,80,15800,200,5,"PROGRESSION_SKIN_LEVEL_UP",1,,"RocketGirlRankedProgrsesionSkinLevel1",,,,
"Free_5_81",2,81,16000,200,5,16,5,,,,,,
"Free_5_82",2,82,16200,200,5,49,1,,"RankedStar",,,,
"Free_5_83",2,83,16400,200,5,50,1,,,,,,
"Free_5_84",2,84,16600,200,5,49,1,,"RankedStar",,,,
"Free_5_85",2,85,16800,200,5,49,1,4,,,,,
"Free_5_86",2,86,17000,200,5,49,1,,"RankedStar",,,,
"Free_5_87",2,87,17200,200,5,50,1,,,,,,
"Free_5_88",2,88,17400,200,5,49,1,,"RankedStar",,,,
"Free_5_89",2,89,17600,200,5,50,1,,,,,,
"Free_5_90",2,90,17800,200,5,49,1,5,,,,,
"Free_5_91",2,91,18000,200,5,19,1,,"emoji_propass_fox_free",,,,
"Free_5_92",2,92,18200,200,5,49,1,,"RankedStar",,,,
"Free_5_93",2,93,18400,200,5,50,1,,,,,,
"Free_5_94",2,94,18600,200,5,16,5,,,,,,
"Free_5_95",2,95,18800,200,5,49,1,4,,,,,
"Free_5_96",2,96,19000,200,5,49,1,,"RankedStar",,,,
"Free_5_97",2,97,19200,200,5,50,1,,,,,,
"Free_5_98",2,98,19400,200,5,16,5,,,,,,
"Free_5_99",2,99,19600,200,5,49,1,5,,,,,
"Free_5_100",2,100,19800,200,5,"PROGRESSION_SKIN_LEVEL_UP",1,,"RocketGirlRankedProgrsesionSkinLevel1",,,,
"Tail_5",3,0,0,0,5,49,1,5,,,,,
