"Name","PoolTickets","Disabled","Skins","DiscountPercentage","DropRate","TID"
"string","int","Boolean","string","int","int","string"
"Pool1",100,,"TrickshotDudeAprilFools",0,50,
,,,"TrickshotDudeAprilFools",10,30,
,,,"TrickshotDudeAprilFools",20,20,
,,,"GeishaSteamPunk",0,50,
,,,"GeishaSteamPunk",10,30,
,,,"GeishaSteamPunk",20,20,
,,,"AmbusherFantasy",0,50,
,,,"AmbusherFantasy",10,30,
,,,"AmbusherFantasy",20,20,
,,,"EnragerKaijuChroma1",0,50,
,,,"EnragerKaijuChroma1",10,30,
,,,"EnragerKaijuChroma1",20,20,
,,,"EnragerKaijuChroma2",0,50,
,,,"EnragerKaijuChroma2",10,30,
,,,"EnragerKaijuChroma2",20,20,
,,,"EnragerKaiju",0,50,
,,,"EnragerKaiju",10,30,
,,,"EnragerKaiju",20,20,
,,,"PowerLevelerPorcelain",0,50,
,,,"PowerLevelerPorcelain",10,30,
,,,"PowerLevelerPorcelain",20,20,
,,,"CrowHarvest",0,50,
,,,"CrowHarvest",10,30,
,,,"CrowHarvest",20,20,
,,,"RocketGirlSteamPunk",0,50,
,,,"RocketGirlSteamPunk",10,30,
,,,"RocketGirlSteamPunk",20,20,
,,,"PercenterKaiju",0,50,
,,,"PercenterKaiju",10,30,
,,,"PercenterKaiju",20,20,
,,,"ChronomancerKaiju",0,50,
,,,"ChronomancerKaiju",10,30,
,,,"ChronomancerKaiju",20,20,
,,,"MechanicMecha",0,50,
,,,"MechanicMecha",10,30,
,,,"MechanicMecha",20,20,
,,,"BaseballVillain",0,50,
,,,"BaseballVillain",10,30,
,,,"BaseballVillain",20,20,
,,,"BaseballVillainChromaBlue",0,50,
,,,"BaseballVillainChromaBlue",10,30,
,,,"BaseballVillainChromaBlue",20,20,
,,,"BaseballVillainChromaPink",0,50,
,,,"BaseballVillainChromaPink",10,30,
,,,"BaseballVillainChromaPink",20,20,
,,,"BeamerCarnival",0,50,
,,,"BeamerCarnival",10,30,
,,,"BeamerCarnival",20,20,
,,,"AssaultShotgunKaiju",0,50,
,,,"AssaultShotgunKaiju",10,30,
,,,"AssaultShotgunKaiju",20,20,
,,,"SandstormGreekGod",0,50,
,,,"SandstormGreekGod",10,30,
,,,"SandstormGreekGod",20,20,
,,,"StickyBombSandsOfTimes",0,50,
,,,"StickyBombSandsOfTimes",10,30,
,,,"StickyBombSandsOfTimes",20,20,
,,,"SniperJapanChromaBlue",0,50,
,,,"SniperJapanChromaBlue",10,30,
,,,"SniperJapanChromaBlue",20,20,
,,,"SniperJapanChromaGreen",0,50,
,,,"SniperJapanChromaGreen",10,30,
,,,"SniperJapanChromaGreen",20,20,
,,,"SniperJapan",0,50,
,,,"SniperJapan",10,30,
,,,"SniperJapan",20,20,
,,,"HammerDudeSandsOfTimes",0,50,
,,,"HammerDudeSandsOfTimes",10,30,
,,,"HammerDudeSandsOfTimes",20,20,
,,,"HammerDudeSandsOfTimesDark",0,50,
,,,"HammerDudeSandsOfTimesDark",10,30,
,,,"HammerDudeSandsOfTimesDark",20,20,
,,,"HammerDudeSandsOfTimesLight",0,50,
,,,"HammerDudeSandsOfTimesLight",10,30,
,,,"HammerDudeSandsOfTimesLight",20,20,
,,,"GunslingerDarkAngelChroma",0,50,
,,,"GunslingerDarkAngelChroma",10,30,
,,,"GunslingerDarkAngelChroma",20,20,
,,,"DuelistToon",0,50,
,,,"DuelistToon",10,30,
,,,"DuelistToon",20,20,
,,,"MummyDemon",0,50,
,,,"MummyDemon",10,30,
,,,"MummyDemon",20,20,
,,,"SniperGreek",0,50,
,,,"SniperGreek",10,30,
,,,"SniperGreek",20,20,
,,,"EnragerThief",0,50,
,,,"EnragerThief",10,30,
,,,"EnragerThief",20,20,
,,,"PercenterChromaDemonRed",0,50,
,,,"PercenterChromaDemonRed",10,30,
,,,"PercenterChromaDemonRed",20,20,
,,,"CrossBomberSupercellMake",0,50,
,,,"CrossBomberSupercellMake",10,30,
,,,"CrossBomberSupercellMake",20,20,
,,,"RopeDudeGoodRandoms",0,50,
,,,"RopeDudeGoodRandoms",10,30,
,,,"RopeDudeGoodRandoms",20,20,
,,,"DrillerFantasy",0,50,
,,,"DrillerFantasy",10,30,
,,,"DrillerFantasy",20,20,
,,,"NinjaMecha",0,50,
,,,"NinjaMecha",10,30,
,,,"NinjaMecha",20,20,
,,,"GhostBrawlentine",0,50,
,,,"GhostBrawlentine",10,30,
,,,"GhostBrawlentine",20,20,
,,,"ReviverFantasy",0,50,
,,,"ReviverFantasy",10,30,
,,,"ReviverFantasy",20,20,
,,,"Fury199GemChroma1",0,50,
,,,"Fury199GemChroma1",10,30,
,,,"Fury199GemChroma1",20,20,
,,,"Fury199GemChroma2",0,50,
,,,"Fury199GemChroma2",10,30,
,,,"Fury199GemChroma2",20,20,
,,,"Fury199Gem",0,50,
,,,"Fury199Gem",10,30,
,,,"Fury199Gem",20,20,
,,,"EnragerMecha",0,50,
,,,"EnragerMecha",10,30,
,,,"EnragerMecha",20,20,
,,,"IceDudeToon",0,50,
,,,"IceDudeToon",10,30,
,,,"IceDudeToon",20,20,
,,,"KickerDudeVirus",0,50,
,,,"KickerDudeVirus",10,30,
,,,"KickerDudeVirus",20,20,
,,,"BaseballThor",0,50,
,,,"BaseballThor",10,30,
,,,"BaseballThor",20,20,
,,,"ElectroSniperFantasy",0,50,
,,,"ElectroSniperFantasy",10,30,
,,,"ElectroSniperFantasy",20,20,
,,,"Cactuscartoon",0,50,
,,,"Cactuscartoon",10,30,
,,,"Cactuscartoon",20,20,
,,,"LeaperKaiju",0,50,
,,,"LeaperKaiju",10,30,
,,,"LeaperKaiju",20,20,
,,,"LuchadorCarreta",0,50,
,,,"LuchadorCarreta",10,30,
,,,"LuchadorCarreta",20,20,
,,,"CactusPoop",0,50,
,,,"CactusPoop",10,30,
,,,"CactusPoop",20,20,
,,,"GunslingerMecha",0,50,
,,,"GunslingerMecha",10,30,
,,,"GunslingerMecha",20,20,
,,,"MinigunDudeAprilFools",0,50,
,,,"MinigunDudeAprilFools",10,30,
,,,"MinigunDudeAprilFools",20,20,
,,,"MummyGreekRed",0,50,
,,,"MummyGreekRed",10,30,
,,,"MummyGreekRed",20,20,
,,,"MummyGreekBlue",0,50,
,,,"MummyGreekBlue",10,30,
,,,"MummyGreekBlue",20,20,
,,,"MummyGreek",0,50,
,,,"MummyGreek",10,30,
,,,"MummyGreek",20,20,
,,,"CactusCarreta",0,50,
,,,"CactusCarreta",10,30,
,,,"CactusCarreta",20,20,
,,,"SamuraiStarrForceChroma2",0,50,
,,,"SamuraiStarrForceChroma2",10,30,
,,,"SamuraiStarrForceChroma2",20,20,
,,,"SamuraiStarrForceChroma1",0,50,
,,,"SamuraiStarrForceChroma1",10,30,
,,,"SamuraiStarrForceChroma1",20,20,
,,,"SamuraiStarrForce",0,50,
,,,"SamuraiStarrForce",10,30,
,,,"SamuraiStarrForce",20,20,
,,,"BeamerOnceupon",0,50,
,,,"BeamerOnceupon",10,30,
,,,"BeamerOnceupon",20,20,
,,,"Bulletstorm199GemChroma1",0,50,
,,,"Bulletstorm199GemChroma1",10,30,
,,,"Bulletstorm199GemChroma1",20,20,
,,,"PowerLevelerOnceupon_Gold",0,50,
,,,"PowerLevelerOnceupon_Gold",10,30,
,,,"PowerLevelerOnceupon_Gold",20,20,
,,,"PowerLevelerOnceupon",0,50,
,,,"PowerLevelerOnceupon",10,30,
,,,"PowerLevelerOnceupon",20,20,
,,,"PowerLevelerOnceupon_Red",0,50,
,,,"PowerLevelerOnceupon_Red",10,30,
,,,"PowerLevelerOnceupon_Red",20,20,
,,,"DragonRiderOnceupon",0,50,
,,,"DragonRiderOnceupon",10,30,
,,,"DragonRiderOnceupon",20,20,
"Pool2",90,,"SniperCarnival",0,30,
,,,"SniperCarnival",10,30,
,,,"SniperCarnival",20,30,
,,,"SniperCarnival",30,10,
,,,"AmbusherAngel",0,30,
,,,"AmbusherAngel",10,30,
,,,"AmbusherAngel",20,30,
,,,"AmbusherAngel",30,10,
,,,"DrillerDeepsea",0,30,
,,,"DrillerDeepsea",10,30,
,,,"DrillerDeepsea",20,30,
,,,"DrillerDeepsea",30,10,
,,,"StickyBombBrawlentine",0,30,
,,,"StickyBombBrawlentine",10,30,
,,,"StickyBombBrawlentine",20,30,
,,,"StickyBombBrawlentine",30,10,
,,,"Bulletstorm199Gem",0,30,
,,,"Bulletstorm199Gem",10,30,
,,,"Bulletstorm199Gem",20,30,
,,,"Bulletstorm199Gem",30,10,
,,,"BeeSniperVirus",0,30,
,,,"BeeSniperVirus",10,30,
,,,"BeeSniperVirus",20,30,
,,,"BeeSniperVirus",30,10,
,,,"MechanicSkadi",0,30,
,,,"MechanicSkadi",10,30,
,,,"MechanicSkadi",20,30,
,,,"MechanicSkadi",30,10,
,,,"MaisieToonChroma2",0,30,
,,,"MaisieToonChroma2",10,30,
,,,"MaisieToonChroma2",20,30,
,,,"MaisieToonChroma2",30,10,
,,,"MaisieToon",0,30,
,,,"MaisieToon",10,30,
,,,"MaisieToon",20,30,
,,,"MaisieToon",30,10,
,,,"MaisieToonChroma1",0,30,
,,,"MaisieToonChroma1",10,30,
,,,"MaisieToonChroma1",20,30,
,,,"MaisieToonChroma1",30,10,
,,,"SpeedyAngel",0,30,
,,,"SpeedyAngel",10,30,
,,,"SpeedyAngel",20,30,
,,,"SpeedyAngel",30,10,
,,,"KickerDudeMake",0,30,
,,,"KickerDudeMake",10,30,
,,,"KickerDudeMake",20,30,
,,,"KickerDudeMake",30,10,
,,,"AxeJugglerGoodRandomsChroma1",0,30,
,,,"AxeJugglerGoodRandomsChroma1",10,30,
,,,"AxeJugglerGoodRandomsChroma1",20,30,
,,,"AxeJugglerGoodRandomsChroma1",30,10,
,,,"AxeJugglerGoodRandoms",0,30,
,,,"AxeJugglerGoodRandoms",10,30,
,,,"AxeJugglerGoodRandoms",20,30,
,,,"AxeJugglerGoodRandoms",30,10,
,,,"UndertakerMecha",0,30,
,,,"UndertakerMecha",10,30,
,,,"UndertakerMecha",20,30,
,,,"UndertakerMecha",30,10,
,,,"AxeJugglerGoodRandomsChroma2",0,30,
,,,"AxeJugglerGoodRandomsChroma2",10,30,
,,,"AxeJugglerGoodRandomsChroma2",20,30,
,,,"AxeJugglerGoodRandomsChroma2",30,10,
,,,"SilencerDemon",0,30,
,,,"SilencerDemon",10,30,
,,,"SilencerDemon",20,30,
,,,"SilencerDemon",30,10,
,,,"JesterBrawlAcademy",0,30,
,,,"JesterBrawlAcademy",10,30,
,,,"JesterBrawlAcademy",20,30,
,,,"JesterBrawlAcademy",30,10,
,,,"Bulletstorm199GemChroma2",0,30,
,,,"Bulletstorm199GemChroma2",10,30,
,,,"Bulletstorm199GemChroma2",20,30,
,,,"Bulletstorm199GemChroma2",30,10,
,,,"BaseballPirate",0,30,
,,,"BaseballPirate",10,30,
,,,"BaseballPirate",20,30,
,,,"BaseballPirate",30,10,
,,,"DeadMariachiorigins",0,30,
,,,"DeadMariachiorigins",10,30,
,,,"DeadMariachiorigins",20,30,
,,,"DeadMariachiorigins",30,10,
,,,"ShotgunGirlDancerBlue",0,30,
,,,"ShotgunGirlDancerBlue",10,30,
,,,"ShotgunGirlDancerBlue",20,30,
,,,"ShotgunGirlDancerBlue",30,10,
,,,"ShotgunGirlDancerPurple",0,30,
,,,"ShotgunGirlDancerPurple",10,30,
,,,"ShotgunGirlDancerPurple",20,30,
,,,"ShotgunGirlDancerPurple",30,10,
,,,"ShotgunGirlDancer",0,30,
,,,"ShotgunGirlDancer",10,30,
,,,"ShotgunGirlDancer",20,30,
,,,"ShotgunGirlDancer",30,10,
,,,"RollerGoodRandoms",0,30,
,,,"RollerGoodRandoms",10,30,
,,,"RollerGoodRandoms",20,30,
,,,"RollerGoodRandoms",30,10,
,,,"RollerUniversity",0,30,
,,,"RollerUniversity",10,30,
,,,"RollerUniversity",20,30,
,,,"RollerUniversity",30,10,
,,,"CrowVulture",0,30,
,,,"CrowVulture",10,30,
,,,"CrowVulture",20,30,
,,,"CrowVulture",30,10,
,,,"SandstormMake",0,30,
,,,"SandstormMake",10,30,
,,,"SandstormMake",20,30,
,,,"SandstormMake",30,10,
,,,"RocketGirlVirusRGB",0,30,
,,,"RocketGirlVirusRGB",10,30,
,,,"RocketGirlVirusRGB",20,30,
,,,"RocketGirlVirusRGB",30,10,
,,,"RocketGirlVirusGold",0,30,
,,,"RocketGirlVirusGold",10,30,
,,,"RocketGirlVirusGold",20,30,
,,,"RocketGirlVirusGold",30,10,
,,,"RocketGirlVirus",0,30,
,,,"RocketGirlVirus",10,30,
,,,"RocketGirlVirus",20,30,
,,,"RocketGirlVirus",30,10,
,,,"DuelistOdin",0,30,
,,,"DuelistOdin",10,30,
,,,"DuelistOdin",20,30,
,,,"DuelistOdin",30,10,
,,,"PercenteranimeChromaYellow",0,30,
,,,"PercenteranimeChromaYellow",10,30,
,,,"PercenteranimeChromaYellow",20,30,
,,,"PercenteranimeChromaYellow",30,10,
,,,"Percenteranime",0,30,
,,,"Percenteranime",10,30,
,,,"Percenteranime",20,30,
,,,"Percenteranime",30,10,
,,,"PercenteranimeChromaGreen",0,30,
,,,"PercenteranimeChromaGreen",10,30,
,,,"PercenteranimeChromaGreen",20,30,
,,,"PercenteranimeChromaGreen",30,10,
,,,"JesterLoki",0,30,
,,,"JesterLoki",10,30,
,,,"JesterLoki",20,30,
,,,"JesterLoki",30,10,
,,,"AxeJugglerGym",0,30,
,,,"AxeJugglerGym",10,30,
,,,"AxeJugglerGym",20,30,
,,,"AxeJugglerGym",30,10,
,,,"RocketGirlZeus",0,30,
,,,"RocketGirlZeus",10,30,
,,,"RocketGirlZeus",20,30,
,,,"RocketGirlZeus",30,10,
,,,"BlowerDeepsea",0,30,
,,,"BlowerDeepsea",10,30,
,,,"BlowerDeepsea",20,30,
,,,"BlowerDeepsea",30,10,
,,,"AttacherBoxerChromaGoldpaw",0,30,
,,,"AttacherBoxerChromaGoldpaw",10,30,
,,,"AttacherBoxerChromaGoldpaw",20,30,
,,,"AttacherBoxerChromaGoldpaw",30,10,
,,,"AttacherBoxer",0,30,
,,,"AttacherBoxer",10,30,
,,,"AttacherBoxer",20,30,
,,,"AttacherBoxer",30,10,
,,,"TntDudeDynastic",0,30,
,,,"TntDudeDynastic",10,30,
,,,"TntDudeDynastic",20,30,
,,,"TntDudeDynastic",30,10,
,,,"AttacherBoxerChromaDarkpaw",0,30,
,,,"AttacherBoxerChromaDarkpaw",10,30,
,,,"AttacherBoxerChromaDarkpaw",20,30,
,,,"AttacherBoxerChromaDarkpaw",30,10,
,,,"PuppeteerDemon",0,30,
,,,"PuppeteerDemon",10,30,
,,,"PuppeteerDemon",20,30,
,,,"PuppeteerDemon",30,10,
,,,"TwinsAngel",0,30,
,,,"TwinsAngel",10,30,
,,,"TwinsAngel",20,30,
,,,"TwinsAngel",30,10,
,,,"TwinsAngelChroma2",0,30,
,,,"TwinsAngelChroma2",10,30,
,,,"TwinsAngelChroma2",20,30,
,,,"TwinsAngelChroma2",30,10,
,,,"TwinsAngelChroma1",0,30,
,,,"TwinsAngelChroma1",10,30,
,,,"TwinsAngelChroma1",20,30,
,,,"TwinsAngelChroma1",30,10,
,,,"AttacherOnceupon",0,30,
,,,"AttacherOnceupon",10,30,
,,,"AttacherOnceupon",20,30,
,,,"AttacherOnceupon",30,10,
,,,"DiggerStarrForce",0,30,
,,,"DiggerStarrForce",10,30,
,,,"DiggerStarrForce",20,30,
,,,"DiggerStarrForce",30,10,
,,,"SandstormDeepseaYellow",0,30,
,,,"SandstormDeepseaYellow",10,30,
,,,"SandstormDeepseaYellow",20,30,
,,,"SandstormDeepseaYellow",30,10,
,,,"SandstormDeepseaPurple",0,30,
,,,"SandstormDeepseaPurple",10,30,
,,,"SandstormDeepseaPurple",20,30,
,,,"SandstormDeepseaPurple",30,10,
,,,"SandstormDeepsea",0,30,
,,,"SandstormDeepsea",10,30,
,,,"SandstormDeepsea",20,30,
,,,"SandstormDeepsea",30,10,
,,,"BarrelBotGreekGod",0,30,
,,,"BarrelBotGreekGod",10,30,
,,,"BarrelBotGreekGod",20,30,
,,,"BarrelBotGreekGod",30,10,
,,,"ShamanDarkcircus",0,30,
,,,"ShamanDarkcircus",10,30,
,,,"ShamanDarkcircus",20,30,
,,,"ShamanDarkcircus",30,10,
,,,"EnragerVine",0,30,
,,,"EnragerVine",10,30,
,,,"EnragerVine",20,30,
,,,"EnragerVine",30,10,
,,,"MummyHarajuku",0,30,
,,,"MummyHarajuku",10,30,
,,,"MummyHarajuku",20,30,
,,,"MummyHarajuku",30,10,
,,,"TntDudeClassic_yellow",0,30,
,,,"TntDudeClassic_yellow",10,30,
,,,"TntDudeClassic_yellow",20,30,
,,,"TntDudeClassic_yellow",30,10,
,,,"PowerLevelerKraken",0,30,
,,,"PowerLevelerKraken",10,30,
,,,"PowerLevelerKraken",20,30,
,,,"PowerLevelerKraken",30,10,
,,,"MorningstarGreekGod",0,30,
,,,"MorningstarGreekGod",10,30,
,,,"MorningstarGreekGod",20,30,
,,,"MorningstarGreekGod",30,10,
,,,"StalkerBrawlentine",0,30,
,,,"StalkerBrawlentine",10,30,
,,,"StalkerBrawlentine",20,30,
,,,"StalkerBrawlentine",30,10,
,,,"HammerDudeknight",0,30,
,,,"HammerDudeknight",10,30,
,,,"HammerDudeknight",20,30,
,,,"HammerDudeknight",30,10,
,,,"RopeDudeFenrir",0,30,
,,,"RopeDudeFenrir",10,30,
,,,"RopeDudeFenrir",20,30,
,,,"RopeDudeFenrir",30,10,
,,,"RopeDudeFenrirBlack",0,30,
,,,"RopeDudeFenrirBlack",10,30,
,,,"RopeDudeFenrirBlack",20,30,
,,,"RopeDudeFenrirBlack",30,10,
,,,"RopeDudeFenrirRed",0,30,
,,,"RopeDudeFenrirRed",10,30,
,,,"RopeDudeFenrirRed",20,30,
,,,"RopeDudeFenrirRed",30,10,
"Pool3",80,,"JesterHarvest",0,15,
,,,"JesterHarvest",10,22,
,,,"JesterHarvest",20,30,
,,,"JesterHarvest",30,22,
,,,"JesterHarvest",40,10,
,,,"JesterHarvest",100,1,
,,,"TntDudeTengu",0,15,
,,,"TntDudeTengu",10,22,
,,,"TntDudeTengu",20,30,
,,,"TntDudeTengu",30,22,
,,,"TntDudeTengu",40,10,
,,,"TntDudeTengu",100,1,
,,,"CrabKaiju",0,15,
,,,"CrabKaiju",10,22,
,,,"CrabKaiju",20,30,
,,,"CrabKaiju",30,22,
,,,"CrabKaiju",40,10,
,,,"CrabKaiju",100,1,
,,,"AttacherToy",0,15,
,,,"AttacherToy",10,22,
,,,"AttacherToy",20,30,
,,,"AttacherToy",30,22,
,,,"AttacherToy",40,10,
,,,"AttacherToy",100,1,
,,,"BaseballGamer_remake",0,15,
,,,"BaseballGamer_remake",10,22,
,,,"BaseballGamer_remake",20,30,
,,,"BaseballGamer_remake",30,22,
,,,"BaseballGamer_remake",40,10,
,,,"BaseballGamer_remake",100,1,
,,,"Dancer199Gem",0,15,
,,,"Dancer199Gem",10,22,
,,,"Dancer199Gem",20,30,
,,,"Dancer199Gem",30,22,
,,,"Dancer199Gem",40,10,
,,,"Dancer199Gem",100,1,
,,,"BowDudeBrawlentine",0,15,
,,,"BowDudeBrawlentine",10,22,
,,,"BowDudeBrawlentine",20,30,
,,,"BowDudeBrawlentine",30,22,
,,,"BowDudeBrawlentine",40,10,
,,,"BowDudeBrawlentine",100,1,
,,,"FireDudeFantasy",0,15,
,,,"FireDudeFantasy",10,22,
,,,"FireDudeFantasy",20,30,
,,,"FireDudeFantasy",30,22,
,,,"FireDudeFantasy",40,10,
,,,"FireDudeFantasy",100,1,
,,,"PainterGreekGod",0,15,
,,,"PainterGreekGod",10,22,
,,,"PainterGreekGod",20,30,
,,,"PainterGreekGod",30,22,
,,,"PainterGreekGod",40,10,
,,,"PainterGreekGod",100,1,
,,,"WhirlwindCarreta",0,15,
,,,"WhirlwindCarreta",10,22,
,,,"WhirlwindCarreta",20,30,
,,,"WhirlwindCarreta",30,22,
,,,"WhirlwindCarreta",40,10,
,,,"WhirlwindCarreta",100,1,
,,,"MummyDj",0,15,
,,,"MummyDj",10,22,
,,,"MummyDj",20,30,
,,,"MummyDj",30,22,
,,,"MummyDj",40,10,
,,,"MummyDj",100,1,
,,,"InsectManGreek",0,15,
,,,"InsectManGreek",10,22,
,,,"InsectManGreek",20,30,
,,,"InsectManGreek",30,22,
,,,"InsectManGreek",40,10,
,,,"InsectManGreek",100,1,
,,,"ArtilleryGalBrawlAcademy",0,15,
,,,"ArtilleryGalBrawlAcademy",10,22,
,,,"ArtilleryGalBrawlAcademy",20,30,
,,,"ArtilleryGalBrawlAcademy",30,22,
,,,"ArtilleryGalBrawlAcademy",40,10,
,,,"ArtilleryGalBrawlAcademy",100,1,
,,,"BarkeepBrawlAcademy",0,15,
,,,"BarkeepBrawlAcademy",10,22,
,,,"BarkeepBrawlAcademy",20,30,
,,,"BarkeepBrawlAcademy",30,22,
,,,"BarkeepBrawlAcademy",40,10,
,,,"BarkeepBrawlAcademy",100,1,
,,,"Dancer199GemChroma1",0,15,
,,,"Dancer199GemChroma1",10,22,
,,,"Dancer199GemChroma1",20,30,
,,,"Dancer199GemChroma1",30,22,
,,,"Dancer199GemChroma1",40,10,
,,,"Dancer199GemChroma1",100,1,
,,,"Dancer199GemChroma2",0,15,
,,,"Dancer199GemChroma2",10,22,
,,,"Dancer199GemChroma2",20,30,
,,,"Dancer199GemChroma2",30,22,
,,,"Dancer199GemChroma2",40,10,
,,,"Dancer199GemChroma2",100,1,
,,,"TntGuyBrawlentine",0,15,
,,,"TntGuyBrawlentine",10,22,
,,,"TntGuyBrawlentine",20,30,
,,,"TntGuyBrawlentine",30,22,
,,,"TntGuyBrawlentine",40,10,
,,,"TntGuyBrawlentine",100,1,
,,,"ControllerOnceupon",0,15,
,,,"ControllerOnceupon",10,22,
,,,"ControllerOnceupon",20,30,
,,,"ControllerOnceupon",30,22,
,,,"ControllerOnceupon",40,10,
,,,"ControllerOnceupon",100,1,
,,,"CookerPorcelain",0,15,
,,,"CookerPorcelain",10,22,
,,,"CookerPorcelain",20,30,
,,,"CookerPorcelain",30,22,
,,,"CookerPorcelain",40,10,
,,,"CookerPorcelain",100,1,
,,,"DaredevilScarecrow199GemChroma2",0,15,
,,,"DaredevilScarecrow199GemChroma2",10,22,
,,,"DaredevilScarecrow199GemChroma2",20,30,
,,,"DaredevilScarecrow199GemChroma2",30,22,
,,,"DaredevilScarecrow199GemChroma2",40,10,
,,,"DaredevilScarecrow199GemChroma2",100,1,
,,,"LeaperDarkXmas",0,15,
,,,"LeaperDarkXmas",10,22,
,,,"LeaperDarkXmas",20,30,
,,,"LeaperDarkXmas",30,22,
,,,"LeaperDarkXmas",40,10,
,,,"LeaperDarkXmas",100,1,
,,,"DaredevilScarecrow",0,15,
,,,"DaredevilScarecrow",10,22,
,,,"DaredevilScarecrow",20,30,
,,,"DaredevilScarecrow",30,22,
,,,"DaredevilScarecrow",40,10,
,,,"DaredevilScarecrow",100,1,
,,,"KickerDudeOcto",0,15,
,,,"KickerDudeOcto",10,22,
,,,"KickerDudeOcto",20,30,
,,,"KickerDudeOcto",30,22,
,,,"KickerDudeOcto",40,10,
,,,"KickerDudeOcto",100,1,
,,,"ControllerAres",0,15,
,,,"ControllerAres",10,22,
,,,"ControllerAres",20,30,
,,,"ControllerAres",30,22,
,,,"ControllerAres",40,10,
,,,"ControllerAres",100,1,
,,,"CocoonerVirus",0,15,
,,,"CocoonerVirus",10,22,
,,,"CocoonerVirus",20,30,
,,,"CocoonerVirus",30,22,
,,,"CocoonerVirus",40,10,
,,,"CocoonerVirus",100,1,
,,,"WeaponThrowerSteamPunk",0,15,
,,,"WeaponThrowerSteamPunk",10,22,
,,,"WeaponThrowerSteamPunk",20,30,
,,,"WeaponThrowerSteamPunk",30,22,
,,,"WeaponThrowerSteamPunk",40,10,
,,,"WeaponThrowerSteamPunk",100,1,
,,,"WhirlwindSupercellMake",0,15,
,,,"WhirlwindSupercellMake",10,22,
,,,"WhirlwindSupercellMake",20,30,
,,,"WhirlwindSupercellMake",30,22,
,,,"WhirlwindSupercellMake",40,10,
,,,"WhirlwindSupercellMake",100,1,
,,,"ClusterBombDudeCerberus",0,15,
,,,"ClusterBombDudeCerberus",10,22,
,,,"ClusterBombDudeCerberus",20,30,
,,,"ClusterBombDudeCerberus",30,22,
,,,"ClusterBombDudeCerberus",40,10,
,,,"ClusterBombDudeCerberus",100,1,
,,,"BullDudeGreek",0,15,
,,,"BullDudeGreek",10,22,
,,,"BullDudeGreek",20,30,
,,,"BullDudeGreek",30,22,
,,,"BullDudeGreek",40,10,
,,,"BullDudeGreek",100,1,
,,,"PercenterInspector",0,15,
,,,"PercenterInspector",10,22,
,,,"PercenterInspector",20,30,
,,,"PercenterInspector",30,22,
,,,"PercenterInspector",40,10,
,,,"PercenterInspector",100,1,
,,,"CocoonerGym",0,15,
,,,"CocoonerGym",10,22,
,,,"CocoonerGym",20,30,
,,,"CocoonerGym",30,22,
,,,"CocoonerGym",40,10,
,,,"CocoonerGym",100,1,
,,,"DaredevilScarecrow199GemChroma1",0,15,
,,,"DaredevilScarecrow199GemChroma1",10,22,
,,,"DaredevilScarecrow199GemChroma1",20,30,
,,,"DaredevilScarecrow199GemChroma1",30,22,
,,,"DaredevilScarecrow199GemChroma1",40,10,
,,,"DaredevilScarecrow199GemChroma1",100,1,
,,,"EnragerDuel",0,15,
,,,"EnragerDuel",10,22,
,,,"EnragerDuel",20,30,
,,,"EnragerDuel",30,22,
,,,"EnragerDuel",40,10,
,,,"EnragerDuel",100,1,
,,,"BanditGirlStar_remake",0,15,
,,,"BanditGirlStar_remake",10,22,
,,,"BanditGirlStar_remake",20,30,
,,,"BanditGirlStar_remake",30,22,
,,,"BanditGirlStar_remake",40,10,
,,,"BanditGirlStar_remake",100,1,
,,,"ArtilleryGalToy",0,15,
,,,"ArtilleryGalToy",10,22,
,,,"ArtilleryGalToy",20,30,
,,,"ArtilleryGalToy",30,22,
,,,"ArtilleryGalToy",40,10,
,,,"ArtilleryGalToy",100,1,
,,,"HookDudeAngel",0,15,
,,,"HookDudeAngel",10,22,
,,,"HookDudeAngel",20,30,
,,,"HookDudeAngel",30,22,
,,,"HookDudeAngel",40,10,
,,,"HookDudeAngel",100,1,
,,,"TrickshotDudeClassic_red",0,15,
,,,"TrickshotDudeClassic_red",10,22,
,,,"TrickshotDudeClassic_red",20,30,
,,,"TrickshotDudeClassic_red",30,22,
,,,"TrickshotDudeClassic_red",40,10,
,,,"TrickshotDudeClassic_red",100,1,
,,,"BaseballZombibi",0,15,
,,,"BaseballZombibi",10,22,
,,,"BaseballZombibi",20,30,
,,,"BaseballZombibi",30,22,
,,,"BaseballZombibi",40,10,
,,,"BaseballZombibi",100,1,
,,,"SilencerOni",0,15,
,,,"SilencerOni",10,22,
,,,"SilencerOni",20,30,
,,,"SilencerOni",30,22,
,,,"SilencerOni",40,10,
,,,"SilencerOni",100,1,
,,,"JetpackGirlSupercellMake",0,15,
,,,"JetpackGirlSupercellMake",10,22,
,,,"JetpackGirlSupercellMake",20,30,
,,,"JetpackGirlSupercellMake",30,22,
,,,"JetpackGirlSupercellMake",40,10,
,,,"JetpackGirlSupercellMake",100,1,
,,,"SniperMariposa",0,15,
,,,"SniperMariposa",10,22,
,,,"SniperMariposa",20,30,
,,,"SniperMariposa",30,22,
,,,"SniperMariposa",40,10,
,,,"SniperMariposa",100,1,
,,,"FireDudeFrost",0,15,
,,,"FireDudeFrost",10,22,
,,,"FireDudeFrost",20,30,
,,,"FireDudeFrost",30,22,
,,,"FireDudeFrost",40,10,
,,,"FireDudeFrost",100,1,
,,,"VoodooSandsOfTimes",0,15,
,,,"VoodooSandsOfTimes",10,22,
,,,"VoodooSandsOfTimes",20,30,
,,,"VoodooSandsOfTimes",30,22,
,,,"VoodooSandsOfTimes",40,10,
,,,"VoodooSandsOfTimes",100,1,
,,,"SpawnerDudeGym",0,15,
,,,"SpawnerDudeGym",10,22,
,,,"SpawnerDudeGym",20,30,
,,,"SpawnerDudeGym",30,22,
,,,"SpawnerDudeGym",40,10,
,,,"SpawnerDudeGym",100,1,
,,,"MeepleSandsOfTimes",0,15,
,,,"MeepleSandsOfTimes",10,22,
,,,"MeepleSandsOfTimes",20,30,
,,,"MeepleSandsOfTimes",30,22,
,,,"MeepleSandsOfTimes",40,10,
,,,"MeepleSandsOfTimes",100,1,
,,,"CrowMecha",0,15,
,,,"CrowMecha",10,22,
,,,"CrowMecha",20,30,
,,,"CrowMecha",30,22,
,,,"CrowMecha",40,10,
,,,"CrowMecha",100,1,
,,,"DeadMariachiOnceupon",0,15,
,,,"DeadMariachiOnceupon",10,22,
,,,"DeadMariachiOnceupon",20,30,
,,,"DeadMariachiOnceupon",30,22,
,,,"DeadMariachiOnceupon",40,10,
,,,"DeadMariachiOnceupon",100,1,
,,,"DeadMariachiGoodRandoms",0,15,
,,,"DeadMariachiGoodRandoms",10,22,
,,,"DeadMariachiGoodRandoms",20,30,
,,,"DeadMariachiGoodRandoms",30,22,
,,,"DeadMariachiGoodRandoms",40,10,
,,,"DeadMariachiGoodRandoms",100,1,
,,,"DuelistBrain",0,15,
,,,"DuelistBrain",10,22,
,,,"DuelistBrain",20,30,
,,,"DuelistBrain",30,22,
,,,"DuelistBrain",40,10,
,,,"DuelistBrain",100,1,
,,,"BeamerLavaQueen",0,15,
,,,"BeamerLavaQueen",10,22,
,,,"BeamerLavaQueen",20,30,
,,,"BeamerLavaQueen",30,22,
,,,"BeamerLavaQueen",40,10,
,,,"BeamerLavaQueen",100,1,
,,,"ShotgunGirlClassic_white",0,15,
,,,"ShotgunGirlClassic_white",10,22,
,,,"ShotgunGirlClassic_white",20,30,
,,,"ShotgunGirlClassic_white",30,22,
,,,"ShotgunGirlClassic_white",40,10,
,,,"ShotgunGirlClassic_white",100,1,
,,,"UndertakerBazaar",0,15,
,,,"UndertakerBazaar",10,22,
,,,"UndertakerBazaar",20,30,
,,,"UndertakerBazaar",30,22,
,,,"UndertakerBazaar",40,10,
,,,"UndertakerBazaar",100,1,
,,,"TrickshotDudeChicken",0,15,
,,,"TrickshotDudeChicken",10,22,
,,,"TrickshotDudeChicken",20,30,
,,,"TrickshotDudeChicken",30,22,
,,,"TrickshotDudeChicken",40,10,
,,,"TrickshotDudeChicken",100,1,
,,,"SniperMoon",0,15,
,,,"SniperMoon",10,22,
,,,"SniperMoon",20,30,
,,,"SniperMoon",30,22,
,,,"SniperMoon",40,10,
,,,"SniperMoon",100,1,
,,,"GunslingerMonkey",0,15,
,,,"GunslingerMonkey",10,22,
,,,"GunslingerMonkey",20,30,
,,,"GunslingerMonkey",30,22,
,,,"GunslingerMonkey",40,10,
,,,"GunslingerMonkey",100,1,
,,,"LuchadorCorazon",0,15,
,,,"LuchadorCorazon",10,22,
,,,"LuchadorCorazon",20,30,
,,,"LuchadorCorazon",30,22,
,,,"LuchadorCorazon",40,10,
,,,"LuchadorCorazon",100,1,
,,,"BullDudeViking_remake_orange",0,15,
,,,"BullDudeViking_remake_orange",10,22,
,,,"BullDudeViking_remake_orange",20,30,
,,,"BullDudeViking_remake_orange",30,22,
,,,"BullDudeViking_remake_orange",40,10,
,,,"BullDudeViking_remake_orange",100,1,
,,,"ShieldTankSupercellMake",0,15,
,,,"ShieldTankSupercellMake",10,22,
,,,"ShieldTankSupercellMake",20,30,
,,,"ShieldTankSupercellMake",30,22,
,,,"ShieldTankSupercellMake",40,10,
,,,"ShieldTankSupercellMake",100,1,
,,,"Cactusmecha",0,15,
,,,"Cactusmecha",10,22,
,,,"Cactusmecha",20,30,
,,,"Cactusmecha",30,22,
,,,"Cactusmecha",40,10,
,,,"Cactusmecha",100,1,
,,,"FrankCavemanRed",0,15,
,,,"FrankCavemanRed",10,22,
,,,"FrankCavemanRed",20,30,
,,,"FrankCavemanRed",30,22,
,,,"FrankCavemanRed",40,10,
,,,"FrankCavemanRed",100,1,
,,,"TrickshotDudeDevil",0,15,
,,,"TrickshotDudeDevil",10,22,
,,,"TrickshotDudeDevil",20,30,
,,,"TrickshotDudeDevil",30,22,
,,,"TrickshotDudeDevil",40,10,
,,,"TrickshotDudeDevil",100,1,
,,,"NinjaShark",0,15,
,,,"NinjaShark",10,22,
,,,"NinjaShark",20,30,
,,,"NinjaShark",30,22,
,,,"NinjaShark",40,10,
,,,"NinjaShark",100,1,
,,,"RopeDudeLollipop",0,15,
,,,"RopeDudeLollipop",10,22,
,,,"RopeDudeLollipop",20,30,
,,,"RopeDudeLollipop",30,22,
,,,"RopeDudeLollipop",40,10,
,,,"RopeDudeLollipop",100,1,
,,,"SkaterSandsOfTimes",0,15,
,,,"SkaterSandsOfTimes",10,22,
,,,"SkaterSandsOfTimes",20,30,
,,,"SkaterSandsOfTimes",30,22,
,,,"SkaterSandsOfTimes",40,10,
,,,"SkaterSandsOfTimes",100,1,
"Pool4",70,,"WeaponThrowerSupercellMake",10,30,
,,,"WeaponThrowerSupercellMake",20,30,
,,,"WeaponThrowerSupercellMake",30,22,
,,,"WeaponThrowerSupercellMake",40,12,
,,,"WeaponThrowerSupercellMake",50,5,
,,,"WeaponThrowerSupercellMake",100,1,
,,,"MechaDudePirate",10,30,
,,,"MechaDudePirate",20,30,
,,,"MechaDudePirate",30,22,
,,,"MechaDudePirate",40,12,
,,,"MechaDudePirate",50,5,
,,,"MechaDudePirate",100,1,
,,,"KnightToon",10,30,
,,,"KnightToon",20,30,
,,,"KnightToon",30,22,
,,,"KnightToon",40,12,
,,,"KnightToon",50,5,
,,,"KnightToon",100,1,
,,,"BullDudeLion",10,30,
,,,"BullDudeLion",20,30,
,,,"BullDudeLion",30,22,
,,,"BullDudeLion",40,12,
,,,"BullDudeLion",50,5,
,,,"BullDudeLion",100,1,
,,,"TntDudeToxic",10,30,
,,,"TntDudeToxic",20,30,
,,,"TntDudeToxic",30,22,
,,,"TntDudeToxic",40,12,
,,,"TntDudeToxic",50,5,
,,,"TntDudeToxic",100,1,
,,,"RuffsSandsOfTimes",10,30,
,,,"RuffsSandsOfTimes",20,30,
,,,"RuffsSandsOfTimes",30,22,
,,,"RuffsSandsOfTimes",40,12,
,,,"RuffsSandsOfTimes",50,5,
,,,"RuffsSandsOfTimes",100,1,
,,,"SnakeOilVillain",10,30,
,,,"SnakeOilVillain",20,30,
,,,"SnakeOilVillain",30,22,
,,,"SnakeOilVillain",40,12,
,,,"SnakeOilVillain",50,5,
,,,"SnakeOilVillain",100,1,
,,,"CrowPheonix",0,15,
,,,"CrowPheonix",10,22,
,,,"CrowPheonix",20,30,
,,,"CrowPheonix",30,22,
,,,"CrowPheonix",40,10,
,,,"CrowPheonix",100,1,
,,,"CookerOnceupon",10,30,
,,,"CookerOnceupon",20,30,
,,,"CookerOnceupon",30,22,
,,,"CookerOnceupon",40,12,
,,,"CookerOnceupon",50,5,
,,,"CookerOnceupon",100,1,
,,,"FishTankSurfer",10,30,
,,,"FishTankSurfer",20,30,
,,,"FishTankSurfer",30,22,
,,,"FishTankSurfer",40,12,
,,,"FishTankSurfer",50,5,
,,,"FishTankSurfer",100,1,
,,,"ConductorSupercellMake",10,30,
,,,"ConductorSupercellMake",20,30,
,,,"ConductorSupercellMake",30,22,
,,,"ConductorSupercellMake",40,12,
,,,"ConductorSupercellMake",50,5,
,,,"ConductorSupercellMake",100,1,
,,,"PowerLevelerKong",10,30,
,,,"PowerLevelerKong",20,30,
,,,"PowerLevelerKong",30,22,
,,,"PowerLevelerKong",40,12,
,,,"PowerLevelerKong",50,5,
,,,"PowerLevelerKong",100,1,
,,,"MaisieSnake",10,30,
,,,"MaisieSnake",20,30,
,,,"MaisieSnake",30,22,
,,,"MaisieSnake",40,12,
,,,"MaisieSnake",50,5,
,,,"MaisieSnake",100,1,
,,,"FireDudeMake",10,30,
,,,"FireDudeMake",20,30,
,,,"FireDudeMake",30,22,
,,,"FireDudeMake",40,12,
,,,"FireDudeMake",50,5,
,,,"FireDudeMake",100,1,
,,,"Beamerharvest",10,30,
,,,"Beamerharvest",20,30,
,,,"Beamerharvest",30,22,
,,,"Beamerharvest",40,12,
,,,"Beamerharvest",50,5,
,,,"Beamerharvest",100,1,
,,,"CannonGirlGreekGod",10,30,
,,,"CannonGirlGreekGod",20,30,
,,,"CannonGirlGreekGod",30,22,
,,,"CannonGirlGreekGod",40,12,
,,,"CannonGirlGreekGod",50,5,
,,,"CannonGirlGreekGod",100,1,
,,,"RocketGirlDelivery",10,30,
,,,"RocketGirlDelivery",20,30,
,,,"RocketGirlDelivery",30,22,
,,,"RocketGirlDelivery",40,12,
,,,"RocketGirlDelivery",50,5,
,,,"RocketGirlDelivery",100,1,
,,,"UndertakerNightwitch",10,30,
,,,"UndertakerNightwitch",20,30,
,,,"UndertakerNightwitch",30,22,
,,,"UndertakerNightwitch",40,12,
,,,"UndertakerNightwitch",50,5,
,,,"UndertakerNightwitch",100,1,
,,,"BowDudeHinduChroma",10,30,
,,,"BowDudeHinduChroma",20,30,
,,,"BowDudeHinduChroma",30,22,
,,,"BowDudeHinduChroma",40,12,
,,,"BowDudeHinduChroma",50,5,
,,,"BowDudeHinduChroma",100,1,
,,,"GunslingerPaintball",10,30,
,,,"GunslingerPaintball",20,30,
,,,"GunslingerPaintball",30,22,
,,,"GunslingerPaintball",40,12,
,,,"GunslingerPaintball",50,5,
,,,"GunslingerPaintball",100,1,
,,,"HammerDudeHindu",10,30,
,,,"HammerDudeHindu",20,30,
,,,"HammerDudeHindu",30,22,
,,,"HammerDudeHindu",40,12,
,,,"HammerDudeHindu",50,5,
,,,"HammerDudeHindu",100,1,
,,,"PowerLevelerGenie",10,30,
,,,"PowerLevelerGenie",20,30,
,,,"PowerLevelerGenie",30,22,
,,,"PowerLevelerGenie",40,12,
,,,"PowerLevelerGenie",50,5,
,,,"PowerLevelerGenie",100,1,
,,,"LuchadorSuperbowl",10,30,
,,,"LuchadorSuperbowl",20,30,
,,,"LuchadorSuperbowl",30,22,
,,,"LuchadorSuperbowl",40,12,
,,,"LuchadorSuperbowl",50,5,
,,,"LuchadorSuperbowl",100,1,
,,,"CocoonerRosie",10,30,
,,,"CocoonerRosie",20,30,
,,,"CocoonerRosie",30,22,
,,,"CocoonerRosie",40,12,
,,,"CocoonerRosie",50,5,
,,,"CocoonerRosie",100,1,
,,,"KickerDudeBaseballRed",10,30,
,,,"KickerDudeBaseballRed",20,30,
,,,"KickerDudeBaseballRed",30,22,
,,,"KickerDudeBaseballRed",40,12,
,,,"KickerDudeBaseballRed",50,5,
,,,"KickerDudeBaseballRed",100,1,
,,,"DeadMariachiOutlaw",10,30,
,,,"DeadMariachiOutlaw",20,30,
,,,"DeadMariachiOutlaw",30,22,
,,,"DeadMariachiOutlaw",40,12,
,,,"DeadMariachiOutlaw",50,5,
,,,"DeadMariachiOutlaw",100,1,
,,,"DeadMariachiPunk",10,30,
,,,"DeadMariachiPunk",20,30,
,,,"DeadMariachiPunk",30,22,
,,,"DeadMariachiPunk",40,12,
,,,"DeadMariachiPunk",50,5,
,,,"DeadMariachiPunk",100,1,
,,,"BlackHoleStreetNinja_remake",10,30,
,,,"BlackHoleStreetNinja_remake",20,30,
,,,"BlackHoleStreetNinja_remake",30,22,
,,,"BlackHoleStreetNinja_remake",40,12,
,,,"BlackHoleStreetNinja_remake",50,5,
,,,"BlackHoleStreetNinja_remake",100,1,
,,,"DuplicatorKitsune",10,30,
,,,"DuplicatorKitsune",20,30,
,,,"DuplicatorKitsune",30,22,
,,,"DuplicatorKitsune",40,12,
,,,"DuplicatorKitsune",50,5,
,,,"DuplicatorKitsune",100,1,
,,,"DuplicatorGiftsToy",10,30,
,,,"DuplicatorGiftsToy",20,30,
,,,"DuplicatorGiftsToy",30,22,
,,,"DuplicatorGiftsToy",40,12,
,,,"DuplicatorGiftsToy",50,5,
,,,"DuplicatorGiftsToy",100,1,
,,,"PowerLevelerKnight_red",10,30,
,,,"PowerLevelerKnight_red",20,30,
,,,"PowerLevelerKnight_red",30,22,
,,,"PowerLevelerKnight_red",40,12,
,,,"PowerLevelerKnight_red",50,5,
,,,"PowerLevelerKnight_red",100,1,
,,,"RocketGirlClassic_white",10,30,
,,,"RocketGirlClassic_white",20,30,
,,,"RocketGirlClassic_white",30,22,
,,,"RocketGirlClassic_white",40,12,
,,,"RocketGirlClassic_white",50,5,
,,,"RocketGirlClassic_white",100,1,
,,,"BullDudeAlleycat",10,30,
,,,"BullDudeAlleycat",20,30,
,,,"BullDudeAlleycat",30,22,
,,,"BullDudeAlleycat",40,12,
,,,"BullDudeAlleycat",50,5,
,,,"BullDudeAlleycat",100,1,
,,,"HammerDudeDJ",10,30,
,,,"HammerDudeDJ",20,30,
,,,"HammerDudeDJ",30,22,
,,,"HammerDudeDJ",40,12,
,,,"HammerDudeDJ",50,5,
,,,"HammerDudeDJ",100,1,
,,,"SniperValentines",10,30,
,,,"SniperValentines",20,30,
,,,"SniperValentines",30,22,
,,,"SniperValentines",40,12,
,,,"SniperValentines",50,5,
,,,"SniperValentines",100,1,
,,,"DoorManDetective",10,30,
,,,"DoorManDetective",20,30,
,,,"DoorManDetective",30,22,
,,,"DoorManDetective",40,12,
,,,"DoorManDetective",50,5,
,,,"DoorManDetective",100,1,
,,,"BullGuyFootbull",10,30,
,,,"BullGuyFootbull",20,30,
,,,"BullGuyFootbull",30,22,
,,,"BullGuyFootbull",40,12,
,,,"BullGuyFootbull",50,5,
,,,"BullGuyFootbull",100,1,
,,,"AssaultShotgunTreasure",10,30,
,,,"AssaultShotgunTreasure",20,30,
,,,"AssaultShotgunTreasure",30,22,
,,,"AssaultShotgunTreasure",40,12,
,,,"AssaultShotgunTreasure",50,5,
,,,"AssaultShotgunTreasure",100,1,
,,,"BowDudeHorus",10,30,
,,,"BowDudeHorus",20,30,
,,,"BowDudeHorus",30,22,
,,,"BowDudeHorus",40,12,
,,,"BowDudeHorus",50,5,
,,,"BowDudeHorus",100,1,
,,,"LuchadorDragon",10,30,
,,,"LuchadorDragon",20,30,
,,,"LuchadorDragon",30,22,
,,,"LuchadorDragon",40,12,
,,,"LuchadorDragon",50,5,
,,,"LuchadorDragon",100,1,
,,,"JetpackGirlPopstar",10,30,
,,,"JetpackGirlPopstar",20,30,
,,,"JetpackGirlPopstar",30,22,
,,,"JetpackGirlPopstar",40,12,
,,,"JetpackGirlPopstar",50,5,
,,,"JetpackGirlPopstar",100,1,
,,,"ShamanDragon_black",10,30,
,,,"ShamanDragon_black",20,30,
,,,"ShamanDragon_black",30,22,
,,,"ShamanDragon_black",40,12,
,,,"ShamanDragon_black",50,5,
,,,"ShamanDragon_black",100,1,
,,,"GunslingerDarkAngel",10,30,
,,,"GunslingerDarkAngel",20,30,
,,,"GunslingerDarkAngel",30,22,
,,,"GunslingerDarkAngel",40,12,
,,,"GunslingerDarkAngel",50,5,
,,,"GunslingerDarkAngel",100,1,
,,,"BowDudeDemonic",10,30,
,,,"BowDudeDemonic",20,30,
,,,"BowDudeDemonic",30,22,
,,,"BowDudeDemonic",40,12,
,,,"BowDudeDemonic",50,5,
,,,"BowDudeDemonic",100,1,
,,,"BowDudeWasp",10,30,
,,,"BowDudeWasp",20,30,
,,,"BowDudeWasp",30,22,
,,,"BowDudeWasp",40,12,
,,,"BowDudeWasp",50,5,
,,,"BowDudeWasp",100,1,
,,,"TrickshotDudeBazaar",10,30,
,,,"TrickshotDudeBazaar",20,30,
,,,"TrickshotDudeBazaar",30,22,
,,,"TrickshotDudeBazaar",40,12,
,,,"TrickshotDudeBazaar",50,5,
,,,"TrickshotDudeBazaar",100,1,
,,,"LuchadorButler",10,30,
,,,"LuchadorButler",20,30,
,,,"LuchadorButler",30,22,
,,,"LuchadorButler",40,12,
,,,"LuchadorButler",50,5,
,,,"LuchadorButler",100,1,
,,,"MummyGiftShop",10,30,
,,,"MummyGiftShop",20,30,
,,,"MummyGiftShop",30,22,
,,,"MummyGiftShop",40,12,
,,,"MummyGiftShop",50,5,
,,,"MummyGiftShop",100,1,
,,,"KickerDudeBaseballBlue",10,30,
,,,"KickerDudeBaseballBlue",20,30,
,,,"KickerDudeBaseballBlue",30,22,
,,,"KickerDudeBaseballBlue",40,12,
,,,"KickerDudeBaseballBlue",50,5,
,,,"KickerDudeBaseballBlue",100,1,
,,,"ShamanShiba",10,30,
,,,"ShamanShiba",20,30,
,,,"ShamanShiba",30,22,
,,,"ShamanShiba",40,12,
,,,"ShamanShiba",50,5,
,,,"ShamanShiba",100,1,
,,,"HookDudeMake",10,30,
,,,"HookDudeMake",20,30,
,,,"HookDudeMake",30,22,
,,,"HookDudeMake",40,12,
,,,"HookDudeMake",50,5,
,,,"HookDudeMake",100,1,
,,,"SnakeOilDarkcircus",10,30,
,,,"SnakeOilDarkcircus",20,30,
,,,"SnakeOilDarkcircus",30,22,
,,,"SnakeOilDarkcircus",40,12,
,,,"SnakeOilDarkcircus",50,5,
,,,"SnakeOilDarkcircus",100,1,
,,,"TrickshotDudeFirefly",10,30,
,,,"TrickshotDudeFirefly",20,30,
,,,"TrickshotDudeFirefly",30,22,
,,,"TrickshotDudeFirefly",40,12,
,,,"TrickshotDudeFirefly",50,5,
,,,"TrickshotDudeFirefly",100,1,
,,,"BeeSniperMonster",10,30,
,,,"BeeSniperMonster",20,30,
,,,"BeeSniperMonster",30,22,
,,,"BeeSniperMonster",40,12,
,,,"BeeSniperMonster",50,5,
,,,"BeeSniperMonster",100,1,
,,,"BeeSniperCatGold",10,30,
,,,"BeeSniperCatGold",20,30,
,,,"BeeSniperCatGold",30,22,
,,,"BeeSniperCatGold",40,12,
,,,"BeeSniperCatGold",50,5,
,,,"BeeSniperCatGold",100,1,
,,,"ArtilleryDudeZombie",10,30,
,,,"ArtilleryDudeZombie",20,30,
,,,"ArtilleryDudeZombie",30,22,
,,,"ArtilleryDudeZombie",40,12,
,,,"ArtilleryDudeZombie",50,5,
,,,"ArtilleryDudeZombie",100,1,
,,,"ArcadePiano_black",10,30,
,,,"ArcadePiano_black",20,30,
,,,"ArcadePiano_black",30,22,
,,,"ArcadePiano_black",40,12,
,,,"ArcadePiano_black",50,5,
,,,"ArcadePiano_black",100,1,
,,,"RollerPunk",10,30,
,,,"RollerPunk",20,30,
,,,"RollerPunk",30,22,
,,,"RollerPunk",40,12,
,,,"RollerPunk",50,5,
,,,"RollerPunk",100,1,
,,,"SnakeOilWizard_white",10,30,
,,,"SnakeOilWizard_white",20,30,
,,,"SnakeOilWizard_white",30,22,
,,,"SnakeOilWizard_white",40,12,
,,,"SnakeOilWizard_white",50,5,
,,,"SnakeOilWizard_white",100,1,
,,,"ShamanSummer",10,30,
,,,"ShamanSummer",20,30,
,,,"ShamanSummer",30,22,
,,,"ShamanSummer",40,12,
,,,"ShamanSummer",50,5,
,,,"ShamanSummer",100,1,
,,,"RocketGirlRanger_red",10,30,
,,,"RocketGirlRanger_red",20,30,
,,,"RocketGirlRanger_red",30,22,
,,,"RocketGirlRanger_red",40,12,
,,,"RocketGirlRanger_red",50,5,
,,,"RocketGirlRanger_red",100,1,
,,,"RopeDudeDirector_blue",10,30,
,,,"RopeDudeDirector_blue",20,30,
,,,"RopeDudeDirector_blue",30,22,
,,,"RopeDudeDirector_blue",40,12,
,,,"RopeDudeDirector_blue",50,5,
,,,"RopeDudeDirector_blue",100,1,
,,,"ElectroSniperCoral",10,30,
,,,"ElectroSniperCoral",20,30,
,,,"ElectroSniperCoral",30,22,
,,,"ElectroSniperCoral",40,12,
,,,"ElectroSniperCoral",50,5,
,,,"ElectroSniperCoral",100,1,
"Pool5",60,,"ShamanKoala",10,20,
,,,"ShamanKoala",20,30,
,,,"ShamanKoala",30,20,
,,,"ShamanKoala",40,18,
,,,"ShamanKoala",50,10,
,,,"ShamanKoala",100,2,
,,,"BlackHoleDevious",10,20,
,,,"BlackHoleDevious",20,30,
,,,"BlackHoleDevious",30,20,
,,,"BlackHoleDevious",40,18,
,,,"BlackHoleDevious",50,10,
,,,"BlackHoleDevious",100,2,
,,,"RocketGirlRanger_blue",10,20,
,,,"RocketGirlRanger_blue",20,30,
,,,"RocketGirlRanger_blue",30,20,
,,,"RocketGirlRanger_blue",40,18,
,,,"RocketGirlRanger_blue",50,10,
,,,"RocketGirlRanger_blue",100,2,
,,,"TntDudeMecha",0,15,
,,,"TntDudeMecha",10,22,
,,,"TntDudeMecha",20,30,
,,,"TntDudeMecha",30,22,
,,,"TntDudeMecha",40,10,
,,,"TntDudeMecha",100,1,
,,,"RocketGirlRanger_black",10,20,
,,,"RocketGirlRanger_black",20,30,
,,,"RocketGirlRanger_black",30,20,
,,,"RocketGirlRanger_black",40,18,
,,,"RocketGirlRanger_black",50,10,
,,,"RocketGirlRanger_black",100,2,
,,,"ShamanGummybear",10,20,
,,,"ShamanGummybear",20,30,
,,,"ShamanGummybear",30,20,
,,,"ShamanGummybear",40,18,
,,,"ShamanGummybear",50,10,
,,,"ShamanGummybear",100,2,
,,,"BarrelBotCrash",10,20,
,,,"BarrelBotCrash",20,30,
,,,"BarrelBotCrash",30,20,
,,,"BarrelBotCrash",40,18,
,,,"BarrelBotCrash",50,10,
,,,"BarrelBotCrash",100,2,
,,,"RocketGirlRanger_yellow",10,20,
,,,"RocketGirlRanger_yellow",20,30,
,,,"RocketGirlRanger_yellow",30,20,
,,,"RocketGirlRanger_yellow",40,18,
,,,"RocketGirlRanger_yellow",50,10,
,,,"RocketGirlRanger_yellow",100,2,
,,,"RocketGirlRanger_pink",10,20,
,,,"RocketGirlRanger_pink",20,30,
,,,"RocketGirlRanger_pink",30,20,
,,,"RocketGirlRanger_pink",40,18,
,,,"RocketGirlRanger_pink",50,10,
,,,"RocketGirlRanger_pink",100,2,
,,,"GunslingerHeist",10,20,
,,,"GunslingerHeist",20,30,
,,,"GunslingerHeist",30,20,
,,,"GunslingerHeist",40,18,
,,,"GunslingerHeist",50,10,
,,,"GunslingerHeist",100,2,
,,,"SilencerPharaoh",10,20,
,,,"SilencerPharaoh",20,30,
,,,"SilencerPharaoh",30,20,
,,,"SilencerPharaoh",40,18,
,,,"SilencerPharaoh",50,10,
,,,"SilencerPharaoh",100,2,
,,,"RosaToon",10,20,
,,,"RosaToon",20,30,
,,,"RosaToon",30,20,
,,,"RosaToon",40,18,
,,,"RosaToon",50,10,
,,,"RosaToon",100,2,
,,,"ElectroSniperSCmake",10,20,
,,,"ElectroSniperSCmake",20,30,
,,,"ElectroSniperSCmake",30,20,
,,,"ElectroSniperSCmake",40,18,
,,,"ElectroSniperSCmake",50,10,
,,,"ElectroSniperSCmake",100,2,
,,,"UndertakerGreaser",10,20,
,,,"UndertakerGreaser",20,30,
,,,"UndertakerGreaser",30,20,
,,,"UndertakerGreaser",40,18,
,,,"UndertakerGreaser",50,10,
,,,"UndertakerGreaser",100,2,
,,,"JesterWoodspirit",10,20,
,,,"JesterWoodspirit",20,30,
,,,"JesterWoodspirit",30,20,
,,,"JesterWoodspirit",40,18,
,,,"JesterWoodspirit",50,10,
,,,"JesterWoodspirit",100,2,
,,,"TrickshotPopcorn",10,20,
,,,"TrickshotPopcorn",20,30,
,,,"TrickshotPopcorn",30,20,
,,,"TrickshotPopcorn",40,18,
,,,"TrickshotPopcorn",50,10,
,,,"TrickshotPopcorn",100,2,
,,,"CactusFireproof",10,20,
,,,"CactusFireproof",20,30,
,,,"CactusFireproof",30,20,
,,,"CactusFireproof",40,18,
,,,"CactusFireproof",50,10,
,,,"CactusFireproof",100,2,
,,,"CannonGirlVillain",10,20,
,,,"CannonGirlVillain",20,30,
,,,"CannonGirlVillain",30,20,
,,,"CannonGirlVillain",40,18,
,,,"CannonGirlVillain",50,10,
,,,"CannonGirlVillain",100,2,
,,,"PercenterGladiator",10,20,
,,,"PercenterGladiator",20,30,
,,,"PercenterGladiator",30,20,
,,,"PercenterGladiator",40,18,
,,,"PercenterGladiator",50,10,
,,,"PercenterGladiator",100,2,
,,,"FishTankHarvest",10,20,
,,,"FishTankHarvest",20,30,
,,,"FishTankHarvest",30,20,
,,,"FishTankHarvest",40,18,
,,,"FishTankHarvest",50,10,
,,,"FishTankHarvest",100,2,
,,,"DuplicatorOutlaw",10,20,
,,,"DuplicatorOutlaw",20,30,
,,,"DuplicatorOutlaw",30,20,
,,,"DuplicatorOutlaw",40,18,
,,,"DuplicatorOutlaw",50,10,
,,,"DuplicatorOutlaw",100,2,
,,,"WhirlwindBiker",10,20,
,,,"WhirlwindBiker",20,30,
,,,"WhirlwindBiker",30,20,
,,,"WhirlwindBiker",40,18,
,,,"WhirlwindBiker",50,10,
,,,"WhirlwindBiker",100,2,
,,,"BlowerBusters",10,20,
,,,"BlowerBusters",20,30,
,,,"BlowerBusters",30,20,
,,,"BlowerBusters",40,18,
,,,"BlowerBusters",50,10,
,,,"BlowerBusters",100,2,
,,,"DuelistWasteland",10,20,
,,,"DuelistWasteland",20,30,
,,,"DuelistWasteland",30,20,
,,,"DuelistWasteland",40,18,
,,,"DuelistWasteland",50,10,
,,,"DuelistWasteland",100,2,
,,,"MechaDudeRhino",10,20,
,,,"MechaDudeRhino",20,30,
,,,"MechaDudeRhino",30,20,
,,,"MechaDudeRhino",40,18,
,,,"MechaDudeRhino",50,10,
,,,"MechaDudeRhino",100,2,
,,,"SpeedyHermes",10,20,
,,,"SpeedyHermes",20,30,
,,,"SpeedyHermes",30,20,
,,,"SpeedyHermes",40,18,
,,,"SpeedyHermes",50,10,
,,,"SpeedyHermes",100,2,
,,,"TrickshotGold",10,20,
,,,"TrickshotGold",20,30,
,,,"TrickshotGold",30,20,
,,,"TrickshotGold",40,18,
,,,"TrickshotGold",50,10,
,,,"TrickshotGold",100,2,
,,,"AxeJugglerGreek",10,20,
,,,"AxeJugglerGreek",20,30,
,,,"AxeJugglerGreek",30,20,
,,,"AxeJugglerGreek",40,18,
,,,"AxeJugglerGreek",50,10,
,,,"AxeJugglerGreek",100,2,
,,,"CrowSuper",10,20,
,,,"CrowSuper",20,30,
,,,"CrowSuper",30,20,
,,,"CrowSuper",40,18,
,,,"CrowSuper",50,10,
,,,"CrowSuper",100,2,
,,,"StickyBombUniversity",10,20,
,,,"StickyBombUniversity",20,30,
,,,"StickyBombUniversity",30,20,
,,,"StickyBombUniversity",40,18,
,,,"StickyBombUniversity",50,10,
,,,"StickyBombUniversity",100,2,
,,,"BeeSniperCat",10,20,
,,,"BeeSniperCat",20,30,
,,,"BeeSniperCat",30,20,
,,,"BeeSniperCat",40,18,
,,,"BeeSniperCat",50,10,
,,,"BeeSniperCat",100,2,
,,,"BoMecha",0,15,
,,,"BoMecha",10,22,
,,,"BoMecha",20,30,
,,,"BoMecha",30,22,
,,,"BoMecha",40,10,
,,,"BoMecha",100,1,
,,,"WeaponThrowerYeti",10,20,
,,,"WeaponThrowerYeti",20,30,
,,,"WeaponThrowerYeti",30,20,
,,,"WeaponThrowerYeti",40,18,
,,,"WeaponThrowerYeti",50,10,
,,,"WeaponThrowerYeti",100,2,
,,,"BlowerNutcracker",10,20,
,,,"BlowerNutcracker",20,30,
,,,"BlowerNutcracker",30,20,
,,,"BlowerNutcracker",40,18,
,,,"BlowerNutcracker",50,10,
,,,"BlowerNutcracker",100,2,
,,,"WallyDeepsea",10,20,
,,,"WallyDeepsea",20,30,
,,,"WallyDeepsea",30,20,
,,,"WallyDeepsea",40,18,
,,,"WallyDeepsea",50,10,
,,,"WallyDeepsea",100,2,
,,,"ElectroSniperPlanthunter",10,20,
,,,"ElectroSniperPlanthunter",20,30,
,,,"ElectroSniperPlanthunter",30,20,
,,,"ElectroSniperPlanthunter",40,18,
,,,"ElectroSniperPlanthunter",50,10,
,,,"ElectroSniperPlanthunter",100,2,
,,,"KnightPinata",10,20,
,,,"KnightPinata",20,30,
,,,"KnightPinata",30,20,
,,,"KnightPinata",40,18,
,,,"KnightPinata",50,10,
,,,"KnightPinata",100,2,
,,,"ArcadeHauntedHouse",10,20,
,,,"ArcadeHauntedHouse",20,30,
,,,"ArcadeHauntedHouse",30,20,
,,,"ArcadeHauntedHouse",40,18,
,,,"ArcadeHauntedHouse",50,10,
,,,"ArcadeHauntedHouse",100,2,
,,,"PocoValentine",10,20,
,,,"PocoValentine",20,30,
,,,"PocoValentine",30,20,
,,,"PocoValentine",40,18,
,,,"PocoValentine",50,10,
,,,"PocoValentine",100,2,
,,,"BlackHoleMisfortune",10,20,
,,,"BlackHoleMisfortune",20,30,
,,,"BlackHoleMisfortune",30,20,
,,,"BlackHoleMisfortune",40,18,
,,,"BlackHoleMisfortune",50,10,
,,,"BlackHoleMisfortune",100,2,
,,,"TwinsVirus",10,20,
,,,"TwinsVirus",20,30,
,,,"TwinsVirus",30,20,
,,,"TwinsVirus",40,18,
,,,"TwinsVirus",50,10,
,,,"TwinsVirus",100,2,
,,,"SplitterCultist",10,20,
,,,"SplitterCultist",20,30,
,,,"SplitterCultist",30,20,
,,,"SplitterCultist",40,18,
,,,"SplitterCultist",50,10,
,,,"SplitterCultist",100,2,
,,,"MechanicTanuki",10,20,
,,,"MechanicTanuki",20,30,
,,,"MechanicTanuki",30,20,
,,,"MechanicTanuki",40,18,
,,,"MechanicTanuki",50,10,
,,,"MechanicTanuki",100,2,
,,,"ArtilleryDudeSmuggler_orange",10,20,
,,,"ArtilleryDudeSmuggler_orange",20,30,
,,,"ArtilleryDudeSmuggler_orange",30,20,
,,,"ArtilleryDudeSmuggler_orange",40,18,
,,,"ArtilleryDudeSmuggler_orange",50,10,
,,,"ArtilleryDudeSmuggler_orange",100,2,
,,,"NinjaDino",10,20,
,,,"NinjaDino",20,30,
,,,"NinjaDino",30,20,
,,,"NinjaDino",40,18,
,,,"NinjaDino",50,10,
,,,"NinjaDino",100,2,
,,,"ArtilleryGalBunny",10,20,
,,,"ArtilleryGalBunny",20,30,
,,,"ArtilleryGalBunny",30,20,
,,,"ArtilleryGalBunny",40,18,
,,,"ArtilleryGalBunny",50,10,
,,,"ArtilleryGalBunny",100,2,
,,,"JetpackGirlValkyrie",10,20,
,,,"JetpackGirlValkyrie",20,30,
,,,"JetpackGirlValkyrie",30,20,
,,,"JetpackGirlValkyrie",40,18,
,,,"JetpackGirlValkyrie",50,10,
,,,"JetpackGirlValkyrie",100,2,
,,,"CannonGirlDeepsea",10,20,
,,,"CannonGirlDeepsea",20,30,
,,,"CannonGirlDeepsea",30,20,
,,,"CannonGirlDeepsea",40,18,
,,,"CannonGirlDeepsea",50,10,
,,,"CannonGirlDeepsea",100,2,
,,,"SandstormLantern",10,20,
,,,"SandstormLantern",20,30,
,,,"SandstormLantern",30,20,
,,,"SandstormLantern",40,18,
,,,"SandstormLantern",50,10,
,,,"SandstormLantern",100,2,
,,,"KnightPizza",10,20,
,,,"KnightPizza",20,30,
,,,"KnightPizza",30,20,
,,,"KnightPizza",40,18,
,,,"KnightPizza",50,10,
,,,"KnightPizza",100,2,
,,,"SplitterGreek",10,20,
,,,"SplitterGreek",20,30,
,,,"SplitterGreek",30,20,
,,,"SplitterGreek",40,18,
,,,"SplitterGreek",50,10,
,,,"SplitterGreek",100,2,
,,,"WeaponThrowerEmperor",10,20,
,,,"WeaponThrowerEmperor",20,30,
,,,"WeaponThrowerEmperor",30,20,
,,,"WeaponThrowerEmperor",40,18,
,,,"WeaponThrowerEmperor",50,10,
,,,"WeaponThrowerEmperor",100,2,
,,,"ClusterBombMonster",10,20,
,,,"ClusterBombMonster",20,30,
,,,"ClusterBombMonster",30,20,
,,,"ClusterBombMonster",40,18,
,,,"ClusterBombMonster",50,10,
,,,"ClusterBombMonster",100,2,
,,,"ShieldTankChainsaw",10,20,
,,,"ShieldTankChainsaw",20,30,
,,,"ShieldTankChainsaw",30,20,
,,,"ShieldTankChainsaw",40,18,
,,,"ShieldTankChainsaw",50,10,
,,,"ShieldTankChainsaw",100,2,
,,,"SpawnerDudeMake",10,20,
,,,"SpawnerDudeMake",20,30,
,,,"SpawnerDudeMake",30,20,
,,,"SpawnerDudeMake",40,18,
,,,"SpawnerDudeMake",50,10,
,,,"SpawnerDudeMake",100,2,
,,,"JetpackGirlMoon",10,20,
,,,"JetpackGirlMoon",20,30,
,,,"JetpackGirlMoon",30,20,
,,,"JetpackGirlMoon",40,18,
,,,"JetpackGirlMoon",50,10,
,,,"JetpackGirlMoon",100,2,
,,,"DrillerMonster",10,20,
,,,"DrillerMonster",20,30,
,,,"DrillerMonster",30,20,
,,,"DrillerMonster",40,18,
,,,"DrillerMonster",50,10,
,,,"DrillerMonster",100,2,
,,,"WhirlwindRamadan",10,20,
,,,"WhirlwindRamadan",20,30,
,,,"WhirlwindRamadan",30,20,
,,,"WhirlwindRamadan",40,18,
,,,"WhirlwindRamadan",50,10,
,,,"WhirlwindRamadan",100,2,
,,,"ControllerEaster",10,20,
,,,"ControllerEaster",20,30,
,,,"ControllerEaster",30,20,
,,,"ControllerEaster",40,18,
,,,"ControllerEaster",50,10,
,,,"ControllerEaster",100,2,
,,,"CrossBomberHindu",10,20,
,,,"CrossBomberHindu",20,30,
,,,"CrossBomberHindu",30,20,
,,,"CrossBomberHindu",40,18,
,,,"CrossBomberHindu",50,10,
,,,"CrossBomberHindu",100,2,
,,,"BarrelBotFootball",10,20,
,,,"BarrelBotFootball",20,30,
,,,"BarrelBotFootball",30,20,
,,,"BarrelBotFootball",40,18,
,,,"BarrelBotFootball",50,10,
,,,"BarrelBotFootball",100,2,
,,,"WallyMoon",10,20,
,,,"WallyMoon",20,30,
,,,"WallyMoon",30,20,
,,,"WallyMoon",40,18,
,,,"WallyMoon",50,10,
,,,"WallyMoon",100,2,
,,,"BarkeepUnicorn",10,20,
,,,"BarkeepUnicorn",20,30,
,,,"BarkeepUnicorn",30,20,
,,,"BarkeepUnicorn",40,18,
,,,"BarkeepUnicorn",50,10,
,,,"BarkeepUnicorn",100,2,
"Pool6",50,,"DrillerJetski_purple",20,30,
,,,"DrillerJetski_purple",30,30,
,,,"DrillerJetski_purple",40,25,
,,,"DrillerJetski_purple",50,12,
,,,"DrillerJetski_purple",100,3,
,,,"SandstormGiftShop",20,30,
,,,"SandstormGiftShop",30,30,
,,,"SandstormGiftShop",40,25,
,,,"SandstormGiftShop",50,12,
,,,"SandstormGiftShop",100,3,
,,,"MinigunDudeQueen",0,15,
,,,"MinigunDudeQueen",10,22,
,,,"MinigunDudeQueen",20,30,
,,,"MinigunDudeQueen",30,22,
,,,"MinigunDudeQueen",40,10,
,,,"MinigunDudeQueen",100,1,
,,,"StickyBombVeteran",20,30,
,,,"StickyBombVeteran",30,30,
,,,"StickyBombVeteran",40,25,
,,,"StickyBombVeteran",50,12,
,,,"StickyBombVeteran",100,3,
,,,"SpeedyTracksuit",20,30,
,,,"SpeedyTracksuit",30,30,
,,,"SpeedyTracksuit",40,25,
,,,"SpeedyTracksuit",50,12,
,,,"SpeedyTracksuit",100,3,
,,,"LuchadorRey",20,30,
,,,"LuchadorRey",30,30,
,,,"LuchadorRey",40,25,
,,,"LuchadorRey",50,12,
,,,"LuchadorRey",100,3,
,,,"HookDudeBazaar",20,30,
,,,"HookDudeBazaar",30,30,
,,,"HookDudeBazaar",40,25,
,,,"HookDudeBazaar",50,12,
,,,"HookDudeBazaar",100,3,
,,,"SpeedyLeopard",20,30,
,,,"SpeedyLeopard",30,30,
,,,"SpeedyLeopard",40,25,
,,,"SpeedyLeopard",50,12,
,,,"SpeedyLeopard",100,3,
,,,"UndertakerBeach",20,30,
,,,"UndertakerBeach",30,30,
,,,"UndertakerBeach",40,25,
,,,"UndertakerBeach",50,12,
,,,"UndertakerBeach",100,3,
,,,"StickyBombRabbit",20,30,
,,,"StickyBombRabbit",30,30,
,,,"StickyBombRabbit",40,25,
,,,"StickyBombRabbit",50,12,
,,,"StickyBombRabbit",100,3,
,,,"BaseballWarrior",20,30,
,,,"BaseballWarrior",30,30,
,,,"BaseballWarrior",40,25,
,,,"BaseballWarrior",50,12,
,,,"BaseballWarrior",100,3,
,,,"WallyWeirdPlant",20,30,
,,,"WallyWeirdPlant",30,30,
,,,"WallyWeirdPlant",40,25,
,,,"WallyWeirdPlant",50,12,
,,,"WallyWeirdPlant",100,3,
,,,"JetpackGirlDarkFairy",20,30,
,,,"JetpackGirlDarkFairy",30,30,
,,,"JetpackGirlDarkFairy",40,25,
,,,"JetpackGirlDarkFairy",50,12,
,,,"JetpackGirlDarkFairy",100,3,
,,,"WhirlwindHogrider",20,30,
,,,"WhirlwindHogrider",30,30,
,,,"WhirlwindHogrider",40,25,
,,,"WhirlwindHogrider",50,12,
,,,"WhirlwindHogrider",100,3,
,,,"ConductorScorpion",0,15,
,,,"ConductorScorpion",10,22,
,,,"ConductorScorpion",20,30,
,,,"ConductorScorpion",30,22,
,,,"ConductorScorpion",40,10,
,,,"ConductorScorpion",100,1,
,,,"StickyBombPotato",20,30,
,,,"StickyBombPotato",30,30,
,,,"StickyBombPotato",40,25,
,,,"StickyBombPotato",50,12,
,,,"StickyBombPotato",100,3,
,,,"BaseballVigilante",20,30,
,,,"BaseballVigilante",30,30,
,,,"BaseballVigilante",40,25,
,,,"BaseballVigilante",50,12,
,,,"BaseballVigilante",100,3,
,,,"CrowWhite",20,30,
,,,"CrowWhite",30,30,
,,,"CrowWhite",40,25,
,,,"CrowWhite",50,12,
,,,"CrowWhite",100,3,
,,,"BarrelBotCupcake",20,30,
,,,"BarrelBotCupcake",30,30,
,,,"BarrelBotCupcake",40,25,
,,,"BarrelBotCupcake",50,12,
,,,"BarrelBotCupcake",100,3,
,,,"LuchadorDragonChroma",20,30,
,,,"LuchadorDragonChroma",30,30,
,,,"LuchadorDragonChroma",40,25,
,,,"LuchadorDragonChroma",50,12,
,,,"LuchadorDragonChroma",100,3,
,,,"FleaSpaceCactus",20,30,
,,,"FleaSpaceCactus",30,30,
,,,"FleaSpaceCactus",40,25,
,,,"FleaSpaceCactus",50,12,
,,,"FleaSpaceCactus",100,3,
,,,"LuchadorAtomic",20,30,
,,,"LuchadorAtomic",30,30,
,,,"LuchadorAtomic",40,25,
,,,"LuchadorAtomic",50,12,
,,,"LuchadorAtomic",100,3,
,,,"PowerLevelerDIY",20,30,
,,,"PowerLevelerDIY",30,30,
,,,"PowerLevelerDIY",40,25,
,,,"PowerLevelerDIY",50,12,
,,,"PowerLevelerDIY",100,3,
,,,"ShotgunGirlFootball",20,30,
,,,"ShotgunGirlFootball",30,30,
,,,"ShotgunGirlFootball",40,25,
,,,"ShotgunGirlFootball",50,12,
,,,"ShotgunGirlFootball",100,3,
,,,"PuppeteerWasteland",20,30,
,,,"PuppeteerWasteland",30,30,
,,,"PuppeteerWasteland",40,25,
,,,"PuppeteerWasteland",50,12,
,,,"PuppeteerWasteland",100,3,
,,,"MechanicKnight",20,30,
,,,"MechanicKnight",30,30,
,,,"MechanicKnight",40,25,
,,,"MechanicKnight",50,12,
,,,"MechanicKnight",100,3,
,,,"WeaponThrowerDarkcircus",20,30,
,,,"WeaponThrowerDarkcircus",30,30,
,,,"WeaponThrowerDarkcircus",40,25,
,,,"WeaponThrowerDarkcircus",50,12,
,,,"WeaponThrowerDarkcircus",100,3,
,,,"MinigunDudeBroker",20,30,
,,,"MinigunDudeBroker",30,30,
,,,"MinigunDudeBroker",40,25,
,,,"MinigunDudeBroker",50,12,
,,,"MinigunDudeBroker",100,3,
,,,"MaisieWasteland",20,30,
,,,"MaisieWasteland",30,30,
,,,"MaisieWasteland",40,25,
,,,"MaisieWasteland",50,12,
,,,"MaisieWasteland",100,3,
,,,"BullGuyHair",20,30,
,,,"BullGuyHair",30,30,
,,,"BullGuyHair",40,25,
,,,"BullGuyHair",50,12,
,,,"BullGuyHair",100,3,
,,,"BarkeepMaple",20,30,
,,,"BarkeepMaple",30,30,
,,,"BarkeepMaple",40,25,
,,,"BarkeepMaple",50,12,
,,,"BarkeepMaple",100,3,
,,,"FrankCaveman",20,30,
,,,"FrankCaveman",30,30,
,,,"FrankCaveman",40,25,
,,,"FrankCaveman",50,12,
,,,"FrankCaveman",100,3,
,,,"TntDudeFootball",20,30,
,,,"TntDudeFootball",30,30,
,,,"TntDudeFootball",40,25,
,,,"TntDudeFootball",50,12,
,,,"TntDudeFootball",100,3,
,,,"CactusPink",20,30,
,,,"CactusPink",30,30,
,,,"CactusPink",40,25,
,,,"CactusPink",50,12,
,,,"CactusPink",100,3,
,,,"RosaUniversity",20,30,
,,,"RosaUniversity",30,30,
,,,"RosaUniversity",40,25,
,,,"RosaUniversity",50,12,
,,,"RosaUniversity",100,3,
,,,"ShieldTankCroc",20,30,
,,,"ShieldTankCroc",30,30,
,,,"ShieldTankCroc",40,25,
,,,"ShieldTankCroc",50,12,
,,,"ShieldTankCroc",100,3,
,,,"FishTankWasteland",10,20,
,,,"FishTankWasteland",20,30,
,,,"FishTankWasteland",30,20,
,,,"FishTankWasteland",40,18,
,,,"FishTankWasteland",50,10,
,,,"FishTankWasteland",100,2,
,,,"MinigunDudeSummer",20,30,
,,,"MinigunDudeSummer",30,30,
,,,"MinigunDudeSummer",40,25,
,,,"MinigunDudeSummer",50,12,
,,,"MinigunDudeSummer",100,3,
,,,"FireDudeMasked",20,30,
,,,"FireDudeMasked",30,30,
,,,"FireDudeMasked",40,25,
,,,"FireDudeMasked",50,12,
,,,"FireDudeMasked",100,3,
,,,"DuplicatorDarkcircus",20,30,
,,,"DuplicatorDarkcircus",30,30,
,,,"DuplicatorDarkcircus",40,25,
,,,"DuplicatorDarkcircus",50,12,
,,,"DuplicatorDarkcircus",100,3,
,,,"KnightKrampus",20,30,
,,,"KnightKrampus",30,30,
,,,"KnightKrampus",40,25,
,,,"KnightKrampus",50,12,
,,,"KnightKrampus",100,3,
,,,"MechaDudeJaguar",20,30,
,,,"MechaDudeJaguar",30,30,
,,,"MechaDudeJaguar",40,25,
,,,"MechaDudeJaguar",50,12,
,,,"MechaDudeJaguar",100,3,
,,,"DuplicatorVillain",20,30,
,,,"DuplicatorVillain",30,30,
,,,"DuplicatorVillain",40,25,
,,,"DuplicatorVillain",50,12,
,,,"DuplicatorVillain",100,3,
,,,"TntGuyChef",20,30,
,,,"TntGuyChef",30,30,
,,,"TntGuyChef",40,25,
,,,"TntGuyChef",50,12,
,,,"TntGuyChef",100,3,
,,,"IceDudeStonetroll",20,30,
,,,"IceDudeStonetroll",30,30,
,,,"IceDudeStonetroll",40,25,
,,,"IceDudeStonetroll",50,12,
,,,"IceDudeStonetroll",100,3,
,,,"CookerDeepsea",20,30,
,,,"CookerDeepsea",30,30,
,,,"CookerDeepsea",40,25,
,,,"CookerDeepsea",50,12,
,,,"CookerDeepsea",100,3,
,,,"LuchadorRudo",20,30,
,,,"LuchadorRudo",30,30,
,,,"LuchadorRudo",40,25,
,,,"LuchadorRudo",50,12,
,,,"LuchadorRudo",100,3,
,,,"TntDudePsg",20,30,
,,,"TntDudePsg",30,30,
,,,"TntDudePsg",40,25,
,,,"TntDudePsg",50,12,
,,,"TntDudePsg",100,3,
,,,"MechaDudeMonsterTruck",20,30,
,,,"MechaDudeMonsterTruck",30,30,
,,,"MechaDudeMonsterTruck",40,25,
,,,"MechaDudeMonsterTruck",50,12,
,,,"MechaDudeMonsterTruck",100,3,
,,,"BeeSniperArchvillain",20,30,
,,,"BeeSniperArchvillain",30,30,
,,,"BeeSniperArchvillain",40,25,
,,,"BeeSniperArchvillain",50,12,
,,,"BeeSniperArchvillain",100,3,
,,,"RocketGirlBeach",20,30,
,,,"RocketGirlBeach",30,30,
,,,"RocketGirlBeach",40,25,
,,,"RocketGirlBeach",50,12,
,,,"RocketGirlBeach",100,3,
,,,"SpawnerDudeDaruma",20,30,
,,,"SpawnerDudeDaruma",30,30,
,,,"SpawnerDudeDaruma",40,25,
,,,"SpawnerDudeDaruma",50,12,
,,,"SpawnerDudeDaruma",100,3,
,,,"SpawnerDudeFly",20,30,
,,,"SpawnerDudeFly",30,30,
,,,"SpawnerDudeFly",40,25,
,,,"SpawnerDudeFly",50,12,
,,,"SpawnerDudeFly",100,3,
,,,"RosaMantis",20,30,
,,,"RosaMantis",30,30,
,,,"RosaMantis",40,25,
,,,"RosaMantis",50,12,
,,,"RosaMantis",100,3,
,,,"MechanicSummer",20,30,
,,,"MechanicSummer",30,30,
,,,"MechanicSummer",40,25,
,,,"MechanicSummer",50,12,
,,,"MechanicSummer",100,3,
,,,"IceDudeBurger",20,30,
,,,"IceDudeBurger",30,30,
,,,"IceDudeBurger",40,25,
,,,"IceDudeBurger",50,12,
,,,"IceDudeBurger",100,3,
,,,"RocketGirlBoombox",20,30,
,,,"RocketGirlBoombox",30,30,
,,,"RocketGirlBoombox",40,25,
,,,"RocketGirlBoombox",50,12,
,,,"RocketGirlBoombox",100,3,
,,,"CrossBomberEaster",20,30,
,,,"CrossBomberEaster",30,30,
,,,"CrossBomberEaster",40,25,
,,,"CrossBomberEaster",50,12,
,,,"CrossBomberEaster",100,3,
,,,"WallyPrinceChroma",20,30,
,,,"WallyPrinceChroma",30,30,
,,,"WallyPrinceChroma",40,25,
,,,"WallyPrinceChroma",50,12,
,,,"WallyPrinceChroma",100,3,
,,,"RosaCoco",20,30,
,,,"RosaCoco",30,30,
,,,"RosaCoco",40,25,
,,,"RosaCoco",50,12,
,,,"RosaCoco",100,3,
,,,"WallyPrince",20,30,
,,,"WallyPrince",30,30,
,,,"WallyPrince",40,25,
,,,"WallyPrince",50,12,
,,,"WallyPrince",100,3,
,,,"IceDudeCrooner",20,30,
,,,"IceDudeCrooner",30,30,
,,,"IceDudeCrooner",40,25,
,,,"IceDudeCrooner",50,12,
,,,"IceDudeCrooner",100,3,
,,,"RuffsMarshall",20,30,
,,,"RuffsMarshall",30,30,
,,,"RuffsMarshall",40,25,
,,,"RuffsMarshall",50,12,
,,,"RuffsMarshall",100,3,
"Random Super Rare Skin",10,,"DrillerDeepsea",0,100,
,,,"BeeSniperVirus",0,100,
,,,"RollerGoodRandoms",0,100,
,,,"MummyHarajuku",0,100,
,,,"TntDudeClassic_yellow",0,100,
,,,"MorningstarGreekGod",0,100,
,,,"CrabKaiju",0,100,
,,,"AttacherToy",0,100,
,,,"BowDudeBrawlentine",0,100,
,,,"InsectManGreek",0,100,
,,,"TntGuyBrawlentine",0,100,
,,,"KickerDudeOcto",0,100,
,,,"EnragerDuel",0,100,
,,,"HookDudeAngel",0,100,
,,,"TrickshotDudeClassic_red",0,100,
,,,"BaseballZombibi",0,100,
,,,"VoodooSandsOfTimes",0,100,
,,,"SpawnerDudeGym",0,100,
,,,"ShotgunGirlClassic_white",0,100,
,,,"LuchadorCorazon",0,100,
,,,"BullDudeViking_remake_orange",0,100,
,,,"FrankCavemanRed",0,100,
,,,"NinjaShark",0,100,
,,,"KnightToon",0,100,
,,,"RuffsSandsOfTimes",0,100,
,,,"CookerOnceupon",0,100,
,,,"PowerLevelerKong",0,100,
,,,"CannonGirlGreekGod",0,100,
,,,"GunslingerPaintball",0,100,
,,,"RocketGirlClassic_white",0,100,
,,,"HammerDudeDJ",0,100,
,,,"DoorManDetective",0,100,
,,,"BullGuyFootbull",0,100,
,,,"JetpackGirlPopstar",0,100,
,,,"LuchadorButler",0,100,
,,,"TrickshotDudeFirefly",0,100,
,,,"RollerPunk",0,100,
,,,"ShamanSummer",0,100,
,,,"ShamanKoala",0,100,
,,,"ShamanGummybear",0,100,
,,,"GunslingerHeist",0,100,
,,,"JesterWoodspirit",0,100,
,,,"CactusFireproof",0,100,
,,,"FishTankHarvest",0,100,
,,,"MechaDudeRhino",0,100,
,,,"SpeedyHermes",0,100,
,,,"CrowSuper",0,100,
,,,"BeeSniperCat",0,100,
,,,"ElectroSniperPlanthunter",0,100,
,,,"NinjaDino",0,100,
,,,"ArtilleryGalBunny",0,100,
,,,"CannonGirlDeepsea",0,100,
,,,"ClusterBombMonster",0,100,
,,,"ControllerEaster",0,100,
,,,"BarrelBotFootball",0,100,
,,,"BarkeepUnicorn",0,100,
,,,"SandstormGiftShop",0,100,
,,,"StickyBombVeteran",0,100,
,,,"SpeedyTracksuit",0,100,
,,,"SpeedyLeopard",0,100,
,,,"UndertakerBeach",0,100,
,,,"StickyBombRabbit",0,100,
,,,"BaseballWarrior",0,100,
,,,"WallyWeirdPlant",0,100,
,,,"WhirlwindHogrider",0,100,
,,,"StickyBombPotato",0,100,
,,,"BaseballVigilante",0,100,
,,,"CrowWhite",0,100,
,,,"LuchadorAtomic",0,100,
,,,"PowerLevelerDIY",0,100,
,,,"ShotgunGirlFootball",0,100,
,,,"PuppeteerWasteland",0,100,
,,,"WeaponThrowerDarkcircus",0,100,
,,,"MinigunDudeBroker",0,100,
,,,"BullGuyHair",0,100,
,,,"BarkeepMaple",0,100,
,,,"FrankCaveman",0,100,
,,,"CactusPink",0,100,
,,,"MinigunDudeSummer",0,100,
,,,"KnightKrampus",0,100,
,,,"DuplicatorVillain",0,100,
,,,"LuchadorRudo",0,100,
,,,"BeeSniperArchvillain",0,100,
,,,"RocketGirlBeach",0,100,
,,,"SpawnerDudeDaruma",0,100,
,,,"SpawnerDudeFly",0,100,
,,,"MechanicSummer",0,100,
,,,"IceDudeBurger",0,100,
,,,"RocketGirlBoombox",0,100,
,,,"CrossBomberEaster",0,100,
,,,"WallyPrinceChroma",0,100,
,,,"WallyPrince",0,100,
,,,"IceDudeCrooner",0,100,
,,,"RuffsMarshall",0,100,
"Random Epic Skin",5,,"EnragerKaijuChroma1",0,100,
,,,"EnragerKaijuChroma2",0,100,
,,,"EnragerKaiju",0,100,
,,,"PercenterKaiju",0,100,
,,,"BaseballVillain",0,100,
,,,"BaseballVillainChromaBlue",0,100,
,,,"BaseballVillainChromaPink",0,100,
,,,"AssaultShotgunKaiju",0,100,
,,,"StickyBombSandsOfTimes",0,100,
,,,"SniperJapanChromaBlue",0,100,
,,,"SniperJapanChromaGreen",0,100,
,,,"SniperJapan",0,100,
,,,"HammerDudeSandsOfTimes",0,100,
,,,"HammerDudeSandsOfTimesDark",0,100,
,,,"HammerDudeSandsOfTimesLight",0,100,
,,,"GunslingerDarkAngelChroma",0,100,
,,,"MummyDemon",0,100,
,,,"PercenterChromaDemonRed",0,100,
,,,"CrossBomberSupercellMake",0,100,
,,,"RopeDudeGoodRandoms",0,100,
,,,"ReviverFantasy",0,100,
,,,"LeaperKaiju",0,100,
,,,"LuchadorCarreta",0,100,
,,,"MummyGreekRed",0,100,
,,,"MummyGreekBlue",0,100,
,,,"MummyGreek",0,100,
,,,"CactusCarreta",0,100,
,,,"SamuraiStarrForceChroma2",0,100,
,,,"SamuraiStarrForceChroma1",0,100,
,,,"SamuraiStarrForce",0,100,
,,,"BeamerOnceupon",0,100,
,,,"PowerLevelerOnceupon_Gold",0,100,
,,,"PowerLevelerOnceupon",0,100,
,,,"PowerLevelerOnceupon_Red",0,100,
,,,"SniperCarnival",0,100,
,,,"AmbusherAngel",0,100,
,,,"MaisieToonChroma2",0,100,
,,,"MaisieToon",0,100,
,,,"MaisieToonChroma1",0,100,
,,,"SpeedyAngel",0,100,
,,,"KickerDudeMake",0,100,
,,,"AxeJugglerGoodRandomsChroma1",0,100,
,,,"AxeJugglerGoodRandoms",0,100,
,,,"AxeJugglerGoodRandomsChroma2",0,100,
,,,"SilencerDemon",0,100,
,,,"JesterBrawlAcademy",0,100,
,,,"BaseballPirate",0,100,
,,,"DeadMariachiorigins",0,100,
,,,"ShotgunGirlDancerBlue",0,100,
,,,"ShotgunGirlDancerPurple",0,100,
,,,"ShotgunGirlDancer",0,100,
,,,"CrowVulture",0,100,
,,,"SandstormMake",0,100,
,,,"RocketGirlVirusRGB",0,100,
,,,"RocketGirlVirusGold",0,100,
,,,"RocketGirlVirus",0,100,
,,,"DuelistOdin",0,100,
,,,"PercenteranimeChromaYellow",0,100,
,,,"Percenteranime",0,100,
,,,"PercenteranimeChromaGreen",0,100,
,,,"JesterLoki",0,100,
,,,"AxeJugglerGym",0,100,
,,,"BlowerDeepsea",0,100,
,,,"AttacherBoxerChromaGoldpaw",0,100,
,,,"AttacherBoxer",0,100,
,,,"TntDudeDynastic",0,100,
,,,"AttacherBoxerChromaDarkpaw",0,100,
,,,"PuppeteerDemon",0,100,
,,,"TwinsAngel",0,100,
,,,"TwinsAngelChroma2",0,100,
,,,"TwinsAngelChroma1",0,100,
,,,"AttacherOnceupon",0,100,
,,,"DiggerStarrForce",0,100,
,,,"SandstormDeepseaYellow",0,100,
,,,"SandstormDeepseaPurple",0,100,
,,,"SandstormDeepsea",0,100,
,,,"BarrelBotGreekGod",0,100,
,,,"EnragerVine",0,100,
,,,"PowerLevelerKraken",0,100,
,,,"StalkerBrawlentine",0,100,
,,,"HammerDudeknight",0,100,
,,,"RopeDudeFenrir",0,100,
,,,"RopeDudeFenrirBlack",0,100,
,,,"RopeDudeFenrirRed",0,100,
,,,"JesterHarvest",0,100,
,,,"TntDudeTengu",0,100,
,,,"FireDudeFantasy",0,100,
,,,"PainterGreekGod",0,100,
,,,"WhirlwindCarreta",0,100,
,,,"MummyDj",0,100,
,,,"ArtilleryGalBrawlAcademy",0,100,
,,,"BarkeepBrawlAcademy",0,100,
,,,"ControllerOnceupon",0,100,
,,,"LeaperDarkXmas",0,100,
,,,"WeaponThrowerSteamPunk",0,100,
,,,"WhirlwindSupercellMake",0,100,
,,,"PercenterInspector",0,100,
,,,"CocoonerGym",0,100,
,,,"BanditGirlStar_remake",0,100,
,,,"SilencerOni",0,100,
,,,"JetpackGirlSupercellMake",0,100,
,,,"SniperMariposa",0,100,
,,,"MeepleSandsOfTimes",0,100,
,,,"DeadMariachiGoodRandoms",0,100,
,,,"DuelistBrain",0,100,
,,,"BeamerLavaQueen",0,100,
,,,"UndertakerBazaar",0,100,
,,,"TrickshotDudeChicken",0,100,
,,,"SniperMoon",0,100,
,,,"GunslingerMonkey",0,100,
,,,"ShieldTankSupercellMake",0,100,
,,,"Cactusmecha",0,100,
,,,"TrickshotDudeDevil",0,100,
,,,"RopeDudeLollipop",0,100,
,,,"SkaterSandsOfTimes",0,100,
,,,"WeaponThrowerSupercellMake",0,100,
,,,"BullDudeLion",0,100,
,,,"SnakeOilVillain",0,100,
,,,"ConductorSupercellMake",0,100,
,,,"MaisieSnake",0,100,
,,,"FireDudeMake",0,100,
,,,"Beamerharvest",0,100,
,,,"RocketGirlDelivery",0,100,
,,,"UndertakerNightwitch",0,100,
,,,"PowerLevelerGenie",0,100,
,,,"CocoonerRosie",0,100,
,,,"KickerDudeBaseballRed",0,100,
,,,"DeadMariachiOutlaw",0,100,
,,,"DeadMariachiPunk",0,100,
,,,"BlackHoleStreetNinja_remake",0,100,
,,,"DuplicatorKitsune",0,100,
,,,"DuplicatorGiftsToy",0,100,
,,,"PowerLevelerKnight_red",0,100,
,,,"BullDudeAlleycat",0,100,
,,,"SniperValentines",0,100,
,,,"AssaultShotgunTreasure",0,100,
,,,"BowDudeHorus",0,100,
,,,"LuchadorDragon",0,100,
,,,"ShamanDragon_black",0,100,
,,,"GunslingerDarkAngel",0,100,
,,,"BowDudeDemonic",0,100,
,,,"BowDudeWasp",0,100,
,,,"TrickshotDudeBazaar",0,100,
,,,"MummyGiftShop",0,100,
,,,"KickerDudeBaseballBlue",0,100,
,,,"ShamanShiba",0,100,
,,,"HookDudeMake",0,100,
,,,"BeeSniperMonster",0,100,
,,,"BeeSniperCatGold",0,100,
,,,"ArtilleryDudeZombie",0,100,
,,,"ArcadePiano_black",0,100,
,,,"SnakeOilWizard_white",0,100,
,,,"RocketGirlRanger_red",0,100,
,,,"RopeDudeDirector_blue",0,100,
,,,"ElectroSniperCoral",0,100,
,,,"BlackHoleDevious",0,100,
,,,"RocketGirlRanger_blue",0,100,
,,,"RocketGirlRanger_black",0,100,
,,,"BarrelBotCrash",0,100,
,,,"RocketGirlRanger_yellow",0,100,
,,,"RocketGirlRanger_pink",0,100,
,,,"SilencerPharaoh",0,100,
,,,"RosaToon",0,100,
,,,"ElectroSniperSCmake",0,100,
,,,"UndertakerGreaser",0,100,
,,,"TrickshotPopcorn",0,100,
,,,"CannonGirlVillain",0,100,
,,,"PercenterGladiator",0,100,
,,,"DuplicatorOutlaw",0,100,
,,,"WhirlwindBiker",0,100,
,,,"BlowerBusters",0,100,
,,,"DuelistWasteland",0,100,
,,,"TrickshotGold",0,100,
,,,"AxeJugglerGreek",0,100,
,,,"StickyBombUniversity",0,100,
,,,"WeaponThrowerYeti",0,100,
,,,"BlowerNutcracker",0,100,
,,,"WallyDeepsea",0,100,
,,,"KnightPinata",0,100,
,,,"ArcadeHauntedHouse",0,100,
,,,"PocoValentine",0,100,
,,,"BlackHoleMisfortune",0,100,
,,,"TwinsVirus",0,100,
,,,"SplitterCultist",0,100,
,,,"MechanicTanuki",0,100,
,,,"ArtilleryDudeSmuggler_orange",0,100,
,,,"JetpackGirlValkyrie",0,100,
,,,"SandstormLantern",0,100,
,,,"KnightPizza",0,100,
,,,"WeaponThrowerEmperor",0,100,
,,,"ShieldTankChainsaw",0,100,
,,,"SpawnerDudeMake",0,100,
,,,"DrillerMonster",0,100,
,,,"WhirlwindRamadan",0,100,
,,,"WallyMoon",0,100,
,,,"DrillerJetski_purple",0,100,
,,,"LuchadorRey",0,100,
,,,"HookDudeBazaar",0,100,
,,,"JetpackGirlDarkFairy",0,100,
,,,"BarrelBotCupcake",0,100,
,,,"LuchadorDragonChroma",0,100,
,,,"FleaSpaceCactus",0,100,
,,,"MechanicKnight",0,100,
,,,"MaisieWasteland",0,100,
,,,"TntDudeFootball",0,100,
,,,"RosaUniversity",0,100,
,,,"ShieldTankCroc",0,100,
,,,"FireDudeMasked",0,100,
,,,"DuplicatorDarkcircus",0,100,
,,,"MechaDudeJaguar",0,100,
,,,"TntGuyChef",0,100,
,,,"IceDudeStonetroll",0,100,
,,,"CookerDeepsea",0,100,
,,,"TntDudePsg",0,100,
,,,"MechaDudeMonsterTruck",0,100,
,,,"RosaMantis",0,100,
,,,"RosaCoco",0,100,
"Random Mythic Skin",4,,"TrickshotDudeAprilFools",0,100,
,,,"AmbusherFantasy",0,100,
,,,"CrowHarvest",0,100,
,,,"RocketGirlSteamPunk",0,100,
,,,"BeamerCarnival",0,100,
,,,"SniperGreek",0,100,
,,,"EnragerThief",0,100,
,,,"DrillerFantasy",0,100,
,,,"Fury199GemChroma1",0,100,
,,,"Fury199GemChroma2",0,100,
,,,"Fury199Gem",0,100,
,,,"IceDudeToon",0,100,
,,,"KickerDudeVirus",0,100,
,,,"ElectroSniperFantasy",0,100,
,,,"CactusPoop",0,100,
,,,"MinigunDudeAprilFools",0,100,
,,,"Bulletstorm199GemChroma1",0,100,
,,,"StickyBombBrawlentine",0,100,
,,,"Bulletstorm199Gem",0,100,
,,,"MechanicSkadi",0,100,
,,,"Bulletstorm199GemChroma2",0,100,
,,,"RocketGirlZeus",0,100,
,,,"BaseballGamer_remake",0,100,
,,,"Dancer199Gem",0,100,
,,,"Dancer199GemChroma1",0,100,
,,,"Dancer199GemChroma2",0,100,
,,,"CookerPorcelain",0,100,
,,,"DaredevilScarecrow199GemChroma2",0,100,
,,,"DaredevilScarecrow",0,100,
,,,"ControllerAres",0,100,
,,,"ClusterBombDudeCerberus",0,100,
,,,"BullDudeGreek",0,100,
,,,"DaredevilScarecrow199GemChroma1",0,100,
,,,"ArtilleryGalToy",0,100,
,,,"DeadMariachiOnceupon",0,100,
,,,"MechaDudePirate",0,100,
,,,"TntDudeToxic",0,100,
,,,"FishTankSurfer",0,100,
,,,"BowDudeHinduChroma",0,100,
,,,"HammerDudeHindu",0,100,
,,,"LuchadorSuperbowl",0,100,
,,,"SnakeOilDarkcircus",0,100,
,,,"SplitterGreek",0,100,
,,,"JetpackGirlMoon",0,100,
,,,"CrossBomberHindu",0,100,
,,,"FishTankWasteland",0,100,
"Random Legendary Skin",3,,"GeishaSteamPunk",0,100,
,,,"PowerLevelerPorcelain",0,100,
,,,"ChronomancerKaiju",0,100,
,,,"MechanicMecha",0,100,
,,,"SandstormGreekGod",0,100,
,,,"DuelistToon",0,100,
,,,"NinjaMecha",0,100,
,,,"GhostBrawlentine",0,100,
,,,"EnragerMecha",0,100,
,,,"BaseballThor",0,100,
,,,"Cactuscartoon",0,100,
,,,"GunslingerMecha",0,100,
,,,"DragonRiderOnceupon",0,100,
,,,"UndertakerMecha",0,100,
,,,"RollerUniversity",0,100,
,,,"ShamanDarkcircus",0,100,
,,,"CocoonerVirus",0,100,
,,,"FireDudeFrost",0,100,
,,,"CrowMecha",0,100,
,,,"CrowPheonix",0,100,
,,,"TntDudeMecha",0,100,
,,,"BoMecha",0,100,
,,,"MinigunDudeQueen",0,100,
,,,"ConductorScorpion",0,100,
"Choose Super Rare Skin 1",5,,"SpeedyLeopard",0,100,
,,,"ArtilleryGalBunny",0,100,
,,,"JesterWoodspirit",0,100,
,,,"CrowSuper",0,100,
,,,"TrickshotDudeFirefly",0,100,
,,,"RollerPunk",0,100,
,,,"JetpackGirlPopstar",0,100,
,,,"DuplicatorVillain",0,100,
,,,"ShotgunGirlFootball",0,100,
,,,"CookerOnceupon",0,100,
,,,"EnragerDuel",0,100,
,,,"BarkeepUnicorn",0,100,
,,,"BarrelBotFootball",0,100,
,,,"LuchadorRudo",0,100,
,,,"NinjaDino",0,100,
,,,"SpawnerDudeGym",0,100,
,,,"TntDudeClassic_yellow",0,100,
,,,"AttacherToy",0,100,
,,,"BullGuyFootbull",0,100,
,,,"BaseballVigilante",0,100,
,,,"WallyPrince",0,100,
,,,"RuffsMarshall",0,100,
,,,"RocketGirlBoombox",0,100,
,,,"TrickshotDudeClassic_red",0,100,
"Choose Super Rare Skin 2",5,,"PowerLevelerDIY",0,100,
,,,"SpeedyHermes",0,100,
,,,"ShamanGummybear",0,100,
,,,"BeeSniperCat",0,100,
,,,"ClusterBombMonster",0,100,
,,,"SandstormGiftShop",0,100,
,,,"MinigunDudeSummer",0,100,
,,,"RuffsSandsOfTimes",0,100,
,,,"BowDudeBrawlentine",0,100,
,,,"TntGuyBrawlentine",0,100,
,,,"BeeSniperArchvillain",0,100,
,,,"UndertakerBeach",0,100,
,,,"BullGuyHair",0,100,
,,,"FishTankHarvest",0,100,
,,,"HammerDudeDJ",0,100,
,,,"InsectManGreek",0,100,
,,,"MechanicSummer",0,100,
,,,"MinigunDudeBroker",0,100,
,,,"ShamanSummer",0,100,
,,,"RocketGirlBeach",0,100,
,,,"BullDudeViking_remake_orange",0,100,
,,,"FrankCavemanRed",0,100,
,,,"LuchadorAtomic",0,100,
,,,"StickyBombRabbit",0,100,
"Choose Super Rare Skin 3",5,,"LuchadorCorazon",0,100,
,,,"CactusPink",0,100,
,,,"CrossBomberEaster",0,100,
,,,"ShamanKoala",0,100,
,,,"NinjaShark",0,100,
,,,"BaseballWarrior",0,100,
,,,"HookDudeAngel",0,100,
,,,"SpawnerDudeFly",0,100,
,,,"KickerDudeOcto",0,100,
,,,"StickyBombPotato",0,100,
,,,"BarkeepMaple",0,100,
,,,"DoorManDetective",0,100,
,,,"MechaDudeRhino",0,100,
,,,"BeeSniperVirus",0,100,
,,,"RollerGoodRandoms",0,100,
,,,"FrankCaveman",0,100,
,,,"GunslingerPaintball",0,100,
,,,"CrabKaiju",0,100,
,,,"MorningstarGreekGod",0,100,
,,,"WallyPrinceChroma",0,100,
,,,"BaseballZombibi",0,100,
,,,"ShotgunGirlClassic_white",0,100,
,,,"PowerLevelerKong",0,100,
"Choose Super Rare Skin 4",5,,"CactusFireproof",0,100,
,,,"VoodooSandsOfTimes",0,100,
,,,"PuppeteerWasteland",0,100,
,,,"StickyBombVeteran",0,100,
,,,"CannonGirlGreekGod",0,100,
,,,"RocketGirlClassic_white",0,100,
,,,"SpeedyTracksuit",0,100,
,,,"ControllerEaster",0,100,
,,,"KnightKrampus",0,100,
,,,"WhirlwindHogrider",0,100,
,,,"IceDudeBurger",0,100,
,,,"DrillerDeepsea",0,100,
,,,"WeaponThrowerDarkcircus",0,100,
,,,"CrowWhite",0,100,
,,,"KnightToon",0,100,
,,,"IceDudeCrooner",0,100,
,,,"LuchadorButler",0,100,
,,,"WallyWeirdPlant",0,100,
,,,"SpawnerDudeDaruma",0,100,
,,,"CannonGirlDeepsea",0,100,
,,,"MummyHarajuku",0,100,
,,,"ElectroSniperPlanthunter",0,100,
,,,"GunslingerHeist",0,100,
"Choose Epic Skin 1",3,,"RocketGirlVirusRGB",0,100,
,,,"JetpackGirlSupercellMake",0,100,
,,,"RopeDudeLollipop",0,100,
,,,"SniperMoon",0,100,
,,,"BeeSniperMonster",0,100,
,,,"ShieldTankSupercellMake",0,100,
,,,"DeadMariachiPunk",0,100,
,,,"AttacherBoxer",0,100,
,,,"WeaponThrowerEmperor",0,100,
,,,"ShamanShiba",0,100,
,,,"LuchadorRey",0,100,
,,,"SniperJapanChromaGreen",0,100,
,,,"RocketGirlVirus",0,100,
,,,"BowDudeHorus",0,100,
,,,"PainterGreekGod",0,100,
,,,"BeamerOnceupon",0,100,
,,,"AxeJugglerGoodRandomsChroma1",0,100,
,,,"BarrelBotCupcake",0,100,
,,,"ReviverFantasy",0,100,
,,,"SnakeOilWizard_white",0,100,
,,,"Beamerharvest",0,100,
,,,"MaisieToonChroma2",0,100,
,,,"BarrelBotCrash",0,100,
,,,"UndertakerNightwitch",0,100,
,,,"TntDudeFootball",0,100,
,,,"PowerLevelerOnceupon_Red",0,100,
,,,"WeaponThrowerYeti",0,100,
,,,"BeamerLavaQueen",0,100,
"Choose Epic Skin 2",3,,"AttacherBoxerChromaGoldpaw",0,100,
,,,"SilencerOni",0,100,
,,,"GunslingerDarkAngelChroma",0,100,
,,,"RocketGirlVirusGold",0,100,
,,,"SamuraiStarrForceChroma2",0,100,
,,,"HookDudeBazaar",0,100,
,,,"HammerDudeSandsOfTimesLight",0,100,
,,,"MummyDemon",0,100,
,,,"SpawnerDudeMake",0,100,
,,,"AxeJugglerGreek",0,100,
,,,"MummyGreekRed",0,100,
,,,"RocketGirlRanger_black",0,100,
,,,"TrickshotPopcorn",0,100,
,,,"ArcadePiano_black",0,100,
,,,"PercenteranimeChromaYellow",0,100,
,,,"BlowerBusters",0,100,
,,,"DuplicatorDarkcircus",0,100,
,,,"KnightPinata",0,100,
,,,"TwinsAngelChroma1",0,100,
,,,"PercenterKaiju",0,100,
,,,"StalkerBrawlentine",0,100,
,,,"SilencerDemon",0,100,
,,,"MummyGreekBlue",0,100,
,,,"BanditGirlStar_remake",0,100,
,,,"PowerLevelerOnceupon",0,100,
,,,"AxeJugglerGoodRandoms",0,100,
,,,"StickyBombSandsOfTimes",0,100,
"Choose Epic Skin 3",3,,"Percenteranime",0,100,
,,,"CocoonerGym",0,100,
,,,"SnakeOilVillain",0,100,
,,,"TrickshotDudeDevil",0,100,
,,,"WhirlwindSupercellMake",0,100,
,,,"RosaMantis",0,100,
,,,"RopeDudeFenrirRed",0,100,
,,,"MaisieSnake",0,100,
,,,"RosaUniversity",0,100,
,,,"AttacherBoxerChromaDarkpaw",0,100,
,,,"DeadMariachiGoodRandoms",0,100,
,,,"MaisieToon",0,100,
,,,"ShotgunGirlDancerBlue",0,100,
,,,"ShieldTankChainsaw",0,100,
,,,"TwinsAngelChroma2",0,100,
,,,"DuplicatorGiftsToy",0,100,
,,,"SpeedyAngel",0,100,
,,,"SandstormDeepseaPurple",0,100,
,,,"PercenterInspector",0,100,
,,,"BarkeepBrawlAcademy",0,100,
,,,"SniperJapanChromaBlue",0,100,
,,,"DuplicatorKitsune",0,100,
,,,"CrossBomberSupercellMake",0,100,
,,,"GunslingerDarkAngel",0,100,
,,,"Cactusmecha",0,100,
,,,"AmbusherAngel",0,100,
,,,"BarrelBotGreekGod",0,100,
"Choose Epic Skin 4",3,,"RopeDudeGoodRandoms",0,100,
,,,"DeadMariachiorigins",0,100,
,,,"ElectroSniperCoral",0,100,
,,,"MaisieToonChroma1",0,100,
,,,"BaseballVillain",0,100,
,,,"UndertakerBazaar",0,100,
,,,"TrickshotDudeBazaar",0,100,
,,,"PuppeteerDemon",0,100,
,,,"BowDudeWasp",0,100,
,,,"GunslingerMonkey",0,100,
,,,"BullDudeAlleycat",0,100,
,,,"CannonGirlVillain",0,100,
,,,"MeepleSandsOfTimes",0,100,
,,,"PowerLevelerOnceupon_Gold",0,100,
,,,"DrillerJetski_purple",0,100,
,,,"FireDudeFantasy",0,100,
,,,"IceDudeStonetroll",0,100,
,,,"ArtilleryDudeZombie",0,100,
,,,"MechanicTanuki",0,100,
,,,"RocketGirlRanger_red",0,100,
,,,"EnragerVine",0,100,
,,,"SniperMariposa",0,100,
,,,"TntDudePsg",0,100,
,,,"ShamanDragon_black",0,100,
,,,"SandstormDeepseaYellow",0,100,
,,,"ShieldTankCroc",0,100,
,,,"HookDudeMake",0,100,
"Choose Epic Skin 5",3,,"LeaperKaiju",0,100,
,,,"BeeSniperCatGold",0,100,
,,,"BlackHoleMisfortune",0,100,
,,,"BaseballPirate",0,100,
,,,"SandstormDeepsea",0,100,
,,,"DuplicatorOutlaw",0,100,
,,,"RocketGirlRanger_pink",0,100,
,,,"RosaCoco",0,100,
,,,"ShotgunGirlDancer",0,100,
,,,"LuchadorDragon",0,100,
,,,"BullDudeLion",0,100,
,,,"JetpackGirlDarkFairy",0,100,
,,,"JesterHarvest",0,100,
,,,"TntDudeTengu",0,100,
,,,"PowerLevelerKnight_red",0,100,
,,,"JesterLoki",0,100,
,,,"HammerDudeSandsOfTimesDark",0,100,
,,,"CocoonerRosie",0,100,
,,,"DuelistBrain",0,100,
,,,"LuchadorDragonChroma",0,100,
,,,"EnragerKaijuChroma1",0,100,
,,,"KickerDudeBaseballBlue",0,100,
,,,"KickerDudeMake",0,100,
,,,"BlackHoleStreetNinja_remake",0,100,
,,,"TwinsVirus",0,100,
,,,"RocketGirlDelivery",0,100,
,,,"WeaponThrowerSteamPunk",0,100,
"Choose Epic Skin 6",3,,"ShotgunGirlDancerPurple",0,100,
,,,"DuelistOdin",0,100,
,,,"RosaToon",0,100,
,,,"StickyBombUniversity",0,100,
,,,"TrickshotDudeChicken",0,100,
,,,"RopeDudeDirector_blue",0,100,
,,,"DiggerStarrForce",0,100,
,,,"ArcadeHauntedHouse",0,100,
,,,"MummyGreek",0,100,
,,,"RopeDudeFenrir",0,100,
,,,"SamuraiStarrForce",0,100,
,,,"BaseballVillainChromaPink",0,100,
,,,"BlackHoleDevious",0,100,
,,,"PocoValentine",0,100,
,,,"HammerDudeknight",0,100,
,,,"ElectroSniperSCmake",0,100,
,,,"FireDudeMasked",0,100,
,,,"PercenterChromaDemonRed",0,100,
,,,"AttacherOnceupon",0,100,
,,,"PowerLevelerKraken",0,100,
,,,"MechanicKnight",0,100,
,,,"BlowerNutcracker",0,100,
,,,"ArtilleryDudeSmuggler_orange",0,100,
,,,"TntDudeDynastic",0,100,
,,,"CookerDeepsea",0,100,
,,,"PercenteranimeChromaGreen",0,100,
,,,"SniperCarnival",0,100,
"Choose Epic Skin 7",3,,"JesterBrawlAcademy",0,100,
,,,"MechaDudeJaguar",0,100,
,,,"SniperValentines",0,100,
,,,"TrickshotGold",0,100,
,,,"LuchadorCarreta",0,100,
,,,"AxeJugglerGoodRandomsChroma2",0,100,
,,,"WallyDeepsea",0,100,
,,,"SandstormLantern",0,100,
,,,"AxeJugglerGym",0,100,
,,,"AssaultShotgunKaiju",0,100,
,,,"WhirlwindCarreta",0,100,
,,,"HammerDudeSandsOfTimes",0,100,
,,,"PercenterGladiator",0,100,
,,,"JetpackGirlValkyrie",0,100,
,,,"SandstormMake",0,100,
,,,"PowerLevelerGenie",0,100,
,,,"SamuraiStarrForceChroma1",0,100,
,,,"AssaultShotgunTreasure",0,100,
,,,"FleaSpaceCactus",0,100,
,,,"ControllerOnceupon",0,100,
,,,"BaseballVillainChromaBlue",0,100,
,,,"SkaterSandsOfTimes",0,100,
,,,"BowDudeDemonic",0,100,
,,,"SplitterCultist",0,100,
,,,"RocketGirlRanger_yellow",0,100,
,,,"WhirlwindRamadan",0,100,
,,,"RocketGirlRanger_blue",0,100,
"Choose Epic Skin 8",3,,"UndertakerGreaser",0,100,
,,,"RopeDudeFenrirBlack",0,100,
,,,"EnragerKaijuChroma2",0,100,
,,,"ArtilleryGalBrawlAcademy",0,100,
,,,"CrowVulture",0,100,
,,,"DeadMariachiOutlaw",0,100,
,,,"LeaperDarkXmas",0,100,
,,,"WeaponThrowerSupercellMake",0,100,
,,,"CactusCarreta",0,100,
,,,"MaisieWasteland",0,100,
,,,"KickerDudeBaseballRed",0,100,
,,,"SniperJapan",0,100,
,,,"EnragerKaiju",0,100,
,,,"ConductorSupercellMake",0,100,
,,,"MummyGiftShop",0,100,
,,,"DuelistWasteland",0,100,
,,,"FireDudeMake",0,100,
,,,"MechaDudeMonsterTruck",0,100,
,,,"BlowerDeepsea",0,100,
,,,"MummyDj",0,100,
,,,"WhirlwindBiker",0,100,
,,,"SilencerPharaoh",0,100,
,,,"TntGuyChef",0,100,
,,,"KnightPizza",0,100,
,,,"WallyMoon",0,100,
,,,"DrillerMonster",0,100,
,,,"TwinsAngel",0,100,
"Choose Mythic Skin 1",2,,"DaredevilScarecrow199GemChroma2",0,100,
,,,"LuchadorSuperbowl",0,100,
,,,"EnragerThief",0,100,
,,,"Dancer199GemChroma2",0,100,
,,,"AmbusherFantasy",0,100,
,,,"IceDudeToon",0,100,
,,,"KickerDudeVirus",0,100,
,,,"TntDudeToxic",0,100,
,,,"ArtilleryGalToy",0,100,
,,,"BowDudeHinduChroma",0,100,
,,,"ElectroSniperFantasy",0,100,
,,,"Bulletstorm199GemChroma2",0,100,
,,,"Bulletstorm199GemChroma1",0,100,
,,,"BeamerCarnival",0,100,
,,,"ControllerAres",0,100,
,,,"DeadMariachiOnceupon",0,100,
,,,"SnakeOilDarkcircus",0,100,
,,,"JetpackGirlMoon",0,100,
,,,"TrickshotDudeAprilFools",0,100,
,,,"SniperGreek",0,100,
,,,"DaredevilScarecrow199GemChroma1",0,100,
,,,"DrillerFantasy",0,100,
,,,"BullDudeGreek",0,100,
"Choose Mythic Skin 2",2,,"DaredevilScarecrow",0,100,
,,,"Fury199GemChroma2",0,100,
,,,"Dancer199Gem",0,100,
,,,"Dancer199GemChroma1",0,100,
,,,"ClusterBombDudeCerberus",0,100,
,,,"BaseballGamer_remake",0,100,
,,,"FishTankSurfer",0,100,
,,,"HammerDudeHindu",0,100,
,,,"RocketGirlZeus",0,100,
,,,"Fury199GemChroma1",0,100,
,,,"CrossBomberHindu",0,100,
,,,"RocketGirlSteamPunk",0,100,
,,,"Bulletstorm199Gem",0,100,
,,,"Fury199Gem",0,100,
,,,"CactusPoop",0,100,
,,,"MinigunDudeAprilFools",0,100,
,,,"CrowHarvest",0,100,
,,,"MechanicSkadi",0,100,
,,,"StickyBombBrawlentine",0,100,
,,,"CookerPorcelain",0,100,
,,,"FishTankWasteland",0,100,
,,,"SplitterGreek",0,100,
,,,"MechaDudePirate",0,100,
"Choose Legendary Skin",1,,"GeishaSteamPunk",0,100,
,,,"PowerLevelerPorcelain",0,100,
,,,"ChronomancerKaiju",0,100,
,,,"MechanicMecha",0,100,
,,,"SandstormGreekGod",0,100,
,,,"DuelistToon",0,100,
,,,"NinjaMecha",0,100,
,,,"GhostBrawlentine",0,100,
,,,"EnragerMecha",0,100,
,,,"BaseballThor",0,100,
,,,"Cactuscartoon",0,100,
,,,"GunslingerMecha",0,100,
,,,"DragonRiderOnceupon",0,100,
,,,"UndertakerMecha",0,100,
,,,"RollerUniversity",0,100,
,,,"ShamanDarkcircus",0,100,
,,,"CocoonerVirus",0,100,
,,,"FireDudeFrost",0,100,
,,,"CrowMecha",0,100,
,,,"CrowPheonix",0,100,
,,,"TntDudeMecha",0,100,
,,,"BoMecha",0,100,
,,,"MinigunDudeQueen",0,100,
,,,"ConductorScorpion",0,100,
"BOGO Super Rare Skin",5,,"DrillerDeepsea",50,100,
,,,"BeeSniperVirus",50,100,
,,,"RollerGoodRandoms",50,100,
,,,"MummyHarajuku",50,100,
,,,"TntDudeClassic_yellow",50,100,
,,,"MorningstarGreekGod",50,100,
,,,"CrabKaiju",50,100,
,,,"AttacherToy",50,100,
,,,"BowDudeBrawlentine",50,100,
,,,"InsectManGreek",50,100,
,,,"TntGuyBrawlentine",50,100,
,,,"KickerDudeOcto",50,100,
,,,"EnragerDuel",50,100,
,,,"HookDudeAngel",50,100,
,,,"TrickshotDudeClassic_red",50,100,
,,,"BaseballZombibi",50,100,
,,,"VoodooSandsOfTimes",50,100,
,,,"SpawnerDudeGym",50,100,
,,,"ShotgunGirlClassic_white",50,100,
,,,"LuchadorCorazon",50,100,
,,,"BullDudeViking_remake_orange",50,100,
,,,"FrankCavemanRed",50,100,
,,,"NinjaShark",50,100,
,,,"KnightToon",50,100,
,,,"RuffsSandsOfTimes",50,100,
,,,"CookerOnceupon",50,100,
,,,"PowerLevelerKong",50,100,
,,,"CannonGirlGreekGod",50,100,
,,,"GunslingerPaintball",50,100,
,,,"RocketGirlClassic_white",50,100,
,,,"HammerDudeDJ",50,100,
,,,"DoorManDetective",50,100,
,,,"BullGuyFootbull",50,100,
,,,"JetpackGirlPopstar",50,100,
,,,"LuchadorButler",50,100,
,,,"TrickshotDudeFirefly",50,100,
,,,"RollerPunk",50,100,
,,,"ShamanSummer",50,100,
,,,"ShamanKoala",50,100,
,,,"ShamanGummybear",50,100,
,,,"GunslingerHeist",50,100,
,,,"JesterWoodspirit",50,100,
,,,"CactusFireproof",50,100,
,,,"FishTankHarvest",50,100,
,,,"MechaDudeRhino",50,100,
,,,"SpeedyHermes",50,100,
,,,"CrowSuper",50,100,
,,,"BeeSniperCat",50,100,
,,,"ElectroSniperPlanthunter",50,100,
,,,"NinjaDino",50,100,
,,,"ArtilleryGalBunny",50,100,
,,,"CannonGirlDeepsea",50,100,
,,,"ClusterBombMonster",50,100,
,,,"ControllerEaster",50,100,
,,,"BarrelBotFootball",50,100,
,,,"BarkeepUnicorn",50,100,
,,,"SandstormGiftShop",50,100,
,,,"StickyBombVeteran",50,100,
,,,"SpeedyTracksuit",50,100,
,,,"SpeedyLeopard",50,100,
,,,"UndertakerBeach",50,100,
,,,"StickyBombRabbit",50,100,
,,,"BaseballWarrior",50,100,
,,,"WallyWeirdPlant",50,100,
,,,"WhirlwindHogrider",50,100,
,,,"StickyBombPotato",50,100,
,,,"BaseballVigilante",50,100,
,,,"CrowWhite",50,100,
,,,"LuchadorAtomic",50,100,
,,,"PowerLevelerDIY",50,100,
,,,"ShotgunGirlFootball",50,100,
,,,"PuppeteerWasteland",50,100,
,,,"WeaponThrowerDarkcircus",50,100,
,,,"MinigunDudeBroker",50,100,
,,,"BullGuyHair",50,100,
,,,"BarkeepMaple",50,100,
,,,"FrankCaveman",50,100,
,,,"CactusPink",50,100,
,,,"MinigunDudeSummer",50,100,
,,,"KnightKrampus",50,100,
,,,"DuplicatorVillain",50,100,
,,,"LuchadorRudo",50,100,
,,,"BeeSniperArchvillain",50,100,
,,,"RocketGirlBeach",50,100,
,,,"SpawnerDudeDaruma",50,100,
,,,"SpawnerDudeFly",50,100,
,,,"MechanicSummer",50,100,
,,,"IceDudeBurger",50,100,
,,,"RocketGirlBoombox",50,100,
,,,"CrossBomberEaster",50,100,
,,,"WallyPrinceChroma",50,100,
,,,"WallyPrince",50,100,
,,,"IceDudeCrooner",50,100,
,,,"RuffsMarshall",50,100,
"BOGO Epic Skin",3,,"EnragerKaijuChroma1",50,100,
,,,"EnragerKaijuChroma2",50,100,
,,,"EnragerKaiju",50,100,
,,,"PercenterKaiju",50,100,
,,,"BaseballVillain",50,100,
,,,"BaseballVillainChromaBlue",50,100,
,,,"BaseballVillainChromaPink",50,100,
,,,"AssaultShotgunKaiju",50,100,
,,,"StickyBombSandsOfTimes",50,100,
,,,"SniperJapanChromaBlue",50,100,
,,,"SniperJapanChromaGreen",50,100,
,,,"SniperJapan",50,100,
,,,"HammerDudeSandsOfTimes",50,100,
,,,"HammerDudeSandsOfTimesDark",50,100,
,,,"HammerDudeSandsOfTimesLight",50,100,
,,,"GunslingerDarkAngelChroma",50,100,
,,,"MummyDemon",50,100,
,,,"PercenterChromaDemonRed",50,100,
,,,"CrossBomberSupercellMake",50,100,
,,,"RopeDudeGoodRandoms",50,100,
,,,"ReviverFantasy",50,100,
,,,"LeaperKaiju",50,100,
,,,"LuchadorCarreta",50,100,
,,,"MummyGreekRed",50,100,
,,,"MummyGreekBlue",50,100,
,,,"MummyGreek",50,100,
,,,"CactusCarreta",50,100,
,,,"SamuraiStarrForceChroma2",50,100,
,,,"SamuraiStarrForceChroma1",50,100,
,,,"SamuraiStarrForce",50,100,
,,,"BeamerOnceupon",50,100,
,,,"PowerLevelerOnceupon_Gold",50,100,
,,,"PowerLevelerOnceupon",50,100,
,,,"PowerLevelerOnceupon_Red",50,100,
,,,"SniperCarnival",50,100,
,,,"AmbusherAngel",50,100,
,,,"MaisieToonChroma2",50,100,
,,,"MaisieToon",50,100,
,,,"MaisieToonChroma1",50,100,
,,,"SpeedyAngel",50,100,
,,,"KickerDudeMake",50,100,
,,,"AxeJugglerGoodRandomsChroma1",50,100,
,,,"AxeJugglerGoodRandoms",50,100,
,,,"AxeJugglerGoodRandomsChroma2",50,100,
,,,"SilencerDemon",50,100,
,,,"JesterBrawlAcademy",50,100,
,,,"BaseballPirate",50,100,
,,,"DeadMariachiorigins",50,100,
,,,"ShotgunGirlDancerBlue",50,100,
,,,"ShotgunGirlDancerPurple",50,100,
,,,"ShotgunGirlDancer",50,100,
,,,"CrowVulture",50,100,
,,,"SandstormMake",50,100,
,,,"RocketGirlVirusRGB",50,100,
,,,"RocketGirlVirusGold",50,100,
,,,"RocketGirlVirus",50,100,
,,,"DuelistOdin",50,100,
,,,"PercenteranimeChromaYellow",50,100,
,,,"Percenteranime",50,100,
,,,"PercenteranimeChromaGreen",50,100,
,,,"JesterLoki",50,100,
,,,"AxeJugglerGym",50,100,
,,,"BlowerDeepsea",50,100,
,,,"AttacherBoxerChromaGoldpaw",50,100,
,,,"AttacherBoxer",50,100,
,,,"TntDudeDynastic",50,100,
,,,"AttacherBoxerChromaDarkpaw",50,100,
,,,"PuppeteerDemon",50,100,
,,,"TwinsAngel",50,100,
,,,"TwinsAngelChroma2",50,100,
,,,"TwinsAngelChroma1",50,100,
,,,"AttacherOnceupon",50,100,
,,,"DiggerStarrForce",50,100,
,,,"SandstormDeepseaYellow",50,100,
,,,"SandstormDeepseaPurple",50,100,
,,,"SandstormDeepsea",50,100,
,,,"BarrelBotGreekGod",50,100,
,,,"EnragerVine",50,100,
,,,"PowerLevelerKraken",50,100,
,,,"StalkerBrawlentine",50,100,
,,,"HammerDudeknight",50,100,
,,,"RopeDudeFenrir",50,100,
,,,"RopeDudeFenrirBlack",50,100,
,,,"RopeDudeFenrirRed",50,100,
,,,"JesterHarvest",50,100,
,,,"TntDudeTengu",50,100,
,,,"FireDudeFantasy",50,100,
,,,"PainterGreekGod",50,100,
,,,"WhirlwindCarreta",50,100,
,,,"MummyDj",50,100,
,,,"ArtilleryGalBrawlAcademy",50,100,
,,,"BarkeepBrawlAcademy",50,100,
,,,"ControllerOnceupon",50,100,
,,,"LeaperDarkXmas",50,100,
,,,"WeaponThrowerSteamPunk",50,100,
,,,"WhirlwindSupercellMake",50,100,
,,,"PercenterInspector",50,100,
,,,"CocoonerGym",50,100,
,,,"BanditGirlStar_remake",50,100,
,,,"SilencerOni",50,100,
,,,"JetpackGirlSupercellMake",50,100,
,,,"SniperMariposa",50,100,
,,,"MeepleSandsOfTimes",50,100,
,,,"DeadMariachiGoodRandoms",50,100,
,,,"DuelistBrain",50,100,
,,,"BeamerLavaQueen",50,100,
,,,"UndertakerBazaar",50,100,
,,,"TrickshotDudeChicken",50,100,
,,,"SniperMoon",50,100,
,,,"GunslingerMonkey",50,100,
,,,"ShieldTankSupercellMake",50,100,
,,,"Cactusmecha",50,100,
,,,"TrickshotDudeDevil",50,100,
,,,"RopeDudeLollipop",50,100,
,,,"SkaterSandsOfTimes",50,100,
,,,"WeaponThrowerSupercellMake",50,100,
,,,"BullDudeLion",50,100,
,,,"SnakeOilVillain",50,100,
,,,"ConductorSupercellMake",50,100,
,,,"MaisieSnake",50,100,
,,,"FireDudeMake",50,100,
,,,"Beamerharvest",50,100,
,,,"RocketGirlDelivery",50,100,
,,,"UndertakerNightwitch",50,100,
,,,"PowerLevelerGenie",50,100,
,,,"CocoonerRosie",50,100,
,,,"KickerDudeBaseballRed",50,100,
,,,"DeadMariachiOutlaw",50,100,
,,,"DeadMariachiPunk",50,100,
,,,"BlackHoleStreetNinja_remake",50,100,
,,,"DuplicatorKitsune",50,100,
,,,"DuplicatorGiftsToy",50,100,
,,,"PowerLevelerKnight_red",50,100,
,,,"BullDudeAlleycat",50,100,
,,,"SniperValentines",50,100,
,,,"AssaultShotgunTreasure",50,100,
,,,"BowDudeHorus",50,100,
,,,"LuchadorDragon",50,100,
,,,"ShamanDragon_black",50,100,
,,,"GunslingerDarkAngel",50,100,
,,,"BowDudeDemonic",50,100,
,,,"BowDudeWasp",50,100,
,,,"TrickshotDudeBazaar",50,100,
,,,"MummyGiftShop",50,100,
,,,"KickerDudeBaseballBlue",50,100,
,,,"ShamanShiba",50,100,
,,,"HookDudeMake",50,100,
,,,"BeeSniperMonster",50,100,
,,,"BeeSniperCatGold",50,100,
,,,"ArtilleryDudeZombie",50,100,
,,,"ArcadePiano_black",50,100,
,,,"SnakeOilWizard_white",50,100,
,,,"RocketGirlRanger_red",50,100,
,,,"RopeDudeDirector_blue",50,100,
,,,"ElectroSniperCoral",50,100,
,,,"BlackHoleDevious",50,100,
,,,"RocketGirlRanger_blue",50,100,
,,,"RocketGirlRanger_black",50,100,
,,,"BarrelBotCrash",50,100,
,,,"RocketGirlRanger_yellow",50,100,
,,,"RocketGirlRanger_pink",50,100,
,,,"SilencerPharaoh",50,100,
,,,"RosaToon",50,100,
,,,"ElectroSniperSCmake",50,100,
,,,"UndertakerGreaser",50,100,
,,,"TrickshotPopcorn",50,100,
,,,"CannonGirlVillain",50,100,
,,,"PercenterGladiator",50,100,
,,,"DuplicatorOutlaw",50,100,
,,,"WhirlwindBiker",50,100,
,,,"BlowerBusters",50,100,
,,,"DuelistWasteland",50,100,
,,,"TrickshotGold",50,100,
,,,"AxeJugglerGreek",50,100,
,,,"StickyBombUniversity",50,100,
,,,"WeaponThrowerYeti",50,100,
,,,"BlowerNutcracker",50,100,
,,,"WallyDeepsea",50,100,
,,,"KnightPinata",50,100,
,,,"ArcadeHauntedHouse",50,100,
,,,"PocoValentine",50,100,
,,,"BlackHoleMisfortune",50,100,
,,,"TwinsVirus",50,100,
,,,"SplitterCultist",50,100,
,,,"MechanicTanuki",50,100,
,,,"ArtilleryDudeSmuggler_orange",50,100,
,,,"JetpackGirlValkyrie",50,100,
,,,"SandstormLantern",50,100,
,,,"KnightPizza",50,100,
,,,"WeaponThrowerEmperor",50,100,
,,,"ShieldTankChainsaw",50,100,
,,,"SpawnerDudeMake",50,100,
,,,"DrillerMonster",50,100,
,,,"WhirlwindRamadan",50,100,
,,,"WallyMoon",50,100,
,,,"DrillerJetski_purple",50,100,
,,,"LuchadorRey",50,100,
,,,"HookDudeBazaar",50,100,
,,,"JetpackGirlDarkFairy",50,100,
,,,"BarrelBotCupcake",50,100,
,,,"LuchadorDragonChroma",50,100,
,,,"FleaSpaceCactus",50,100,
,,,"MechanicKnight",50,100,
,,,"MaisieWasteland",50,100,
,,,"TntDudeFootball",50,100,
,,,"RosaUniversity",50,100,
,,,"ShieldTankCroc",50,100,
,,,"FireDudeMasked",50,100,
,,,"DuplicatorDarkcircus",50,100,
,,,"MechaDudeJaguar",50,100,
,,,"TntGuyChef",50,100,
,,,"IceDudeStonetroll",50,100,
,,,"CookerDeepsea",50,100,
,,,"TntDudePsg",50,100,
,,,"MechaDudeMonsterTruck",50,100,
,,,"RosaMantis",50,100,
,,,"RosaCoco",50,100,
"BOGO Mythic Skin",2,,"TrickshotDudeAprilFools",50,100,
,,,"AmbusherFantasy",50,100,
,,,"CrowHarvest",50,100,
,,,"RocketGirlSteamPunk",50,100,
,,,"BeamerCarnival",50,100,
,,,"SniperGreek",50,100,
,,,"EnragerThief",50,100,
,,,"DrillerFantasy",50,100,
,,,"Fury199GemChroma1",50,100,
,,,"Fury199GemChroma2",50,100,
,,,"Fury199Gem",50,100,
,,,"IceDudeToon",50,100,
,,,"KickerDudeVirus",50,100,
,,,"ElectroSniperFantasy",50,100,
,,,"CactusPoop",50,100,
,,,"MinigunDudeAprilFools",50,100,
,,,"Bulletstorm199GemChroma1",50,100,
,,,"StickyBombBrawlentine",50,100,
,,,"Bulletstorm199Gem",50,100,
,,,"MechanicSkadi",50,100,
,,,"Bulletstorm199GemChroma2",50,100,
,,,"RocketGirlZeus",50,100,
,,,"BaseballGamer_remake",50,100,
,,,"Dancer199Gem",50,100,
,,,"Dancer199GemChroma1",50,100,
,,,"Dancer199GemChroma2",50,100,
,,,"CookerPorcelain",50,100,
,,,"DaredevilScarecrow199GemChroma2",50,100,
,,,"DaredevilScarecrow",50,100,
,,,"ControllerAres",50,100,
,,,"ClusterBombDudeCerberus",50,100,
,,,"BullDudeGreek",50,100,
,,,"DaredevilScarecrow199GemChroma1",50,100,
,,,"ArtilleryGalToy",50,100,
,,,"DeadMariachiOnceupon",50,100,
,,,"MechaDudePirate",50,100,
,,,"TntDudeToxic",50,100,
,,,"FishTankSurfer",50,100,
,,,"BowDudeHinduChroma",50,100,
,,,"HammerDudeHindu",50,100,
,,,"LuchadorSuperbowl",50,100,
,,,"SnakeOilDarkcircus",50,100,
,,,"SplitterGreek",50,100,
,,,"JetpackGirlMoon",50,100,
,,,"CrossBomberHindu",50,100,
,,,"FishTankWasteland",50,100,
"BOGO Legendary Skin",1,,"GeishaSteamPunk",50,100,
,,,"PowerLevelerPorcelain",50,100,
,,,"ChronomancerKaiju",50,100,
,,,"MechanicMecha",50,100,
,,,"SandstormGreekGod",50,100,
,,,"DuelistToon",50,100,
,,,"NinjaMecha",50,100,
,,,"GhostBrawlentine",50,100,
,,,"EnragerMecha",50,100,
,,,"BaseballThor",50,100,
,,,"Cactuscartoon",50,100,
,,,"GunslingerMecha",50,100,
,,,"DragonRiderOnceupon",50,100,
,,,"UndertakerMecha",50,100,
,,,"RollerUniversity",50,100,
,,,"ShamanDarkcircus",50,100,
,,,"CocoonerVirus",50,100,
,,,"FireDudeFrost",50,100,
,,,"CrowMecha",50,100,
,,,"CrowPheonix",50,100,
,,,"TntDudeMecha",50,100,
,,,"BoMecha",50,100,
,,,"MinigunDudeQueen",50,100,
,,,"ConductorScorpion",50,100,
"Pool Test",1,,"TrickshotDudeAprilFools",100,100,
,,,"AmbusherFantasy",100,100,
,,,"CrowHarvest",100,100,
,,,"BeamerCarnival",100,100,
,,,"SniperGreek",100,100,
,,,"EnragerThief",100,100,
,,,"DrillerFantasy",100,100,
,,,"CactusPoop",100,100,
,,,"IceDudeToon",100,100,
,,,"KickerDudeVirus",100,100,
,,,"ElectroSniperFantasy",100,100,
,,,"MinigunDudeAprilFools",100,100,
,,,"MechanicSkadi",100,100,
,,,"RocketGirlZeus",100,100,
,,,"BaseballGamer_remake",100,100,
,,,"ControllerAres",100,100,
,,,"CookerPorcelain",100,100,
,,,"BullDudeGreek",100,100,
,,,"Dancer199Gem",100,100,
,,,"ClusterBombDudeCerberus",100,100,
,,,"ArtilleryGalToy",100,100,
,,,"DeadMariachiOnceupon",100,100,
,,,"DaredevilScarecrow199GemChroma2",100,100,
,,,"DaredevilScarecrow",100,100,
,,,"Dancer199GemChroma1",100,100,
,,,"Dancer199GemChroma2",100,100,
,,,"DaredevilScarecrow199GemChroma1",100,100,
,,,"TntDudeToxic",100,100,
,,,"MechaDudePirate",100,100,
,,,"FishTankSurfer",100,100,
,,,"BowDudeHinduChroma",100,100,
,,,"HammerDudeHindu",100,100,
,,,"LuchadorSuperbowl",100,100,
,,,"SnakeOilDarkcircus",100,100,
,,,"CrossBomberHindu",100,100,
,,,"SplitterGreek",100,100,
,,,"JetpackGirlMoon",100,100,
,,,"FishTankWasteland",100,100,
