"Name","PromptQuestion","Answer1","Answer1Correct","Answer2","Answer2Correct","Answer3","Answer3Correct","Difficulty"
"string","string","string","boolean","string","boolean","string","boolean","string"
"QUIZ_DUO_01","TID_QUIZ_DUO_01","TID_QUIZ_DUO_1_ANSWER_1","true","TID_QUIZ_DUO_1_ANSWER_2","false","TID_QUIZ_DUO_1_ANSWER_3","false","Easy"
"QUIZ_DUO_02","TID_QUIZ_DUO_02","TID_QUIZ_DUO_2_ANSWER_1","true","TID_QUIZ_DUO_2_ANSWER_2","false","TID_QUIZ_DUO_2_ANSWER_3","false","Easy"
"QUIZ_DUO_03","TID_QUIZ_DUO_03","TID_QUIZ_DUO_3_ANSWER_1","true","TID_QUIZ_DUO_3_ANSWER_2","false","TID_QUIZ_DUO_3_ANSWER_3","false","Easy"
"QUIZ_DUO_04","TID_QUIZ_DUO_04","TID_QUIZ_DUO_4_ANSWER_1","true","TID_QUIZ_DUO_4_ANSWER_2","false","TID_QUIZ_DUO_4_ANSWER_3","false","Easy"
"QUIZ_DUO_05","TID_QUIZ_DUO_05","TID_QUIZ_DUO_5_ANSWER_1","true","TID_QUIZ_DUO_5_ANSWER_2","false","TID_QUIZ_DUO_5_ANSWER_3","false","Easy"
"QUIZ_DUO_06","TID_QUIZ_DUO_06","TID_QUIZ_DUO_6_ANSWER_1","true","TID_QUIZ_DUO_6_ANSWER_2","false","TID_QUIZ_DUO_6_ANSWER_3","false","Easy"
"QUIZ_DUO_07","TID_QUIZ_DUO_07","TID_QUIZ_DUO_7_ANSWER_1","true","TID_QUIZ_DUO_7_ANSWER_2","false","TID_QUIZ_DUO_7_ANSWER_3","false","Easy"
"QUIZ_DUO_08","TID_QUIZ_DUO_08","TID_QUIZ_DUO_8_ANSWER_1","true","TID_QUIZ_DUO_8_ANSWER_2","false","TID_QUIZ_DUO_8_ANSWER_3","false","Easy"
"QUIZ_DUO_09","TID_QUIZ_DUO_09","TID_QUIZ_DUO_9_ANSWER_1","true","TID_QUIZ_DUO_9_ANSWER_2","false","TID_QUIZ_DUO_9_ANSWER_3","false","Easy"
"QUIZ_DUO_10","TID_QUIZ_DUO_10","TID_QUIZ_DUO_10_ANSWER_1","true","TID_QUIZ_DUO_10_ANSWER_2","false","TID_QUIZ_DUO_10_ANSWER_3","false","Easy"
"QUIZ_DUO_11","TID_QUIZ_DUO_11","TID_QUIZ_DUO_11_ANSWER_1","true","TID_QUIZ_DUO_11_ANSWER_2","false","TID_QUIZ_DUO_11_ANSWER_3","false","Medium"
"QUIZ_DUO_12","TID_QUIZ_DUO_12","TID_QUIZ_DUO_12_ANSWER_1","true","TID_QUIZ_DUO_12_ANSWER_2","false","TID_QUIZ_DUO_12_ANSWER_3","false","Easy"
"QUIZ_DUO_13","TID_QUIZ_DUO_13","TID_QUIZ_DUO_13_ANSWER_1","true","TID_QUIZ_DUO_13_ANSWER_2","false","TID_QUIZ_DUO_13_ANSWER_3","false","Easy"
"QUIZ_DUO_14","TID_QUIZ_DUO_14","TID_QUIZ_DUO_14_ANSWER_1","true","TID_QUIZ_DUO_14_ANSWER_2","false","TID_QUIZ_DUO_14_ANSWER_3","false","Easy"
"QUIZ_DUO_15","TID_QUIZ_DUO_15","TID_QUIZ_DUO_15_ANSWER_1","true","TID_QUIZ_DUO_15_ANSWER_2","false","TID_QUIZ_DUO_15_ANSWER_3","false","Easy"
"QUIZ_DUO_16","TID_QUIZ_DUO_16","TID_QUIZ_DUO_16_ANSWER_1","true","TID_QUIZ_DUO_16_ANSWER_2","false","TID_QUIZ_DUO_16_ANSWER_3","false","Medium"
"QUIZ_DUO_17","TID_QUIZ_DUO_17","TID_QUIZ_DUO_17_ANSWER_1","true","TID_QUIZ_DUO_17_ANSWER_2","false","TID_QUIZ_DUO_17_ANSWER_3","false","Easy"
"QUIZ_DUO_18","TID_QUIZ_DUO_18","TID_QUIZ_DUO_18_ANSWER_1","true","TID_QUIZ_DUO_18_ANSWER_2","false","TID_QUIZ_DUO_18_ANSWER_3","false","Easy"
"QUIZ_DUO_19","TID_QUIZ_DUO_19","TID_QUIZ_DUO_19_ANSWER_1","true","TID_QUIZ_DUO_19_ANSWER_2","false","TID_QUIZ_DUO_19_ANSWER_3","false","Medium"
"QUIZ_DUO_20","TID_QUIZ_DUO_20","TID_QUIZ_DUO_20_ANSWER_1","true","TID_QUIZ_DUO_20_ANSWER_2","false","TID_QUIZ_DUO_20_ANSWER_3","false","Easy"
"QUIZ_DUO_21","TID_QUIZ_DUO_21","TID_QUIZ_DUO_21_ANSWER_1","true","TID_QUIZ_DUO_21_ANSWER_2","false","TID_QUIZ_DUO_21_ANSWER_3","false","Easy"
"QUIZ_DUO_22","TID_QUIZ_DUO_22","TID_QUIZ_DUO_22_ANSWER_1","true","TID_QUIZ_DUO_22_ANSWER_2","false","TID_QUIZ_DUO_22_ANSWER_3","false","Easy"
"QUIZ_DUO_23","TID_QUIZ_DUO_23","TID_QUIZ_DUO_23_ANSWER_1","true","TID_QUIZ_DUO_23_ANSWER_2","false","TID_QUIZ_DUO_23_ANSWER_3","false","Easy"
"QUIZ_DUO_24","TID_QUIZ_DUO_24","TID_QUIZ_DUO_24_ANSWER_1","true","TID_QUIZ_DUO_24_ANSWER_2","false","TID_QUIZ_DUO_24_ANSWER_3","false","Easy"
"QUIZ_DUO_25","TID_QUIZ_DUO_25","TID_QUIZ_DUO_25_ANSWER_1","true","TID_QUIZ_DUO_25_ANSWER_2","false","TID_QUIZ_DUO_25_ANSWER_3","false","Difficult"
"QUIZ_DUO_26","TID_QUIZ_DUO_26","TID_QUIZ_DUO_26_ANSWER_1","true","TID_QUIZ_DUO_26_ANSWER_2","false","TID_QUIZ_DUO_26_ANSWER_3","false","Easy"
"QUIZ_DUO_27","TID_QUIZ_DUO_27","TID_QUIZ_DUO_27_ANSWER_1","true","TID_QUIZ_DUO_27_ANSWER_2","false","TID_QUIZ_DUO_27_ANSWER_3","false","Easy"
"QUIZ_DUO_28","TID_QUIZ_DUO_28","TID_QUIZ_DUO_28_ANSWER_1","true","TID_QUIZ_DUO_28_ANSWER_2","false","TID_QUIZ_DUO_28_ANSWER_3","false","Medium"
"QUIZ_DUO_29","TID_QUIZ_DUO_29","TID_QUIZ_DUO_29_ANSWER_1","true","TID_QUIZ_DUO_29_ANSWER_2","false","TID_QUIZ_DUO_29_ANSWER_3","false","Easy"
"QUIZ_DUO_30","TID_QUIZ_DUO_30","TID_QUIZ_DUO_30_ANSWER_1","true","TID_QUIZ_DUO_30_ANSWER_2","false","TID_QUIZ_DUO_30_ANSWER_3","false","Easy"
"QUIZ_DUO_31","TID_QUIZ_DUO_31","TID_QUIZ_DUO_31_ANSWER_1","true","TID_QUIZ_DUO_31_ANSWER_2","false","TID_QUIZ_DUO_31_ANSWER_3","false","Medium"
"QUIZ_DUO_32","TID_QUIZ_DUO_32","TID_QUIZ_DUO_32_ANSWER_1","true","TID_QUIZ_DUO_32_ANSWER_2","false","TID_QUIZ_DUO_32_ANSWER_3","false","Easy"
"QUIZ_DUO_33","TID_QUIZ_DUO_33","TID_QUIZ_DUO_33_ANSWER_1","true","TID_QUIZ_DUO_33_ANSWER_2","false","TID_QUIZ_DUO_33_ANSWER_3","false","Easy"
"QUIZ_DUO_34","TID_QUIZ_DUO_34","TID_QUIZ_DUO_34_ANSWER_1","true","TID_QUIZ_DUO_34_ANSWER_2","false","TID_QUIZ_DUO_34_ANSWER_3","false","Easy"
"QUIZ_DUO_35","TID_QUIZ_DUO_35","TID_QUIZ_DUO_35_ANSWER_1","true","TID_QUIZ_DUO_35_ANSWER_2","false","TID_QUIZ_DUO_35_ANSWER_3","false","Easy"
"QUIZ_DUO_36","TID_QUIZ_DUO_36","TID_QUIZ_DUO_36_ANSWER_1","true","TID_QUIZ_DUO_36_ANSWER_2","false","TID_QUIZ_DUO_36_ANSWER_3","false","Easy"
"QUIZ_DUO_37","TID_QUIZ_DUO_37","TID_QUIZ_DUO_37_ANSWER_1","true","TID_QUIZ_DUO_37_ANSWER_2","false","TID_QUIZ_DUO_37_ANSWER_3","false","Easy"
"QUIZ_DUO_38","TID_QUIZ_DUO_38","TID_QUIZ_DUO_38_ANSWER_1","true","TID_QUIZ_DUO_38_ANSWER_2","false","TID_QUIZ_DUO_38_ANSWER_3","false","Easy"
"QUIZ_DUO_39","TID_QUIZ_DUO_39","TID_QUIZ_DUO_39_ANSWER_1","true","TID_QUIZ_DUO_39_ANSWER_2","false","TID_QUIZ_DUO_39_ANSWER_3","false","Medium"
"QUIZ_DUO_40","TID_QUIZ_DUO_40","TID_QUIZ_DUO_40_ANSWER_1","true","TID_QUIZ_DUO_40_ANSWER_2","false","TID_QUIZ_DUO_40_ANSWER_3","false","Medium"
"QUIZ_DUO_41","TID_QUIZ_DUO_41","TID_QUIZ_DUO_41_ANSWER_1","true","TID_QUIZ_DUO_41_ANSWER_2","false","TID_QUIZ_DUO_41_ANSWER_3","false","Easy"
"QUIZ_DUO_42","TID_QUIZ_DUO_42","TID_QUIZ_DUO_42_ANSWER_1","true","TID_QUIZ_DUO_42_ANSWER_2","false","TID_QUIZ_DUO_42_ANSWER_3","false","Medium"
"QUIZ_DUO_43","TID_QUIZ_DUO_43","TID_QUIZ_DUO_43_ANSWER_1","true","TID_QUIZ_DUO_43_ANSWER_2","false","TID_QUIZ_DUO_43_ANSWER_3","false","Difficult"
"QUIZ_DUO_44","TID_QUIZ_DUO_44","TID_QUIZ_DUO_44_ANSWER_1","true","TID_QUIZ_DUO_44_ANSWER_2","false","TID_QUIZ_DUO_44_ANSWER_3","false","Medium"
"QUIZ_DUO_45","TID_QUIZ_DUO_45","TID_QUIZ_DUO_45_ANSWER_1","true","TID_QUIZ_DUO_45_ANSWER_2","false","TID_QUIZ_DUO_45_ANSWER_3","false","Medium"
"QUIZ_DUO_46","TID_QUIZ_DUO_46","TID_QUIZ_DUO_46_ANSWER_1","true","TID_QUIZ_DUO_46_ANSWER_2","false","TID_QUIZ_DUO_46_ANSWER_3","false","Medium"
"QUIZ_DUO_47","TID_QUIZ_DUO_47","TID_QUIZ_DUO_47_ANSWER_1","true","TID_QUIZ_DUO_47_ANSWER_2","false","TID_QUIZ_DUO_47_ANSWER_3","false","Difficult"
"QUIZ_DUO_48","TID_QUIZ_DUO_48","TID_QUIZ_DUO_48_ANSWER_1","true","TID_QUIZ_DUO_48_ANSWER_2","false","TID_QUIZ_DUO_48_ANSWER_3","false","Medium"
"QUIZ_DUO_49","TID_QUIZ_DUO_49","TID_QUIZ_DUO_49_ANSWER_1","true","TID_QUIZ_DUO_49_ANSWER_2","false","TID_QUIZ_DUO_49_ANSWER_3","false","Difficult"
"QUIZ_DUO_50","TID_QUIZ_DUO_50","TID_QUIZ_DUO_50_ANSWER_1","true","TID_QUIZ_DUO_50_ANSWER_2","false","TID_QUIZ_DUO_50_ANSWER_3","false","Easy"
"QUIZ_DUO_51","TID_QUIZ_DUO_51","TID_QUIZ_DUO_51_ANSWER_1","true","TID_QUIZ_DUO_51_ANSWER_2","false","TID_QUIZ_DUO_51_ANSWER_3","false","Medium"
"QUIZ_DUO_52","TID_QUIZ_DUO_52","TID_QUIZ_DUO_52_ANSWER_1","true","TID_QUIZ_DUO_52_ANSWER_2","false","TID_QUIZ_DUO_52_ANSWER_3","false","Medium"
"QUIZ_DUO_53","TID_QUIZ_DUO_53","TID_QUIZ_DUO_53_ANSWER_1","true","TID_QUIZ_DUO_53_ANSWER_2","false","TID_QUIZ_DUO_53_ANSWER_3","false","Difficult"
"QUIZ_DUO_54","TID_QUIZ_DUO_54","TID_QUIZ_DUO_54_ANSWER_1","true","TID_QUIZ_DUO_54_ANSWER_2","false","TID_QUIZ_DUO_54_ANSWER_3","false","Medium"
"QUIZ_DUO_55","TID_QUIZ_DUO_55","TID_QUIZ_DUO_55_ANSWER_1","true","TID_QUIZ_DUO_55_ANSWER_2","false","TID_QUIZ_DUO_55_ANSWER_3","false","Medium"
"QUIZ_DUO_56","TID_QUIZ_DUO_56","TID_QUIZ_DUO_56_ANSWER_1","true","TID_QUIZ_DUO_56_ANSWER_2","false","TID_QUIZ_DUO_56_ANSWER_3","false","Difficult"
"QUIZ_DUO_57","TID_QUIZ_DUO_57","TID_QUIZ_DUO_57_ANSWER_1","true","TID_QUIZ_DUO_57_ANSWER_2","false","TID_QUIZ_DUO_57_ANSWER_3","false","Medium"
"QUIZ_DUO_58","TID_QUIZ_DUO_58","TID_QUIZ_DUO_58_ANSWER_1","true","TID_QUIZ_DUO_58_ANSWER_2","false","TID_QUIZ_DUO_58_ANSWER_3","false","Difficult"
"QUIZ_DUO_59","TID_QUIZ_DUO_59","TID_QUIZ_DUO_59_ANSWER_1","true","TID_QUIZ_DUO_59_ANSWER_2","false","TID_QUIZ_DUO_59_ANSWER_3","false","Medium"
"QUIZ_DUO_60","TID_QUIZ_DUO_60","TID_QUIZ_DUO_60_ANSWER_1","true","TID_QUIZ_DUO_60_ANSWER_2","false","TID_QUIZ_DUO_60_ANSWER_3","false","Medium"
"QUIZ_DUO_61","TID_QUIZ_DUO_61","TID_QUIZ_DUO_61_ANSWER_1","true","TID_QUIZ_DUO_61_ANSWER_2","false","TID_QUIZ_DUO_61_ANSWER_3","false","Medium"
"QUIZ_DUO_62","TID_QUIZ_DUO_62","TID_QUIZ_DUO_62_ANSWER_1","true","TID_QUIZ_DUO_62_ANSWER_2","false","TID_QUIZ_DUO_62_ANSWER_3","false","Easy"
"QUIZ_DUO_63","TID_QUIZ_DUO_63","TID_QUIZ_DUO_63_ANSWER_1","true","TID_QUIZ_DUO_63_ANSWER_2","false","TID_QUIZ_DUO_63_ANSWER_3","false","Difficult"
"QUIZ_DUO_64","TID_QUIZ_DUO_64","TID_QUIZ_DUO_64_ANSWER_1","true","TID_QUIZ_DUO_64_ANSWER_2","false","TID_QUIZ_DUO_64_ANSWER_3","false","Medium"
"QUIZ_DUO_65","TID_QUIZ_DUO_65","TID_QUIZ_DUO_65_ANSWER_1","true","TID_QUIZ_DUO_65_ANSWER_2","false","TID_QUIZ_DUO_65_ANSWER_3","false","Medium"
"QUIZ_DUO_66","TID_QUIZ_DUO_66","TID_QUIZ_DUO_66_ANSWER_1","true","TID_QUIZ_DUO_66_ANSWER_2","false","TID_QUIZ_DUO_66_ANSWER_3","false","Easy"
"QUIZ_DUO_67","TID_QUIZ_DUO_67","TID_QUIZ_DUO_67_ANSWER_1","true","TID_QUIZ_DUO_67_ANSWER_2","false","TID_QUIZ_DUO_67_ANSWER_3","false","Difficult"
"QUIZ_DUO_68","TID_QUIZ_DUO_68","TID_QUIZ_DUO_68_ANSWER_1","true","TID_QUIZ_DUO_68_ANSWER_2","false","TID_QUIZ_DUO_68_ANSWER_3","false","Easy"
"QUIZ_DUO_69","TID_QUIZ_DUO_69","TID_QUIZ_DUO_69_ANSWER_1","true","TID_QUIZ_DUO_69_ANSWER_2","false","TID_QUIZ_DUO_69_ANSWER_3","false","Difficult"
"QUIZ_DUO_70","TID_QUIZ_DUO_70","TID_QUIZ_DUO_70_ANSWER_1","true","TID_QUIZ_DUO_70_ANSWER_2","false","TID_QUIZ_DUO_70_ANSWER_3","false","Easy"
"QUIZ_DUO_71","TID_QUIZ_DUO_71","TID_QUIZ_DUO_71_ANSWER_1","false","TID_QUIZ_DUO_71_ANSWER_2","false","TID_QUIZ_DUO_71_ANSWER_3","true","Medium"
"QUIZ_DUO_72","TID_QUIZ_DUO_72","TID_QUIZ_DUO_72_ANSWER_1","true","TID_QUIZ_DUO_72_ANSWER_2","false","TID_QUIZ_DUO_72_ANSWER_3","false","Difficult"
"QUIZ_DUO_73","TID_QUIZ_DUO_73","TID_QUIZ_DUO_73_ANSWER_1","false","TID_QUIZ_DUO_73_ANSWER_2","false","TID_QUIZ_DUO_73_ANSWER_3","true","Difficult"
"QUIZ_DUO_74","TID_QUIZ_DUO_74","TID_QUIZ_DUO_74_ANSWER_1","true","TID_QUIZ_DUO_74_ANSWER_2","false","TID_QUIZ_DUO_74_ANSWER_3","false","Medium"
"QUIZ_DUO_75","TID_QUIZ_DUO_75","TID_QUIZ_DUO_75_ANSWER_1","false","TID_QUIZ_DUO_75_ANSWER_2","true","TID_QUIZ_DUO_75_ANSWER_3","false","Medium"
"QUIZ_DUO_76","TID_QUIZ_DUO_76","TID_QUIZ_DUO_76_ANSWER_1","true","TID_QUIZ_DUO_76_ANSWER_2","false","TID_QUIZ_DUO_76_ANSWER_3","false","Difficult"
"QUIZ_DUO_77","TID_QUIZ_DUO_77","TID_QUIZ_DUO_77_ANSWER_1","true","TID_QUIZ_DUO_77_ANSWER_2","false","TID_QUIZ_DUO_77_ANSWER_3","false","Medium"
"QUIZ_DUO_78","TID_QUIZ_DUO_78","TID_QUIZ_DUO_78_ANSWER_1","true","TID_QUIZ_DUO_78_ANSWER_2","false","TID_QUIZ_DUO_78_ANSWER_3","false","Difficult"
"QUIZ_DUO_79","TID_QUIZ_DUO_79","TID_QUIZ_DUO_79_ANSWER_1","true","TID_QUIZ_DUO_79_ANSWER_2","true","TID_QUIZ_DUO_79_ANSWER_3","true","Easy"
"QUIZ_DUO_80","TID_QUIZ_DUO_80","TID_QUIZ_DUO_80_ANSWER_1","true","TID_QUIZ_DUO_80_ANSWER_2","false","TID_QUIZ_DUO_80_ANSWER_3","false","Easy"
"QUIZ_DUO_81","TID_QUIZ_DUO_81","TID_QUIZ_DUO_81_ANSWER_1","true","TID_QUIZ_DUO_81_ANSWER_2","true","TID_QUIZ_DUO_81_ANSWER_3","true","Easy"
"QUIZ_DUO_82","TID_QUIZ_DUO_82","TID_QUIZ_DUO_82_ANSWER_1","true","TID_QUIZ_DUO_82_ANSWER_2","true","TID_QUIZ_DUO_82_ANSWER_3","true","Easy"
"QUIZ_DUO_83","TID_QUIZ_DUO_83","TID_QUIZ_DUO_83_ANSWER_1","false","TID_QUIZ_DUO_83_ANSWER_2","false","TID_QUIZ_DUO_83_ANSWER_3","true","Easy"
"QUIZ_DUO_84","TID_QUIZ_DUO_84","TID_QUIZ_DUO_84_ANSWER_1","true","TID_QUIZ_DUO_84_ANSWER_2","false","TID_QUIZ_DUO_84_ANSWER_3","false","Medium"
"QUIZ_DUO_85","TID_QUIZ_DUO_85","TID_QUIZ_DUO_85_ANSWER_1","false","TID_QUIZ_DUO_85_ANSWER_2","true","TID_QUIZ_DUO_85_ANSWER_3","true","Easy"
"QUIZ_DUO_86","TID_QUIZ_DUO_86","TID_QUIZ_DUO_86_ANSWER_1","true","TID_QUIZ_DUO_86_ANSWER_2","false","TID_QUIZ_DUO_86_ANSWER_3","true","Medium"
"QUIZ_DUO_87","TID_QUIZ_DUO_87","TID_QUIZ_DUO_87_ANSWER_1","true","TID_QUIZ_DUO_87_ANSWER_2","false","TID_QUIZ_DUO_87_ANSWER_3","false","Difficult"
"QUIZ_DUO_88","TID_QUIZ_DUO_88","TID_QUIZ_DUO_88_ANSWER_1","false","TID_QUIZ_DUO_88_ANSWER_2","false","TID_QUIZ_DUO_88_ANSWER_3","true","Medium"
"QUIZ_DUO_89","TID_QUIZ_DUO_89","TID_QUIZ_DUO_89_ANSWER_1","false","TID_QUIZ_DUO_89_ANSWER_2","true","TID_QUIZ_DUO_89_ANSWER_3","false","Medium"
"QUIZ_DUO_90","TID_QUIZ_DUO_90","TID_QUIZ_DUO_90_ANSWER_1","false","TID_QUIZ_DUO_90_ANSWER_2","false","TID_QUIZ_DUO_90_ANSWER_3","true","Medium"
"QUIZ_DUO_91","TID_QUIZ_DUO_91","TID_QUIZ_DUO_91_ANSWER_1","true","TID_QUIZ_DUO_91_ANSWER_2","false","TID_QUIZ_DUO_91_ANSWER_3","false","Medium"
"QUIZ_DUO_92","TID_QUIZ_DUO_92","TID_QUIZ_DUO_92_ANSWER_1","true","TID_QUIZ_DUO_92_ANSWER_2","false","TID_QUIZ_DUO_92_ANSWER_3","false","Easy"
"QUIZ_DUO_93","TID_QUIZ_DUO_93","TID_QUIZ_DUO_93_ANSWER_1","false","TID_QUIZ_DUO_93_ANSWER_2","true","TID_QUIZ_DUO_93_ANSWER_3","false","Difficult"
"QUIZ_DUO_94","TID_QUIZ_DUO_94","TID_QUIZ_DUO_94_ANSWER_1","false","TID_QUIZ_DUO_94_ANSWER_2","true","TID_QUIZ_DUO_94_ANSWER_3","false","Medium"
"QUIZ_DUO_95","TID_QUIZ_DUO_95","TID_QUIZ_DUO_95_ANSWER_1","true","TID_QUIZ_DUO_95_ANSWER_2","false","TID_QUIZ_DUO_95_ANSWER_3","false","Easy"
"QUIZ_DUO_96","TID_QUIZ_DUO_96","TID_QUIZ_DUO_96_ANSWER_1","true","TID_QUIZ_DUO_96_ANSWER_2","false","TID_QUIZ_DUO_96_ANSWER_3","false","Difficult"
"QUIZ_DUO_97","TID_QUIZ_DUO_97","TID_QUIZ_DUO_97_ANSWER_1","true","TID_QUIZ_DUO_97_ANSWER_2","false","TID_QUIZ_DUO_97_ANSWER_3","false","Easy"
"QUIZ_DUO_98","TID_QUIZ_DUO_98","TID_QUIZ_DUO_98_ANSWER_1","true","TID_QUIZ_DUO_98_ANSWER_2","false","TID_QUIZ_DUO_98_ANSWER_3","false","Easy"
"QUIZ_DUO_99","TID_QUIZ_DUO_99","TID_QUIZ_DUO_99_ANSWER_1","true","TID_QUIZ_DUO_99_ANSWER_2","false","TID_QUIZ_DUO_99_ANSWER_3","false","Easy"
"QUIZ_DUO_100","TID_QUIZ_DUO_100","TID_QUIZ_DUO_100_ANSWER_1","true","TID_QUIZ_DUO_100_ANSWER_2","false","TID_QUIZ_DUO_100_ANSWER_3","false","Easy"
"QUIZ_DUO_101","TID_QUIZ_DUO_101","TID_QUIZ_DUO_101_ANSWER_1","true","TID_QUIZ_DUO_101_ANSWER_2","false","TID_QUIZ_DUO_101_ANSWER_3","false","Easy"
"QUIZ_DUO_102","TID_QUIZ_DUO_102","TID_QUIZ_DUO_102_ANSWER_1","true","TID_QUIZ_DUO_102_ANSWER_2","false","TID_QUIZ_DUO_102_ANSWER_3","false","Easy"
"QUIZ_DUO_103","TID_QUIZ_DUO_103","TID_QUIZ_DUO_103_ANSWER_1","true","TID_QUIZ_DUO_103_ANSWER_2","false","TID_QUIZ_DUO_103_ANSWER_3","false","Easy"
"QUIZ_DUO_104","TID_QUIZ_DUO_104","TID_QUIZ_DUO_104_ANSWER_1","true","TID_QUIZ_DUO_104_ANSWER_2","false","TID_QUIZ_DUO_104_ANSWER_3","false","Easy"
"QUIZ_DUO_105","TID_QUIZ_DUO_105","TID_QUIZ_DUO_105_ANSWER_1","true","TID_QUIZ_DUO_105_ANSWER_2","false","TID_QUIZ_DUO_105_ANSWER_3","false","Easy"
"QUIZ_DUO_106","TID_QUIZ_DUO_106","TID_QUIZ_DUO_106_ANSWER_1","true","TID_QUIZ_DUO_106_ANSWER_2","false","TID_QUIZ_DUO_106_ANSWER_3","false","Easy"
"QUIZ_DUO_107","TID_QUIZ_DUO_107","TID_QUIZ_DUO_107_ANSWER_1","true","TID_QUIZ_DUO_107_ANSWER_2","false","TID_QUIZ_DUO_107_ANSWER_3","false","Easy"
"QUIZ_DUO_108","TID_QUIZ_DUO_108","TID_QUIZ_DUO_108_ANSWER_1","true","TID_QUIZ_DUO_108_ANSWER_2","false","TID_QUIZ_DUO_108_ANSWER_3","false","Medium"
"QUIZ_DUO_109","TID_QUIZ_DUO_109","TID_QUIZ_DUO_109_ANSWER_1","true","TID_QUIZ_DUO_109_ANSWER_2","false","TID_QUIZ_DUO_109_ANSWER_3","false","Easy"
"QUIZ_DUO_110","TID_QUIZ_DUO_110","TID_QUIZ_DUO_110_ANSWER_1","true","TID_QUIZ_DUO_110_ANSWER_2","false","TID_QUIZ_DUO_110_ANSWER_3","false","Easy"
"QUIZ_DUO_111","TID_QUIZ_DUO_111","TID_QUIZ_DUO_111_ANSWER_1","true","TID_QUIZ_DUO_111_ANSWER_2","false","TID_QUIZ_DUO_111_ANSWER_3","false","Easy"
"QUIZ_DUO_112","TID_QUIZ_DUO_112","TID_QUIZ_DUO_112_ANSWER_1","true","TID_QUIZ_DUO_112_ANSWER_2","false","TID_QUIZ_DUO_112_ANSWER_3","false","Easy"
"QUIZ_DUO_113","TID_QUIZ_DUO_113","TID_QUIZ_DUO_113_ANSWER_1","true","TID_QUIZ_DUO_113_ANSWER_2","false","TID_QUIZ_DUO_113_ANSWER_3","false","Medium"
"QUIZ_DUO_114","TID_QUIZ_DUO_114","TID_QUIZ_DUO_114_ANSWER_1","true","TID_QUIZ_DUO_114_ANSWER_2","false","TID_QUIZ_DUO_114_ANSWER_3","false","Medium"
"QUIZ_DUO_115","TID_QUIZ_DUO_115","TID_QUIZ_DUO_115_ANSWER_1","true","TID_QUIZ_DUO_115_ANSWER_2","false","TID_QUIZ_DUO_115_ANSWER_3","false","Easy"
"QUIZ_DUO_116","TID_QUIZ_DUO_116","TID_QUIZ_DUO_116_ANSWER_1","true","TID_QUIZ_DUO_116_ANSWER_2","false","TID_QUIZ_DUO_116_ANSWER_3","false","Difficult"
"QUIZ_DUO_117","TID_QUIZ_DUO_117","TID_QUIZ_DUO_117_ANSWER_1","true","TID_QUIZ_DUO_117_ANSWER_2","false","TID_QUIZ_DUO_117_ANSWER_3","false","Easy"
"QUIZ_DUO_118","TID_QUIZ_DUO_118","TID_QUIZ_DUO_118_ANSWER_1","true","TID_QUIZ_DUO_118_ANSWER_2","false","TID_QUIZ_DUO_118_ANSWER_3","false","Easy"
"QUIZ_DUO_119","TID_QUIZ_DUO_119","TID_QUIZ_DUO_119_ANSWER_1","true","TID_QUIZ_DUO_119_ANSWER_2","false","TID_QUIZ_DUO_119_ANSWER_3","false","Medium"
"QUIZ_DUO_120","TID_QUIZ_DUO_120","TID_QUIZ_DUO_120_ANSWER_1","true","TID_QUIZ_DUO_120_ANSWER_2","false","TID_QUIZ_DUO_120_ANSWER_3","false","Medium"
"QUIZ_DUO_121","TID_QUIZ_DUO_121","TID_QUIZ_DUO_121_ANSWER_1","true","TID_QUIZ_DUO_121_ANSWER_2","false","TID_QUIZ_DUO_121_ANSWER_3","false","Difficult"
"QUIZ_DUO_122","TID_QUIZ_DUO_122","TID_QUIZ_DUO_122_ANSWER_1","true","TID_QUIZ_DUO_122_ANSWER_2","false","TID_QUIZ_DUO_122_ANSWER_3","false","Medium"
"QUIZ_DUO_123","TID_QUIZ_DUO_123","TID_QUIZ_DUO_123_ANSWER_1","true","TID_QUIZ_DUO_123_ANSWER_2","false","TID_QUIZ_DUO_123_ANSWER_3","false","Difficult"
"QUIZ_DUO_124","TID_QUIZ_DUO_124","TID_QUIZ_DUO_124_ANSWER_1","true","TID_QUIZ_DUO_124_ANSWER_2","false","TID_QUIZ_DUO_124_ANSWER_3","false","Medium"
"QUIZ_DUO_125","TID_QUIZ_DUO_125","TID_QUIZ_DUO_125_ANSWER_1","true","TID_QUIZ_DUO_125_ANSWER_2","false","TID_QUIZ_DUO_125_ANSWER_3","false","Difficult"
"QUIZ_DUO_126","TID_QUIZ_DUO_126","TID_QUIZ_DUO_126_ANSWER_1","true","TID_QUIZ_DUO_126_ANSWER_2","false","TID_QUIZ_DUO_126_ANSWER_3","false","Difficult"
"QUIZ_DUO_127","TID_QUIZ_DUO_127","TID_QUIZ_DUO_127_ANSWER_1","true","TID_QUIZ_DUO_127_ANSWER_2","false","TID_QUIZ_DUO_127_ANSWER_3","false","Difficult"
"QUIZ_DUO_128","TID_QUIZ_DUO_128","TID_QUIZ_DUO_128_ANSWER_1","true","TID_QUIZ_DUO_128_ANSWER_2","false","TID_QUIZ_DUO_128_ANSWER_3","false","Easy"
"QUIZ_DUO_129","TID_QUIZ_DUO_129","TID_QUIZ_DUO_129_ANSWER_1","true","TID_QUIZ_DUO_129_ANSWER_2","false","TID_QUIZ_DUO_129_ANSWER_3","false","Medium"
"QUIZ_DUO_130","TID_QUIZ_DUO_130","TID_QUIZ_DUO_130_ANSWER_1","true","TID_QUIZ_DUO_130_ANSWER_2","false","TID_QUIZ_DUO_130_ANSWER_3","false","Medium"
"QUIZ_DUO_131","TID_QUIZ_DUO_131","TID_QUIZ_DUO_131_ANSWER_1","true","TID_QUIZ_DUO_131_ANSWER_2","false","TID_QUIZ_DUO_131_ANSWER_3","false","Medium"
"QUIZ_DUO_132","TID_QUIZ_DUO_132","TID_QUIZ_DUO_132_ANSWER_1","true","TID_QUIZ_DUO_132_ANSWER_2","false","TID_QUIZ_DUO_132_ANSWER_3","false","Medium"
"QUIZ_DUO_133","TID_QUIZ_DUO_133","TID_QUIZ_DUO_133_ANSWER_1","true","TID_QUIZ_DUO_133_ANSWER_2","false","TID_QUIZ_DUO_133_ANSWER_3","false","Easy"
"QUIZ_DUO_134","TID_QUIZ_DUO_134","TID_QUIZ_DUO_134_ANSWER_1","true","TID_QUIZ_DUO_134_ANSWER_2","false","TID_QUIZ_DUO_134_ANSWER_3","false","Medium"
"QUIZ_DUO_135","TID_QUIZ_DUO_135","TID_QUIZ_DUO_135_ANSWER_1","true","TID_QUIZ_DUO_135_ANSWER_2","false","TID_QUIZ_DUO_135_ANSWER_3","false","Difficult"
"QUIZ_DUO_136","TID_QUIZ_DUO_136","TID_QUIZ_DUO_136_ANSWER_1","false","TID_QUIZ_DUO_136_ANSWER_2","false","TID_QUIZ_DUO_136_ANSWER_3","true","Medium"
"QUIZ_DUO_137","TID_QUIZ_DUO_137","TID_QUIZ_DUO_137_ANSWER_1","false","TID_QUIZ_DUO_137_ANSWER_2","true","TID_QUIZ_DUO_137_ANSWER_3","false","Easy"
"QUIZ_DUO_138","TID_QUIZ_DUO_138","TID_QUIZ_DUO_138_ANSWER_1","true","TID_QUIZ_DUO_138_ANSWER_2","false","TID_QUIZ_DUO_138_ANSWER_3","false","Easy"
"QUIZ_DUO_139","TID_QUIZ_DUO_139","TID_QUIZ_DUO_139_ANSWER_1","false","TID_QUIZ_DUO_139_ANSWER_2","false","TID_QUIZ_DUO_139_ANSWER_3","true","Easy"
"QUIZ_DUO_140","TID_QUIZ_DUO_140","TID_QUIZ_DUO_140_ANSWER_1","false","TID_QUIZ_DUO_140_ANSWER_2","true","TID_QUIZ_DUO_140_ANSWER_3","false","Easy"
"QUIZ_DUO_141","TID_QUIZ_DUO_141","TID_QUIZ_DUO_141_ANSWER_1","true","TID_QUIZ_DUO_141_ANSWER_2","false","TID_QUIZ_DUO_141_ANSWER_3","false","Easy"
"QUIZ_DUO_142","TID_QUIZ_DUO_142","TID_QUIZ_DUO_142_ANSWER_1","false","TID_QUIZ_DUO_142_ANSWER_2","false","TID_QUIZ_DUO_142_ANSWER_3","true","Easy"
"QUIZ_DUO_143","TID_QUIZ_DUO_143","TID_QUIZ_DUO_143_ANSWER_1","false","TID_QUIZ_DUO_143_ANSWER_2","true","TID_QUIZ_DUO_143_ANSWER_3","false","Easy"
"QUIZ_DUO_144","TID_QUIZ_DUO_144","TID_QUIZ_DUO_144_ANSWER_1","true","TID_QUIZ_DUO_144_ANSWER_2","false","TID_QUIZ_DUO_144_ANSWER_3","false","Easy"
"QUIZ_DUO_145","TID_QUIZ_DUO_145","TID_QUIZ_DUO_145_ANSWER_1","false","TID_QUIZ_DUO_145_ANSWER_2","false","TID_QUIZ_DUO_145_ANSWER_3","true","Easy"
"QUIZ_DUO_146","TID_QUIZ_DUO_146","TID_QUIZ_DUO_146_ANSWER_1","false","TID_QUIZ_DUO_146_ANSWER_2","true","TID_QUIZ_DUO_146_ANSWER_3","false","Easy"
"QUIZ_DUO_147","TID_QUIZ_DUO_147","TID_QUIZ_DUO_147_ANSWER_1","true","TID_QUIZ_DUO_147_ANSWER_2","false","TID_QUIZ_DUO_147_ANSWER_3","false","Easy"
"QUIZ_DUO_148","TID_QUIZ_DUO_148","TID_QUIZ_DUO_148_ANSWER_1","false","TID_QUIZ_DUO_148_ANSWER_2","false","TID_QUIZ_DUO_148_ANSWER_3","true","Easy"
"QUIZ_DUO_149","TID_QUIZ_DUO_149","TID_QUIZ_DUO_149_ANSWER_1","true","TID_QUIZ_DUO_149_ANSWER_2","false","TID_QUIZ_DUO_149_ANSWER_3","false","Difficult"
"QUIZ_DUO_150","TID_QUIZ_DUO_150","TID_QUIZ_DUO_150_ANSWER_1","true","TID_QUIZ_DUO_150_ANSWER_2","false","TID_QUIZ_DUO_150_ANSWER_3","false","Easy"
"QUIZ_DUO_151","TID_QUIZ_DUO_151","TID_QUIZ_DUO_151_ANSWER_1","false","TID_QUIZ_DUO_151_ANSWER_2","false","TID_QUIZ_DUO_151_ANSWER_3","true","Difficult"
"QUIZ_DUO_152","TID_QUIZ_DUO_152","TID_QUIZ_DUO_152_ANSWER_1","false","TID_QUIZ_DUO_152_ANSWER_2","true","TID_QUIZ_DUO_152_ANSWER_3","false","Medium"
"QUIZ_DUO_153","TID_QUIZ_DUO_153","TID_QUIZ_DUO_153_ANSWER_1","true","TID_QUIZ_DUO_153_ANSWER_2","false","TID_QUIZ_DUO_153_ANSWER_3","false","Easy"
"QUIZ_DUO_154","TID_QUIZ_DUO_154","TID_QUIZ_DUO_154_ANSWER_1","true","TID_QUIZ_DUO_154_ANSWER_2","false","TID_QUIZ_DUO_154_ANSWER_3","false","Easy"
"QUIZ_DUO_155","TID_QUIZ_DUO_155","TID_QUIZ_DUO_155_ANSWER_1","true","TID_QUIZ_DUO_155_ANSWER_2","false","TID_QUIZ_DUO_155_ANSWER_3","false","Easy"
"QUIZ_DUO_156","TID_QUIZ_DUO_156","TID_QUIZ_DUO_156_ANSWER_1","true","TID_QUIZ_DUO_156_ANSWER_2","false","TID_QUIZ_DUO_156_ANSWER_3","false","Easy"
"QUIZ_DUO_157","TID_QUIZ_DUO_157","TID_QUIZ_DUO_157_ANSWER_1","true","TID_QUIZ_DUO_157_ANSWER_2","false","TID_QUIZ_DUO_157_ANSWER_3","false","Easy"
"QUIZ_DUO_158","TID_QUIZ_DUO_158","TID_QUIZ_DUO_158_ANSWER_1","true","TID_QUIZ_DUO_158_ANSWER_2","false","TID_QUIZ_DUO_158_ANSWER_3","false","Easy"
"QUIZ_DUO_159","TID_QUIZ_DUO_159","TID_QUIZ_DUO_159_ANSWER_1","true","TID_QUIZ_DUO_159_ANSWER_2","false","TID_QUIZ_DUO_159_ANSWER_3","false","Easy"
"QUIZ_DUO_160","TID_QUIZ_DUO_160","TID_QUIZ_DUO_160_ANSWER_1","true","TID_QUIZ_DUO_160_ANSWER_2","false","TID_QUIZ_DUO_160_ANSWER_3","false","Easy"
"QUIZ_DUO_161","TID_QUIZ_DUO_161","TID_QUIZ_DUO_161_ANSWER_1","true","TID_QUIZ_DUO_161_ANSWER_2","false","TID_QUIZ_DUO_161_ANSWER_3","false","Easy"
"QUIZ_DUO_162","TID_QUIZ_DUO_162","TID_QUIZ_DUO_162_ANSWER_1","true","TID_QUIZ_DUO_162_ANSWER_2","false","TID_QUIZ_DUO_162_ANSWER_3","false","Easy"
"QUIZ_DUO_163","TID_QUIZ_DUO_163","TID_QUIZ_DUO_163_ANSWER_1","true","TID_QUIZ_DUO_163_ANSWER_2","false","TID_QUIZ_DUO_163_ANSWER_3","false","Easy"
"QUIZ_DUO_164","TID_QUIZ_DUO_164","TID_QUIZ_DUO_164_ANSWER_1","true","TID_QUIZ_DUO_164_ANSWER_2","false","TID_QUIZ_DUO_164_ANSWER_3","false","Easy"
"QUIZ_DUO_165","TID_QUIZ_DUO_165","TID_QUIZ_DUO_165_ANSWER_1","true","TID_QUIZ_DUO_165_ANSWER_2","false","TID_QUIZ_DUO_165_ANSWER_3","false","Easy"
"QUIZ_DUO_166","TID_QUIZ_DUO_166","TID_QUIZ_DUO_166_ANSWER_1","true","TID_QUIZ_DUO_166_ANSWER_2","false","TID_QUIZ_DUO_166_ANSWER_3","false","Easy"
"QUIZ_DUO_167","TID_QUIZ_DUO_167","TID_QUIZ_DUO_167_ANSWER_1","true","TID_QUIZ_DUO_167_ANSWER_2","false","TID_QUIZ_DUO_167_ANSWER_3","false","Easy"
"QUIZ_DUO_168","TID_QUIZ_DUO_168","TID_QUIZ_DUO_168_ANSWER_1","true","TID_QUIZ_DUO_168_ANSWER_2","false","TID_QUIZ_DUO_168_ANSWER_3","false","Easy"
"QUIZ_DUO_169","TID_QUIZ_DUO_169","TID_QUIZ_DUO_169_ANSWER_1","true","TID_QUIZ_DUO_169_ANSWER_2","false","TID_QUIZ_DUO_169_ANSWER_3","false","Easy"
"QUIZ_DUO_170","TID_QUIZ_DUO_170","TID_QUIZ_DUO_170_ANSWER_1","true","TID_QUIZ_DUO_170_ANSWER_2","false","TID_QUIZ_DUO_170_ANSWER_3","false","Easy"
"QUIZ_DUO_171","TID_QUIZ_DUO_171","TID_QUIZ_DUO_171_ANSWER_1","true","TID_QUIZ_DUO_171_ANSWER_2","false","TID_QUIZ_DUO_171_ANSWER_3","false","Easy"
"QUIZ_DUO_172","TID_QUIZ_DUO_172","TID_QUIZ_DUO_172_ANSWER_1","true","TID_QUIZ_DUO_172_ANSWER_2","false","TID_QUIZ_DUO_172_ANSWER_3","false","Easy"
"QUIZ_DUO_173","TID_QUIZ_DUO_173","TID_QUIZ_DUO_173_ANSWER_1","true","TID_QUIZ_DUO_173_ANSWER_2","false","TID_QUIZ_DUO_173_ANSWER_3","false","Easy"
"QUIZ_DUO_174","TID_QUIZ_DUO_174","TID_QUIZ_DUO_174_ANSWER_1","true","TID_QUIZ_DUO_174_ANSWER_2","false","TID_QUIZ_DUO_174_ANSWER_3","false","Easy"
"QUIZ_DUO_175","TID_QUIZ_DUO_175","TID_QUIZ_DUO_175_ANSWER_1","true","TID_QUIZ_DUO_175_ANSWER_2","false","TID_QUIZ_DUO_175_ANSWER_3","false","Easy"
"QUIZ_DUO_176","TID_QUIZ_DUO_176","TID_QUIZ_DUO_176_ANSWER_1","true","TID_QUIZ_DUO_176_ANSWER_2","false","TID_QUIZ_DUO_176_ANSWER_3","false","Easy"
"QUIZ_DUO_177","TID_QUIZ_DUO_177","TID_QUIZ_DUO_177_ANSWER_1","true","TID_QUIZ_DUO_177_ANSWER_2","false","TID_QUIZ_DUO_177_ANSWER_3","false","Easy"
"QUIZ_DUO_178","TID_QUIZ_DUO_178","TID_QUIZ_DUO_178_ANSWER_1","true","TID_QUIZ_DUO_178_ANSWER_2","false","TID_QUIZ_DUO_178_ANSWER_3","false","Easy"
"QUIZ_DUO_179","TID_QUIZ_DUO_179","TID_QUIZ_DUO_179_ANSWER_1","true","TID_QUIZ_DUO_179_ANSWER_2","false","TID_QUIZ_DUO_179_ANSWER_3","false","Easy"
"QUIZ_DUO_180","TID_QUIZ_DUO_180","TID_QUIZ_DUO_180_ANSWER_1","true","TID_QUIZ_DUO_180_ANSWER_2","false","TID_QUIZ_DUO_180_ANSWER_3","false","Easy"
"QUIZ_DUO_181","TID_QUIZ_DUO_181","TID_QUIZ_DUO_181_ANSWER_1","true","TID_QUIZ_DUO_181_ANSWER_2","false","TID_QUIZ_DUO_181_ANSWER_3","false","Easy"
"QUIZ_DUO_182","TID_QUIZ_DUO_182","TID_QUIZ_DUO_182_ANSWER_1","true","TID_QUIZ_DUO_182_ANSWER_2","false","TID_QUIZ_DUO_182_ANSWER_3","false","Easy"
"QUIZ_DUO_183","TID_QUIZ_DUO_183","TID_QUIZ_DUO_183_ANSWER_1","true","TID_QUIZ_DUO_183_ANSWER_2","false","TID_QUIZ_DUO_183_ANSWER_3","false","Easy"
"QUIZ_DUO_184","TID_QUIZ_DUO_184","TID_QUIZ_DUO_184_ANSWER_1","true","TID_QUIZ_DUO_184_ANSWER_2","false","TID_QUIZ_DUO_184_ANSWER_3","false","Easy"
"QUIZ_DUO_185","TID_QUIZ_DUO_185","TID_QUIZ_DUO_185_ANSWER_1","true","TID_QUIZ_DUO_185_ANSWER_2","false","TID_QUIZ_DUO_185_ANSWER_3","false","Easy"
"QUIZ_DUO_186","TID_QUIZ_DUO_186","TID_QUIZ_DUO_186_ANSWER_1","true","TID_QUIZ_DUO_186_ANSWER_2","false","TID_QUIZ_DUO_186_ANSWER_3","false","Easy"
"QUIZ_DUO_187","TID_QUIZ_DUO_187","TID_QUIZ_DUO_187_ANSWER_1","true","TID_QUIZ_DUO_187_ANSWER_2","false","TID_QUIZ_DUO_187_ANSWER_3","false","Medium"
"QUIZ_DUO_188","TID_QUIZ_DUO_188","TID_QUIZ_DUO_188_ANSWER_1","true","TID_QUIZ_DUO_188_ANSWER_2","false","TID_QUIZ_DUO_188_ANSWER_3","false","Medium"
"QUIZ_DUO_189","TID_QUIZ_DUO_189","TID_QUIZ_DUO_189_ANSWER_1","true","TID_QUIZ_DUO_189_ANSWER_2","false","TID_QUIZ_DUO_189_ANSWER_3","false","Medium"
"QUIZ_DUO_190","TID_QUIZ_DUO_190","TID_QUIZ_DUO_190_ANSWER_1","true","TID_QUIZ_DUO_190_ANSWER_2","false","TID_QUIZ_DUO_190_ANSWER_3","false","Medium"
"QUIZ_DUO_191","TID_QUIZ_DUO_191","TID_QUIZ_DUO_191_ANSWER_1","true","TID_QUIZ_DUO_191_ANSWER_2","false","TID_QUIZ_DUO_191_ANSWER_3","false","Medium"
"QUIZ_DUO_192","TID_QUIZ_DUO_192","TID_QUIZ_DUO_192_ANSWER_1","true","TID_QUIZ_DUO_192_ANSWER_2","false","TID_QUIZ_DUO_192_ANSWER_3","false","Medium"
"QUIZ_DUO_193","TID_QUIZ_DUO_193","TID_QUIZ_DUO_193_ANSWER_1","true","TID_QUIZ_DUO_193_ANSWER_2","false","TID_QUIZ_DUO_193_ANSWER_3","false","Medium"
"QUIZ_DUO_194","TID_QUIZ_DUO_194","TID_QUIZ_DUO_194_ANSWER_1","true","TID_QUIZ_DUO_194_ANSWER_2","false","TID_QUIZ_DUO_194_ANSWER_3","false","Medium"
"QUIZ_DUO_195","TID_QUIZ_DUO_195","TID_QUIZ_DUO_195_ANSWER_1","true","TID_QUIZ_DUO_195_ANSWER_2","false","TID_QUIZ_DUO_195_ANSWER_3","false","Medium"
"QUIZ_DUO_196","TID_QUIZ_DUO_196","TID_QUIZ_DUO_196_ANSWER_1","true","TID_QUIZ_DUO_196_ANSWER_2","false","TID_QUIZ_DUO_196_ANSWER_3","false","Medium"
"QUIZ_DUO_197","TID_QUIZ_DUO_197","TID_QUIZ_DUO_197_ANSWER_1","true","TID_QUIZ_DUO_197_ANSWER_2","false","TID_QUIZ_DUO_197_ANSWER_3","false","Medium"
"QUIZ_DUO_198","TID_QUIZ_DUO_198","TID_QUIZ_DUO_198_ANSWER_1","true","TID_QUIZ_DUO_198_ANSWER_2","false","TID_QUIZ_DUO_198_ANSWER_3","false","Easy"
