"Name","Disable","Traits","Rarity","TitleTID","DescriptionTID","SWF","IconExportName","ExcludeBrawlers","LinkedToCharacterProgress","Family","Level"
"string","boolean","string","string","string","string","string","string","string","string","string","int"
"R_MaxHp_S",,"R_MaxHp_S","super_rare",,"TID_R_MAXHP_DESC","sc/ui_roguelite.sc","icon_power_card_health",,,,
"R_MaxHp_E",,"R_MaxHp_E","epic",,"TID_R_MAXHP_DESC","sc/ui_roguelite.sc","icon_power_card_health",,,,
"R_MaxHp_L",,"R_MaxHp_L","legendary",,"TID_R_MAXHP_DESC","sc/ui_roguelite.sc","icon_power_card_health",,,,
"R_MaxHp_Absolute_S",,"R_MaxHp_Absolute_S","super_rare",,"TID_R_MAXHP_ABS_DESC","sc/ui_roguelite.sc","icon_power_card_health",,,,
"R_MaxHp_Absolute_E",,"R_MaxHp_Absolute_E","epic",,"TID_R_MAXHP_ABS_DESC","sc/ui_roguelite.sc","icon_power_card_health",,,,
"R_MaxHp_Absolute_L",,"R_MaxHp_Absolute_L","legendary",,"TID_R_MAXHP_ABS_DESC","sc/ui_roguelite.sc","icon_power_card_health",,,,
"R_MaxHp_Absolute_Mini_S",,"R_MaxHp_Absolute_Mini_S","super_rare",,"TID_R_MAXHP_ABS_DESC","sc/ui_roguelite.sc","icon_power_card_health",,,,
"R_MaxHp_Absolute_Mini_E",,"R_MaxHp_Absolute_Mini_E","epic",,"TID_R_MAXHP_ABS_DESC","sc/ui_roguelite.sc","icon_power_card_health",,,,
"R_MaxHp_Absolute_Mini_L",,"R_MaxHp_Absolute_Mini_L","legendary",,"TID_R_MAXHP_ABS_DESC","sc/ui_roguelite.sc","icon_power_card_health",,,,
"R_Reload_S",,"R_Reload_S","super_rare",,"TID_R_RELOAD_DESC","sc/ui_roguelite.sc","icon_power_card_reload",,,,
"R_Reload_E",,"R_Reload_E","epic",,"TID_R_RELOAD_DESC","sc/ui_roguelite.sc","icon_power_card_reload",,,,
"R_Reload_L",,"R_Reload_L","legendary",,"TID_R_RELOAD_DESC","sc/ui_roguelite.sc","icon_power_card_reload",,,,
"R_Reload_Mini_S",,"R_Reload_Mini_S","super_rare",,"TID_R_RELOAD_DESC","sc/ui_roguelite.sc","icon_power_card_reload",,,,
"R_Reload_Mini_E",,"R_Reload_Mini_E","epic",,"TID_R_RELOAD_DESC","sc/ui_roguelite.sc","icon_power_card_reload",,,,
"R_Reload_Mini_L",,"R_Reload_Mini_L","legendary",,"TID_R_RELOAD_DESC","sc/ui_roguelite.sc","icon_power_card_reload",,,,
"R_MoveSpeed_S",,"R_MoveSpeed_S","super_rare",,"TID_R_MOVESPEED_DESC","sc/ui_roguelite.sc","icon_power_card_speed",,,,
"R_MoveSpeed_E",,"R_MoveSpeed_E","epic",,"TID_R_MOVESPEED_DESC","sc/ui_roguelite.sc","icon_power_card_speed",,,,
"R_MoveSpeed_L",,"R_MoveSpeed_L","legendary",,"TID_R_MOVESPEED_DESC","sc/ui_roguelite.sc","icon_power_card_speed",,,,
"R_MoveSpeed_Max_L",,"R_MoveSpeed_Max_L","legendary",,"TID_R_MOVESPEED_DESC","sc/ui_roguelite.sc","icon_power_card_speed",,,,
"R_MoveSpeed_WithPet_S",,"R_MoveSpeed_S;R_MoveSpeed_WithPet_S","super_rare",,"TID_R_MOVESPEED_DESC","sc/ui_roguelite.sc","icon_power_card_speed",,,,
"R_MoveSpeed_WithPet_E",,"R_MoveSpeed_E;R_MoveSpeed_WithPet_E","epic",,"TID_R_MOVESPEED_DESC","sc/ui_roguelite.sc","icon_power_card_speed",,,,
"R_MoveSpeed_WithPet_L",,"R_MoveSpeed_L;R_MoveSpeed_WithPet_E","legendary",,"TID_R_MOVESPEED_DESC","sc/ui_roguelite.sc","icon_power_card_speed",,,,
"R_MoveSpeed_Mini_S",,"R_MoveSpeed_Mini_S","super_rare",,"TID_R_MOVESPEED_DESC","sc/ui_roguelite.sc","icon_power_card_speed",,,,
"R_MoveSpeed_Mini_E",,"R_MoveSpeed_Mini_E","epic",,"TID_R_MOVESPEED_DESC","sc/ui_roguelite.sc","icon_power_card_speed",,,,
"R_MoveSpeed_Mini_L",,"R_MoveSpeed_Mini_L","legendary",,"TID_R_MOVESPEED_DESC","sc/ui_roguelite.sc","icon_power_card_speed",,,,
"R_Damage_S",,"R_Damage_S","super_rare",,"TID_R_DAMAGE_DESC","sc/ui_roguelite.sc","icon_power_card_damage",,,,
"R_Damage_E",,"R_Damage_E","epic",,"TID_R_DAMAGE_DESC","sc/ui_roguelite.sc","icon_power_card_damage",,,,
"R_Damage_L",,"R_Damage_L","legendary",,"TID_R_DAMAGE_DESC","sc/ui_roguelite.sc","icon_power_card_damage",,,,
"R_Damage_Mini_S",,"R_Damage_Mini_S","super_rare",,"TID_R_DAMAGE_DESC","sc/ui_roguelite.sc","icon_power_card_damage",,,,
"R_Damage_Mini_E",,"R_Damage_Mini_E","epic",,"TID_R_DAMAGE_DESC","sc/ui_roguelite.sc","icon_power_card_damage",,,,
"R_Damage_Mini_L",,"R_Damage_Mini_L","legendary",,"TID_R_DAMAGE_DESC","sc/ui_roguelite.sc","icon_power_card_damage",,,,
"R_SuperRate_S",,"R_SuperRate_S;R_HCRate_S","super_rare",,"TID_R_SUPERRATE_DESC","sc/ui_roguelite.sc","icon_power_card_ulti_charge",,,,
"R_SuperRate_E",,"R_SuperRate_E;R_HCRate_E","epic",,"TID_R_SUPERRATE_DESC","sc/ui_roguelite.sc","icon_power_card_ulti_charge",,,,
"R_SuperRate_L",,"R_SuperRate_L;R_HCRate_L","legendary",,"TID_R_SUPERRATE_DESC","sc/ui_roguelite.sc","icon_power_card_ulti_charge",,,,
"R_SuperRate_Mini_S",,"R_SuperRate_Mini_S;R_HCRate_Mini_S","super_rare",,"TID_R_SUPERRATE_DESC","sc/ui_roguelite.sc","icon_power_card_ulti_charge",,,,
"R_SuperRate_Mini_E",,"R_SuperRate_Mini_E;R_HCRate_Mini_E","epic",,"TID_R_SUPERRATE_DESC","sc/ui_roguelite.sc","icon_power_card_ulti_charge",,,,
"R_SuperRate_Mini_L",,"R_SuperRate_Mini_L;R_HCRate_Mini_L","legendary",,"TID_R_SUPERRATE_DESC","sc/ui_roguelite.sc","icon_power_card_ulti_charge",,,,
"R_AttackRange_E",,"R_AttackRange_E","epic",,"TID_R_ATTACKRANGE_DESC","sc/ui_roguelite.sc","icon_power_card_range",,,,
"R_AttackRange_2_E",,"R_AttackRange_E","epic",,"TID_R_ATTACKRANGE_DESC","sc/ui_roguelite.sc","icon_power_card_range",,,,
"R_AttackRange_L",,"R_AttackRange_L","legendary",,"TID_R_ATTACKRANGE_DESC","sc/ui_roguelite.sc","icon_power_card_range",,,,
"R_AttackRange_Max_L",,"R_AttackRange_Max_L","legendary",,"TID_R_ATTACKRANGE_DESC","sc/ui_roguelite.sc","icon_power_card_range",,,,
"R_AttackRange_Melee_L",,"R_AttackRange_Mini_L","legendary",,"TID_R_ATTACKRANGE_MELEE_DESC","sc/ui_roguelite.sc","icon_power_card_range",,,,
"R_AttackRange_Mini_L",,"R_AttackRange_Mini_L","legendary",,"TID_R_ATTACKRANGE_DESC","sc/ui_roguelite.sc","icon_power_card_range",,,,
"R_AttackRange_Jump_Mini_L",,"R_AttackRange_Mini_L","legendary",,"TID_R_ATTACKRANGE_JUMP_DESC","sc/ui_roguelite.sc","icon_power_card_range",,,,
"R_AttackRange_Cone_E",,"R_AttackRange_Cone_E_1;R_AttackRange_Cone_E_2;R_AttackRange_Cone_E_3","epic",,"TID_R_ATTACKRANGE_CONE_DESC","sc/ui_roguelite.sc","icon_power_card_range",,,,
"R_AttackRange_Cone_2_E",,"R_AttackRange_Cone_E_1;R_AttackRange_Cone_E_2;R_AttackRange_Cone_E_3","epic",,"TID_R_ATTACKRANGE_CONE_DESC","sc/ui_roguelite.sc","icon_power_card_range",,,,
"R_AttackRange_Cone_L",,"R_AttackRange_Cone_L_1;R_AttackRange_Cone_L_2;R_AttackRange_Cone_L_3","legendary",,"TID_R_ATTACKRANGE_CONE_DESC","sc/ui_roguelite.sc","icon_power_card_range",,,,
"R_AttackRange_Cone_Mini_L",,"R_AttackRange_Cone_Mini_L_1;R_AttackRange_Cone_Mini_L_2;R_AttackRange_Cone_Mini_L_3","legendary",,"TID_R_ATTACKRANGE_CONE_DESC","sc/ui_roguelite.sc","icon_power_card_range",,,,
"R_Kit_AttackRange_L",,"R_Kit_AttackRange_L_1;R_Kit_AttackRange_L_2;R_Kit_AttackRange_L_3","legendary",,"TID_R_ATTACKRANGE_CONE_DESC","sc/ui_roguelite.sc","icon_power_card_range",,,,
"R_Shade_AttackRange_L",,"R_Shade_AttackRange_L_1;R_Shade_AttackRange_L_2","legendary",,"TID_R_ATTACKRANGE_MELEE_DESC","sc/ui_roguelite.sc","icon_power_card_range",,,,
"R_ProjectileSpeed_S",,"R_ProjectileSpeed_S","super_rare",,"TID_R_PROJECTILESPEED_DESC","sc/ui_roguelite.sc","icon_power_card_projectile_speed",,,,
"R_ProjectileSpeed_E",,"R_ProjectileSpeed_E","epic",,"TID_R_PROJECTILESPEED_DESC","sc/ui_roguelite.sc","icon_power_card_projectile_speed",,,,
"R_ProjectileSpeed_L",,"R_ProjectileSpeed_L","legendary",,"TID_R_PROJECTILESPEED_DESC","sc/ui_roguelite.sc","icon_power_card_projectile_speed",,,,
"R_ProjectileSpeed_Max_S",,"R_ProjectileSpeed_Max_S","super_rare",,"TID_R_PROJECTILESPEED_DESC","sc/ui_roguelite.sc","icon_power_card_projectile_speed",,,,
"R_ProjectileSpeed_Max_E",,"R_ProjectileSpeed_Max_E","epic",,"TID_R_PROJECTILESPEED_DESC","sc/ui_roguelite.sc","icon_power_card_projectile_speed",,,,
"R_ProjectileSpeed_Max_L",,"R_ProjectileSpeed_Max_L","legendary",,"TID_R_PROJECTILESPEED_DESC","sc/ui_roguelite.sc","icon_power_card_projectile_speed",,,,
"R_GadgetCooldown_S",,"R_GadgetCooldown_S","super_rare",,"TID_R_GADGETCOOLDOWN_DESC","sc/ui_roguelite.sc","icon_power_card_gadget_cooldown",,,,
"R_GadgetCooldown_E",,"R_GadgetCooldown_E","epic",,"TID_R_GADGETCOOLDOWN_DESC","sc/ui_roguelite.sc","icon_power_card_gadget_cooldown",,,,
"R_GadgetCooldown_L",,"R_GadgetCooldown_L","legendary",,"TID_R_GADGETCOOLDOWN_DESC","sc/ui_roguelite.sc","icon_power_card_gadget_cooldown",,,,
"R_GadgetCooldown_Mini_S",,"R_GadgetCooldown_Mini_S","super_rare",,"TID_R_GADGETCOOLDOWN_DESC","sc/ui_roguelite.sc","icon_power_card_gadget_cooldown",,,,
"R_GadgetCooldown_Mini_E",,"R_GadgetCooldown_Mini_E","epic",,"TID_R_GADGETCOOLDOWN_DESC","sc/ui_roguelite.sc","icon_power_card_gadget_cooldown",,,,
"R_GadgetCooldown_Mini_L",,"R_GadgetCooldown_Mini_L","legendary",,"TID_R_GADGETCOOLDOWN_DESC","sc/ui_roguelite.sc","icon_power_card_gadget_cooldown",,,,
"R_BulletSize_S",,"R_BulletSize_S","super_rare",,"TID_R_BULLETSIZE_DESC","sc/ui_roguelite.sc","icon_power_card_projectile_size",,,,
"R_BulletSize_E",,"R_BulletSize_E","epic",,"TID_R_BULLETSIZE_DESC","sc/ui_roguelite.sc","icon_power_card_projectile_size",,,,
"R_BulletSize_L",,"R_BulletSize_L","legendary",,"TID_R_BULLETSIZE_DESC","sc/ui_roguelite.sc","icon_power_card_projectile_size",,,,
"R_BulletSize_Boom_S",,"R_BulletSize_S","super_rare",,"TID_R_BULLETSIZE_BOOM_DESC","sc/ui_roguelite.sc","icon_power_card_projectile_size",,,,
"R_BulletSize_Boom_E",,"R_BulletSize_E","epic",,"TID_R_BULLETSIZE_BOOM_DESC","sc/ui_roguelite.sc","icon_power_card_projectile_size",,,,
"R_BulletSize_Boom_L",,"R_BulletSize_L","legendary",,"TID_R_BULLETSIZE_BOOM_DESC","sc/ui_roguelite.sc","icon_power_card_projectile_size",,,,
"R_BulletSize_Mini_S",,"R_BulletSize_Mini_S","super_rare",,"TID_R_BULLETSIZE_DESC","sc/ui_roguelite.sc","icon_power_card_projectile_size",,,,
"R_BulletSize_Mini_E",,"R_BulletSize_Mini_E","epic",,"TID_R_BULLETSIZE_DESC","sc/ui_roguelite.sc","icon_power_card_projectile_size",,,,
"R_BulletSize_Mini_L",,"R_BulletSize_Mini_L","legendary",,"TID_R_BULLETSIZE_DESC","sc/ui_roguelite.sc","icon_power_card_projectile_size",,,,
"R_BulletSize_WithItem_S",,"R_BulletSize_Mini_S;R_BulletSizeArea_Mini_WithItem_S","super_rare",,"TID_R_BULLETSIZE_DESC","sc/ui_roguelite.sc","icon_power_card_projectile_size",,,,
"R_BulletSize_WithItem_E",,"R_BulletSize_Mini_E;R_BulletSizeArea_Mini_WithItem_E","epic",,"TID_R_BULLETSIZE_DESC","sc/ui_roguelite.sc","icon_power_card_projectile_size",,,,
"R_BulletSize_WithItem_L",,"R_BulletSize_Mini_L;R_BulletSizeArea_Mini_WithItem_L","legendary",,"TID_R_BULLETSIZE_DESC","sc/ui_roguelite.sc","icon_power_card_projectile_size",,,,
"R_BulletSize_Fist_S",,"R_BulletSize_S","super_rare",,"TID_R_BULLETSIZE_FIST_DESC","sc/ui_roguelite.sc","icon_power_card_projectile_size",,,,
"R_BulletSize_Fist_E",,"R_BulletSize_E","epic",,"TID_R_BULLETSIZE_FIST_DESC","sc/ui_roguelite.sc","icon_power_card_projectile_size",,,,
"R_BulletSize_Fist_L",,"R_BulletSize_L","legendary",,"TID_R_BULLETSIZE_FIST_DESC","sc/ui_roguelite.sc","icon_power_card_projectile_size",,,,
"R_BulletSize_Bubble_S",,"R_BulletSize_S","super_rare",,"TID_R_BULLETSIZE_BUBBLE_DESC","sc/ui_roguelite.sc","icon_power_card_projectile_size",,,,
"R_BulletSize_Bubble_E",,"R_BulletSize_E","epic",,"TID_R_BULLETSIZE_BUBBLE_DESC","sc/ui_roguelite.sc","icon_power_card_projectile_size",,,,
"R_BulletSize_Bubble_L",,"R_BulletSize_L","legendary",,"TID_R_BULLETSIZE_BUBBLE_DESC","sc/ui_roguelite.sc","icon_power_card_projectile_size",,,,
"R_AreaEffectSize_S",,"R_AreaEffectSize_S","super_rare",,"TID_R_AREAEFFECT_DESC","sc/ui_roguelite.sc","icon_power_card_area_effect",,,,
"R_AreaEffectSize_E",,"R_AreaEffectSize_E","epic",,"TID_R_AREAEFFECT_DESC","sc/ui_roguelite.sc","icon_power_card_area_effect",,,,
"R_AreaEffectSize_L",,"R_AreaEffectSize_L","legendary",,"TID_R_AREAEFFECT_DESC","sc/ui_roguelite.sc","icon_power_card_area_effect",,,,
"R_AreaEffectSize_Mini_S",,"R_AreaEffectSize_Mini_S","super_rare",,"TID_R_AREAEFFECT_DESC","sc/ui_roguelite.sc","icon_power_card_area_effect",,,,
"R_AreaEffectSize_Mini_E",,"R_AreaEffectSize_Mini_E","epic",,"TID_R_AREAEFFECT_DESC","sc/ui_roguelite.sc","icon_power_card_area_effect",,,,
"R_AreaEffectSize_Mini_L",,"R_AreaEffectSize_Mini_L","legendary",,"TID_R_AREAEFFECT_DESC","sc/ui_roguelite.sc","icon_power_card_area_effect",,,,
"R_AreaEffectSize_Melee_S",,"R_AreaEffectSize_Melee_S","super_rare",,"TID_R_AREAEFFECTMELEE_DESC","sc/ui_roguelite.sc","icon_power_card_area_effect",,,,
"R_AreaEffectSize_Melee_E",,"R_AreaEffectSize_Melee_E","epic",,"TID_R_AREAEFFECTMELEE_DESC","sc/ui_roguelite.sc","icon_power_card_area_effect",,,,
"R_AreaEffectSize_Melee_L",,"R_AreaEffectSize_Melee_L","legendary",,"TID_R_AREAEFFECTMELEE_DESC","sc/ui_roguelite.sc","icon_power_card_area_effect",,,,
"R_AreaEffectSizeThrower_S",,"R_AreaEffectSizeThrower_S;R_BulletSizeThrower_S","super_rare",,"TID_R_AREAEFFECTTHROWER_DESC","sc/ui_roguelite.sc","icon_power_card_area_effect",,,,
"R_AreaEffectSizeThrower_E",,"R_AreaEffectSizeThrower_E;R_BulletSizeThrower_E","epic",,"TID_R_AREAEFFECTTHROWER_DESC","sc/ui_roguelite.sc","icon_power_card_area_effect",,,,
"R_AreaEffectSizeThrower_L",,"R_AreaEffectSizeThrower_L;R_BulletSizeThrower_L","legendary",,"TID_R_AREAEFFECTTHROWER_DESC","sc/ui_roguelite.sc","icon_power_card_area_effect",,,,
"R_AreaEffectSizeThrower_Mini_S",,"R_AreaEffectSizeThrower_Mini_S;R_BulletSizeThrower_Mini_S","super_rare",,"TID_R_AREAEFFECTTHROWER_DESC","sc/ui_roguelite.sc","icon_power_card_area_effect",,,,
"R_AreaEffectSizeThrower_Mini_E",,"R_AreaEffectSizeThrower_Mini_E;R_BulletSizeThrower_Mini_E","epic",,"TID_R_AREAEFFECTTHROWER_DESC","sc/ui_roguelite.sc","icon_power_card_area_effect",,,,
"R_AreaEffectSizeThrower_Mini_L",,"R_AreaEffectSizeThrower_Mini_L;R_BulletSizeThrower_Mini_L","legendary",,"TID_R_AREAEFFECTTHROWER_DESC","sc/ui_roguelite.sc","icon_power_card_area_effect",,,,
"R_AreaEffect_BulletSize_S",,"R_AreaEffect_BulletSize_S_1;R_AreaEffect_BulletSize_S_2","super_rare",,"TID_R_AREAEFFECTTHROWER_DESC","sc/ui_roguelite.sc","icon_power_card_projectile_size",,,,
"R_AreaEffect_BulletSize_E",,"R_AreaEffect_BulletSize_E_1;R_AreaEffect_BulletSize_E_2","epic",,"TID_R_AREAEFFECTTHROWER_DESC","sc/ui_roguelite.sc","icon_power_card_projectile_size",,,,
"R_AreaEffect_BulletSize_L",,"R_AreaEffect_BulletSize_L_1;R_AreaEffect_BulletSize_L_2","legendary",,"TID_R_AREAEFFECTTHROWER_DESC","sc/ui_roguelite.sc","icon_power_card_projectile_size",,,,
"R_DamageReduction_S",,"R_DamageReduction_S;R_DamageReduction_Effect_E","super_rare",,"TID_R_DAMAGEREDUCTION_DESC","sc/ui_roguelite.sc","icon_power_card_damage_reduction_shield",,,,
"R_DamageReduction_E",,"R_DamageReduction_E;R_DamageReduction_Effect_E","epic",,"TID_R_DAMAGEREDUCTION_DESC","sc/ui_roguelite.sc","icon_power_card_damage_reduction_shield",,,,
"R_DamageReduction_L",,"R_DamageReduction_L;R_DamageReduction_Effect_L","legendary",,"TID_R_DAMAGEREDUCTION_DESC","sc/ui_roguelite.sc","icon_power_card_damage_reduction_shield",,,,
"R_DamageReduction_Max_L",,"R_DamageReduction_Max_L;R_DamageReduction_Effect_L","legendary",,"TID_R_DAMAGEREDUCTION_DESC","sc/ui_roguelite.sc","icon_power_card_damage_reduction_shield",,,,
"R_DamageReduction_Mini_S",,"R_DamageReduction_Mini_S;R_DamageReduction_Effect_E","super_rare",,"TID_R_DAMAGEREDUCTION_DESC","sc/ui_roguelite.sc","icon_power_card_damage_reduction_shield",,,,
"R_DamageReduction_Mini_E",,"R_DamageReduction_Mini_E;R_DamageReduction_Effect_E","epic",,"TID_R_DAMAGEREDUCTION_DESC","sc/ui_roguelite.sc","icon_power_card_damage_reduction_shield",,,,
"R_DamageReduction_Mini_L",,"R_DamageReduction_Mini_L;R_DamageReduction_Effect_L","legendary",,"TID_R_DAMAGEREDUCTION_DESC","sc/ui_roguelite.sc","icon_power_card_damage_reduction_shield",,,,
"R_LifeSteal_S",,"R_LifeSteal_S","super_rare",,"TID_R_LIFESTEAL_DESC","sc/ui_roguelite.sc","icon_power_card_lifesteal",,,,
"R_LifeSteal_E",,"R_LifeSteal_E","epic",,"TID_R_LIFESTEAL_DESC","sc/ui_roguelite.sc","icon_power_card_lifesteal",,,,
"R_LifeSteal_L",,"R_LifeSteal_L","legendary",,"TID_R_LIFESTEAL_DESC","sc/ui_roguelite.sc","icon_power_card_lifesteal",,,,
"R_LifeSteal_Mini_S",,"R_LifeSteal_Mini_S","super_rare",,"TID_R_LIFESTEAL_DESC","sc/ui_roguelite.sc","icon_power_card_lifesteal",,,,
"R_LifeSteal_Mini_E",,"R_LifeSteal_Mini_E","epic",,"TID_R_LIFESTEAL_DESC","sc/ui_roguelite.sc","icon_power_card_lifesteal",,,,
"R_LifeSteal_Mini_L",,"R_LifeSteal_Mini_L","legendary",,"TID_R_LIFESTEAL_DESC","sc/ui_roguelite.sc","icon_power_card_lifesteal",,,,
"R_LifeSteal_Pet_S",,"R_LifeSteal_Pet_S","super_rare",,"TID_R_LIFESTEAL_PET_DESC","sc/ui_roguelite.sc","icon_power_card_lifesteal",,,,
"R_LifeSteal_Pet_E",,"R_LifeSteal_Pet_E","epic",,"TID_R_LIFESTEAL_PET_DESC","sc/ui_roguelite.sc","icon_power_card_lifesteal",,,,
"R_LifeSteal_Pet_L",,"R_LifeSteal_Pet_L","legendary",,"TID_R_LIFESTEAL_PET_DESC","sc/ui_roguelite.sc","icon_power_card_lifesteal",,,,
"R_RegenFaster_E",,"R_RegenFaster","epic",,"TID_R_REGENFASTER_DESC","sc/ui_roguelite.sc","icon_power_card_health",,,,
"R_ConsShield_Mini_L",,"R_ConsShield_Mini","legendary",,"TID_R_CONSSHIELD_DESC","sc/ui_roguelite.sc","icon_power_card_damage_reduction_shield",,,,
"R_ConsShield_L",,"R_ConsShield","legendary",,"TID_R_CONSSHIELD_DESC","sc/ui_roguelite.sc","icon_power_card_damage_reduction_shield",,,,
"R_SpawnBushOnMove_L",,"R_SpawnBushOnMove","legendary",,"TID_R_SRAWNBUSHONMOVE_DESC","sc/ui_roguelite.sc","icon_power_card_area_bush",,,,
"R_SpawnBushOnAttack_L",,"R_SpawnBushOnAttack_L","legendary",,"TID_R_SRAWNBUSHONATTACK_DESC","sc/ui_roguelite.sc","icon_power_card_area_bush",,,,
"R_HealOnKill_E",,"R_HealOnKill","legendary",,"TID_R_HEALONKILL_DESC","sc/ui_roguelite.sc","icon_power_card_lifesteal",,,,
"R_InvisibleOnKill_L",,"R_InvisibleOnKill","legendary",,"TID_R_INVISIBLEONKILL_DESC","sc/ui_roguelite.sc","icon_power_card_invisible",,,,
"R_PowerCubeOnUlti_E",,"R_PowerCubeOnUlti","epic",,"TID_R_POWERCUBEONULTI_DESC","sc/ui_roguelite.sc","icon_power_card_power_cube",,,,
"R_PowerCubeOnStart_S",,"R_PowerCubeOnStart_S","super_rare",,"TID_R_POWERCUBEATSTART_DESC","sc/ui_roguelite.sc","icon_power_card_power_cube",,,,
"R_PowerCubeOnStart_E",,"R_PowerCubeOnStart_E","epic",,"TID_R_POWERCUBEATSTART_DESC","sc/ui_roguelite.sc","icon_power_card_power_cube",,,,
"R_PowerCubeOnStart_L",,"R_PowerCubeOnStart_L","legendary",,"TID_R_POWERCUBEATSTART_DESC","sc/ui_roguelite.sc","icon_power_card_power_cube",,,,
"R_PowerCubeOnKill_E",,"R_PowerCubeOnKill","epic",,"TID_R_POWERCUBEONKILL_DESC","sc/ui_roguelite.sc","icon_power_card_power_cube",,,,
"R_PowerCubeOnKillDouble_L",,"R_PowerCubeOnKillDouble_L","legendary",,"TID_R_POWERCUBEDOUBLEONKILL_DESC","sc/ui_roguelite.sc","icon_power_card_power_cube",,,,
"R_HealOnMove_E",,"R_HealOnMove","epic",,"TID_R_HEALONMOVE_DESC","sc/ui_roguelite.sc","icon_power_card_heal",,,,
"R_SpeedUpOnAtk_E",,"R_SpeedUpOnAtk;R_SpeedUpOnSuper","epic",,"TID_R_SPEEDUPONATK_DESC","sc/ui_roguelite.sc","icon_power_card_assassin",,,,
"R_KnockbackOnTakeDmg_L",,"R_KnockbackOnTakeDmg","legendary",,"TID_R_KNOCKBACKONTAKEDMG_DESC","sc/ui_roguelite.sc","icon_power_card_damage",,,,
"R_SeeThroghtBushOnSuper_E",,"R_SeeThroghtBushOnSuper","epic",,"TID_R_SEETHROUGHTBUSHONSUPER_DESC","sc/ui_roguelite.sc","icon_power_card_area_bush",,,,
"R_SlowDownOnHit_L",,"R_SlowDownOnHit","legendary",,"TID_R_SLOWDOWNONHIT_DESC","sc/ui_roguelite.sc","icon_power_card_slowdown",,,,
"R_PoisonOnHit_S",,"R_PoisonOnHit_S","super_rare",,"TID_R_POISONONHIT_MINI_DESC","sc/ui_roguelite.sc","icon_power_card_poison_on_hit",,,,
"R_PoisonOnHit_E",,"R_PoisonOnHit_E","epic",,"TID_R_POISONONHIT_DESC","sc/ui_roguelite.sc","icon_power_card_poison_on_hit",,,,
"R_PoisonOnHit_L",,"R_PoisonOnHit_L","legendary",,"TID_R_POISONONHIT_BUFF_DESC","sc/ui_roguelite.sc","icon_power_card_poison_on_hit",,,,
"R_AutoChargeUlti_Sam_E",,"R_AutoChargeUlti_Sam_E","epic",,"TID_R_SAM_AUTOCHARGEULTI_DESC","sc/ui_roguelite.sc","icon_power_card_ulti_charge",,,,
"R_AutoChargeUlti_Max_E",,"R_AutoChargeUlti_Max_E","epic",,"TID_R_AUTOCHARGEULTI_EXTRA_DESC","sc/ui_roguelite.sc","icon_power_card_ulti_charge",,,,
"R_AutoChargeUlti_L",,"R_AutoChargeUlti_L","legendary",,"TID_R_AUTOCHARGEULTI_DESC","sc/ui_roguelite.sc","icon_power_card_ulti_charge",,,,
"R_AutoChargeUlti_Max_L",,"R_AutoChargeUlti_Max_L","legendary",,"TID_R_AUTOCHARGEULTI_EXTRA_DESC","sc/ui_roguelite.sc","icon_power_card_ulti_charge",,,,
"R_HomeInOnAttack_L",,"R_HomeInOnAtk_1;R_HomeInOnAtk_2;R_HomeInOnAtk_3;R_HomeInOnAtk_4;R_HomeInOnUlti_1;R_HomeInOnUlti_2;R_HomeInOnUlti_3;R_HomeInOnUlti_4","legendary",,"TID_R_HOMEINONATTACK_DESC","sc/ui_roguelite.sc","icon_power_card_homing",,,,
"R_HomeInOnAttack_Max_L",,"R_HomeInOnAtk_Max_1;R_HomeInOnAtk_2;R_HomeInOnAtk_3;R_HomeInOnAtk_4;R_HomeInOnUlti_1;R_HomeInOnUlti_2;R_HomeInOnUlti_3;R_HomeInOnUlti_4","legendary",,"TID_R_HOMEINONATTACK_DESC","sc/ui_roguelite.sc","icon_power_card_homing",,,,
"R_HomeIn_MainAtk_L",,"R_HomeInOnAtk_1;R_HomeInOnAtk_2;R_HomeInOnAtk_3;R_HomeInOnAtk_4","legendary",,"TID_R_HOMEINONNORMALATK_DESC","sc/ui_roguelite.sc","icon_power_card_homing",,,,
"R_HomeIn_Super_L",,"R_HomeInOnUlti_1;R_HomeInOnUlti_2;R_HomeInOnUlti_3;R_HomeInOnUlti_4","legendary",,"TID_R_HOMEINONULTI_DESC","sc/ui_roguelite.sc","icon_power_card_homing",,,,
"R_HomeInOnAttack_Melee_L",,"R_HomeInOnAtk_Melee_1;R_HomeInOnAtk_Melee_2;R_HomeInOnAtk_Melee_3;R_HomeInOnAtk_Melee_4","legendary",,"TID_R_HOMEINONNORMALATK_DESC","sc/ui_roguelite.sc","icon_power_card_homing",,,,
"R_DestroyEnvironment_L",,"R_DestroyEnvironment","legendary",,"TID_R_DESTROYENVIRONMENT_DESC","sc/ui_roguelite.sc","icon_power_card_destroy",,,,
"R_PassEnvironment_L",,"R_PassEnvironment","legendary",,"TID_R_PASSENVIRONMENT_SUPER_DESC","sc/ui_roguelite.sc","icon_power_card_range",,,,
"R_PierceCharacter_E",,"R_PierceCharacter","epic",,"TID_R_PIERCECHARACTER_DESC","sc/ui_roguelite.sc","icon_power_card_range",,,,
"R_HealBuff_S",,"R_HealBuff_S","super_rare",,"TID_R_HEALBUFF_DESC","sc/ui_roguelite.sc","icon_power_card_heal",,,,
"R_HealBuff_E",,"R_HealBuff_E","epic",,"TID_R_HEALBUFF_DESC","sc/ui_roguelite.sc","icon_power_card_heal",,,,
"R_HealBuff_L",,"R_HealBuff_L","legendary",,"TID_R_HEALBUFF_DESC","sc/ui_roguelite.sc","icon_power_card_heal",,,,
"R_HealBuff_Mini_S",,"R_HealBuff_Mini_S","super_rare",,"TID_R_HEALBUFF_DESC","sc/ui_roguelite.sc","icon_power_card_heal",,,,
"R_HealBuff_Mini_E",,"R_HealBuff_Mini_E","epic",,"TID_R_HEALBUFF_DESC","sc/ui_roguelite.sc","icon_power_card_heal",,,,
"R_HealBuff_Mini_L",,"R_HealBuff_Mini_L","legendary",,"TID_R_HEALBUFF_DESC","sc/ui_roguelite.sc","icon_power_card_heal",,,,
"R_DOT_E",,"R_DOT_E","epic",,"TID_R_DOT_DESC","sc/ui_roguelite.sc","icon_power_card_timer",,,,
"R_DOT_L",,"R_DOT_L","legendary",,"TID_R_DOT_DESC","sc/ui_roguelite.sc","icon_power_card_timer",,,,
"R_VisionInBush_S",,"R_VisionInBush_S","super_rare",,"TID_R_VISIONINBUSH_DESC","sc/ui_roguelite.sc","icon_power_card_area_bush",,,,
"R_VisionInBush_E",,"R_VisionInBush_E","epic",,"TID_R_VISIONINBUSH_DESC","sc/ui_roguelite.sc","icon_power_card_area_bush",,,,
"R_VisionInBush_L",,"R_VisionInBush_L","legendary",,"TID_R_VISIONINBUSH_DESC","sc/ui_roguelite.sc","icon_power_card_area_bush",,,,
"R_MoveSpeedInBush_S",,"R_MoveSpeedInBush_S","super_rare",,"TID_R_MOVESPEEDUPINBUSH_DESC","sc/ui_roguelite.sc","icon_power_card_area_bush",,,,
"R_MoveSpeedInBush_E",,"R_MoveSpeedInBush_E","epic",,"TID_R_MOVESPEEDUPINBUSH_DESC","sc/ui_roguelite.sc","icon_power_card_area_bush",,,,
"R_MoveSpeedInBush_Mini_E",,"R_MoveSpeedInBush_Mini_E","epic",,"TID_R_MOVESPEEDUPINBUSH_DESC","sc/ui_roguelite.sc","icon_power_card_area_bush",,,,
"R_HighHealthDamage_L",,"R_HighHealthDamage_L","legendary",,"TID_R_HIGHHEALTHDAMAGE_DESC","sc/ui_roguelite.sc","icon_power_card_glass_cannon",,,,
"R_LowHealthDamage_L",,"R_LowHealthDamage_L","legendary",,"TID_R_LOWHEALTHDAMAGE_DESC","sc/ui_roguelite.sc","icon_power_card_assassin",,,,
"R_LowHealthDamage_Mini_L",,"R_LowHealthDamage_Mini_L","legendary",,"TID_R_LOWHEALTHDAMAGE_DESC","sc/ui_roguelite.sc","icon_power_card_assassin",,,,
"R_LowHealthDamage_E",,"R_LowHealthDamage_E","epic",,"TID_R_LOWHEALTHDAMAGE_DESC","sc/ui_roguelite.sc","icon_power_card_assassin",,,,
"R_SpeedUpOnGadget_S",,"R_SpeedUpOnGadget_S","super_rare",,"TID_R_SPEEDUPONGADGET_DESC","sc/ui_roguelite.sc","icon_power_card_gadget_cooldown",,,,
"R_BurnOnHit_S",,"R_BurnOnHit_S","super_rare",,"TID_R_BURNONHIT_MINI_DESC","sc/ui_roguelite.sc","icon_power_card_burn_on_hit",,,,
"R_BurnOnHit_E",,"R_BurnOnHit_E","epic",,"TID_R_BURNONHIT_DESC","sc/ui_roguelite.sc","icon_power_card_burn_on_hit",,,,
"R_BurnOnHit_L",,"R_BurnOnHit_L","legendary",,"TID_R_BURNONHIT_EXTRA_DESC","sc/ui_roguelite.sc","icon_power_card_burn_on_hit",,,,
"R_BurnOnHit_Hold_S",,"R_BurnOnHit_Hold_S","super_rare",,"TID_R_BURNONHIT_MINI_DESC","sc/ui_roguelite.sc","icon_power_card_burn_on_hit",,,,
"R_BurnOnHit_Hold_E",,"R_BurnOnHit_Hold_E","epic",,"TID_R_BURNONHIT_DESC","sc/ui_roguelite.sc","icon_power_card_burn_on_hit",,,,
"R_BurnOnHit_Hold_L",,"R_BurnOnHit_Hold_L","legendary",,"TID_R_BURNONHIT_EXTRA_DESC","sc/ui_roguelite.sc","icon_power_card_burn_on_hit",,,,
"R_FireBallAround_E",,"R_FireBallAround_E","epic",,"TID_R_FIREBALLAROUND_DESC","sc/ui_roguelite.sc","icon_power_card_burn_on_hit",,,,
"R_FireBallAround_L",,"R_FireBallAround_L","legendary",,"TID_R_FIREBALLAROUND_DESC","sc/ui_roguelite.sc","icon_power_card_burn_on_hit",,,,
"R_ChargeSuperOnStart_S",,"R_ChargeSuperOnStart_S","super_rare",,"TID_R_CHARGESUPERONSTARTPERCENT_DESC","sc/ui_roguelite.sc","icon_power_card_ulti_charge",,,,
"R_ChargeSuperOnStart_E",,"R_ChargeSuperOnStart_E","epic",,"TID_R_CHARGESUPERONSTART_DESC","sc/ui_roguelite.sc","icon_power_card_ulti_charge",,,,
"R_ChargeHCOnStart_E",,"R_ChargeHCOnStart_E","epic",,"TID_R_CHARGEHCONSTART_DESC","sc/ui_roguelite.sc","icon_power_card_hypercharge",,,,
"R_ChargeHCOnStart_Mini_L",,"R_ChargeHCOnStart_Mini_L","legendary",,"TID_R_CHARGEHCONSTART_DESC","sc/ui_roguelite.sc","icon_power_card_hypercharge",,,,
"R_ChargeHCOnStart_L",,"R_ChargeHCOnStart_L","legendary",,"TID_R_CHARGEHCONSTART_DESC","sc/ui_roguelite.sc","icon_power_card_hypercharge",,,,
"R_PowerCubeEffective_E",,"R_PowerCubeEffective_E","epic",,"TID_R_POWERCUBEMOREEFFECTIVE_DESC","sc/ui_roguelite.sc","icon_power_card_power_cube",,,,
"R_PowerCubeEffective_L",,"R_PowerCubeEffective_L","legendary",,"TID_R_POWERCUBEMOREEFFECTIVE_DESC","sc/ui_roguelite.sc","icon_power_card_power_cube",,,,
"R_PowerCubeDouble_L",,"R_PowerCubeDouble_L","legendary",,"TID_R_POWERCUBEDOUBLE_DESC","sc/ui_roguelite.sc","icon_power_card_power_cube",,,,
"R_DashSpeed_E",,"R_DashSpeed_E","epic",,"TID_R_DASHSPEED_DESC","sc/ui_roguelite.sc","icon_power_card_speed",,,,
"R_DashSpeed_Mini_E",,"R_DashSpeed_Mini_E","epic",,"TID_R_DASHSPEED_DESC","sc/ui_roguelite.sc","icon_power_card_speed",,,,
"R_DashSpeed_Mini_L",,"R_DashSpeed_Mini_L","legendary",,"TID_R_DASHSPEED_DESC","sc/ui_roguelite.sc","icon_power_card_speed",,,,
"R_TriggerSuper_MoreTimes_1_L",,"R_TriggerSuper_MoreTimes_1_L","legendary",,"TID_R_ULTIUSE_DESC","sc/ui_roguelite.sc","icon_power_card_super",,,,
"R_TriggerSuper_MoreTimes_Pet_L",,"R_TriggerSuper_MoreTimes_Pet_L_1;R_TriggerSuper_MoreTimes_Pet_L_2","legendary",,"TID_R_ULTIUSE_PET_DESC","sc/ui_roguelite.sc","icon_power_card_pet",,,,
"R_Eve_TriggerSuper_MoreTimes_L",,"R_Eve_TriggerSuper_MoreTimes_L_1;R_Eve_TriggerSuper_MoreTimes_L_2","legendary",,"TID_R_ULTIUSE_PET_DESC","sc/ui_roguelite.sc","icon_power_card_pet",,,,
"R_PetMoveSpeed_S",,"R_PetMoveSpeed_S","super_rare",,"TID_R_PETMOVESPEED_DESC","sc/ui_roguelite.sc","icon_power_card_pet",,,,
"R_PetMoveSpeed_E",,"R_PetMoveSpeed_E","epic",,"TID_R_PETMOVESPEED_DESC","sc/ui_roguelite.sc","icon_power_card_pet",,,,
"R_PetMaxHP_S",,"R_PetMaxHP_S_1;R_PetMaxHP_S_2","super_rare",,"TID_R_PETMAXHP_DESC","sc/ui_roguelite.sc","icon_power_card_pet",,,,
"R_PetMaxHP_E",,"R_PetMaxHP_E_1;R_PetMaxHP_E_2","epic",,"TID_R_PETMAXHP_DESC","sc/ui_roguelite.sc","icon_power_card_pet",,,,
"R_PetMaxHP_L",,"R_PetMaxHP_L_1;R_PetMaxHP_L_2","legendary",,"TID_R_PETMAXHP_DESC","sc/ui_roguelite.sc","icon_power_card_pet",,,,
"R_PetNumber_L",,"R_PetNumber_L_1;R_PetNumber_L_2","legendary",,"TID_R_PETNUMBER_DESC","sc/ui_roguelite.sc","icon_power_card_pet",,,,
"R_PetNumber_2_L",,"R_PetNumber_L_1;R_PetNumber_L_2","legendary",,"TID_R_PETNUMBER_DESC","sc/ui_roguelite.sc","icon_power_card_pet",,,,
"R_ShootTwice_MainAtk_L",,"R_ShootTwice_MainAtk_L_1;R_ShootTwice_MainAtk_L_2","legendary",,"TID_R_SHOOTTWICE_DESC","sc/ui_roguelite.sc","icon_power_card_projectile_double",,,,
"R_ShootTwice_Throw_L",,"R_ShootTwice_Throw_L","legendary",,"TID_R_SHOOTTWICE_DESC","sc/ui_roguelite.sc","icon_power_card_projectile_double",,,,
"R_Boomerang_L",,"R_Boomerang_L","legendary",,"TID_R_BOOMERANG_DESC","sc/ui_roguelite.sc","icon_power_card_range",,,,
"R_ChargeUpSpeed_L",,"R_ChargeUpSpeed_L","legendary",,"TID_R_CHARGEUPTIME_DESC","sc/ui_roguelite.sc","icon_power_card_speed",,,,
"R_Gus_L",,"R_Gus_L_1;R_Gus_L_2;R_Gus_L_3","legendary",,"TID_R_GUS_L_DESC","sc/ui_roguelite.sc","icon_power_card_super",,,,
"R_Draco_Super_L",,"R_Draco_Super_L","legendary",,"TID_R_DRACO_L_DESC","sc/ui_roguelite.sc","icon_power_card_super",,,,
"R_Berry_L",,"R_Berry_L","legendary",,"TID_R_BERRY_L_DESC","sc/ui_roguelite.sc","icon_power_card_area_effect",,,,
"R_Mortis_Dash_E",,"R_Mortis_Dash_E_1;R_Mortis_Dash_E_2","epic",,"TID_R_MORTIS_DASH_DESC","sc/ui_roguelite.sc","icon_power_card_assassin",,,,
"R_Mortis_Dash_L",,"R_Mortis_Dash_L_1;R_Mortis_Dash_L_2","legendary",,"TID_R_MORTIS_DASH_DESC","sc/ui_roguelite.sc","icon_power_card_assassin",,,,
"R_Tick_BulleNumber_E",,"R_Tick_BulleNumber_E","epic",,"TID_R_TICK_L_DESC","sc/ui_roguelite.sc","icon_power_card_projectile_double",,,,
"R_Tick_BulleNumber_L",,"R_Tick_BulleNumber_L","legendary",,"TID_R_TICK_L_DESC","sc/ui_roguelite.sc","icon_power_card_projectile_double",,,,
"R_Shelly_Super_L",,"R_Shelly_L_1;R_Shelly_L_2","legendary",,"TID_R_SHELLY_L_DESC","sc/ui_roguelite.sc","icon_power_card_projectile_double",,,,
"R_Rico_Bounce_S",,"R_Rico_Bounce_S_1;R_Rico_Bounce_S_2;R_Rico_Bounce_S_3;R_Rico_Bounce_S_4","super_rare",,"TID_R_RICO_BOUNCE_L_DESC","sc/ui_roguelite.sc","icon_power_card_bounce",,,,
"R_Rico_Bounce_E",,"R_Rico_Bounce_E_1;R_Rico_Bounce_E_2;R_Rico_Bounce_E_3;R_Rico_Bounce_E_4","epic",,"TID_R_RICO_BOUNCE_L_DESC","sc/ui_roguelite.sc","icon_power_card_bounce",,,,
"R_Rico_Bounce_L",,"R_Rico_Bounce_L_1;R_Rico_Bounce_L_2;R_Rico_Bounce_L_3;R_Rico_Bounce_L_4","legendary",,"TID_R_RICO_BOUNCE_L_DESC","sc/ui_roguelite.sc","icon_power_card_bounce",,,,
"R_Ruff_Bounce_S",,"R_Ruff_Bounce_S_1;R_Ruff_Bounce_S_2","super_rare",,"TID_R_RICO_BOUNCE_L_DESC","sc/ui_roguelite.sc","icon_power_card_bounce",,,,
"R_Ruff_Bounce_E",,"R_Ruff_Bounce_E_1;R_Ruff_Bounce_E_2","epic",,"TID_R_RICO_BOUNCE_L_DESC","sc/ui_roguelite.sc","icon_power_card_bounce",,,,
"R_Ruff_Bounce_L",,"R_Ruff_Bounce_L_1;R_Ruff_Bounce_L_2","legendary",,"TID_R_RICO_BOUNCE_L_DESC","sc/ui_roguelite.sc","icon_power_card_bounce",,,,
"R_Barley_Slow_L",,"R_Barley_Slow_L","legendary",,"TID_R_BARLEY_L_DESC","sc/ui_roguelite.sc","icon_power_card_slowdown",,,,
"R_Primo_L",,"R_Primo_L","legendary",,"TID_R_PRIMO_L_DESC","sc/ui_roguelite.sc","icon_power_card_destroy",,,,
"R_Hank_L",,"R_Hank_L","legendary",,"TID_R_HANK_L_DESC","sc/ui_roguelite.sc","icon_power_card_destroy",,,,
"R_Emz_Area_L",,"R_Emz_Area_L","legendary",,"TID_R_EMZ_L_DESC","sc/ui_roguelite.sc","icon_power_card_area_effect",,,,
"R_8Bit_Speed_L",,"R_8Bit_Speed_L","legendary",,"TID_R_MOVESPEED_DESC","sc/ui_roguelite.sc","icon_power_card_speed",,,,
"R_Frank_HP_L",,"R_MaxHp_L","legendary",,"TID_R_MAXHP_DESC","sc/ui_roguelite.sc","icon_power_card_health",,,,
"R_Ash_PetNumber_L",,"R_Ash_PetNumber_L_1;R_Ash_PetNumber_L_2","legendary",,"TID_R_ASH_DESC","sc/ui_roguelite.sc","icon_power_card_pet",,,,
"R_Eve_PetNumber_L",,"R_Eve_PetNumber_L_1;R_Eve_PetNumber_L_2","legendary",,"TID_R_EVE_DESC","sc/ui_roguelite.sc","icon_power_card_pet",,,,
"R_Poco_Heal_L",,"R_Poco_Heal_L","legendary",,"TID_R_POCO_DESC","sc/ui_roguelite.sc","icon_power_card_heal",,,,
"R_Meeple_HomeInMore_L",,"R_Meeple_HomeInMore_L","legendary",,"TID_R_MEEPLE_DESC","sc/ui_roguelite.sc","icon_power_card_homing",,,,
"R_Angelo_HoldTime_L",,"R_Angelo_HoldTime_L","legendary",,"TID_R_CHARGEUPTIME_DESC","sc/ui_roguelite.sc","icon_power_card_timer",,,,
"R_Gale_MoreBullet_S",,"R_Gale_MoreBullet_S","super_rare",,"TID_R_BULLETWIDTH_DESC","sc/ui_roguelite.sc","icon_power_card_projectile_size",,,,
"R_Gale_MoreBullet_E",,"R_Gale_MoreBullet_E_1;R_Gale_MoreBullet_E_2","epic",,"TID_R_BULLETWIDTH_DESC","sc/ui_roguelite.sc","icon_power_card_projectile_size",,,,
"R_Gale_MoreBullet_L",,"R_Gale_MoreBullet_L_1;R_Gale_MoreBullet_L_2","legendary",,"TID_R_BULLETWIDTH_DESC","sc/ui_roguelite.sc","icon_power_card_projectile_size",,,,
"R_Dynamike_Delay_L",,"R_Dynamike_Delay_L","legendary",,"TID_R_DYNAMIKE_DESC","sc/ui_roguelite.sc","icon_power_card_destroy",,,,
"R_Olli_Spread_L",,"R_Olli_Spread_L;R_Olli_Bullet_L","legendary",,"TID_R_OLLI_DESC","sc/ui_roguelite.sc","icon_power_card_projectile_size",,,,
"R_Janet_ActiveTime_L",,"R_Janet_ActiveTime_L","legendary",,"TID_R_JANET_DESC","sc/ui_roguelite.sc","icon_power_card_timer",,,,
"R_Buster_ActiveTime_L",,"R_Buster_ActiveTime_L","legendary",,"TID_R_ULTILASTTIME_DESC","sc/ui_roguelite.sc","icon_power_card_timer",,,,
"R_Chuck_Super_E",,"R_Chuck_Super_E","epic",,"TID_R_AUTOCHARGEULTI_EXTRA_DESC","sc/ui_roguelite.sc","icon_power_card_ulti_charge",,,,
"R_Gene_SuperRange_L",,"R_Gene_SuperRange_L","legendary",,"TID_R_GENE_DESC","sc/ui_roguelite.sc","icon_power_card_range",,,,
"R_Bea_Shield_L",,"R_Bea_Shield_L","legendary",,"TID_R_BEA_DESC","sc/ui_roguelite.sc","icon_power_card_damage_reduction_shield",,,,
"R_Byron_StatusEffect_L",,"R_Byron_StatusEffect_L","legendary",,"TID_R_DOT_DESC","sc/ui_roguelite.sc","icon_power_card_timer",,,,
"R_Spike_BulletMore_E",,"R_Spike_BulletMore_E","epic",,"TID_R_SPIKE_BULLET_DESC","sc/ui_roguelite.sc","icon_power_card_projectile_double",,,,
"R_Spike_BulletMore_L",,"R_Spike_BulletMore_L","legendary",,"TID_R_SPIKE_BULLET_DESC","sc/ui_roguelite.sc","icon_power_card_projectile_double",,,,
"R_Spike_Cactus_S",,"R_AreaEffect_BulletSize_S_1;R_AreaEffect_BulletSize_S_2","super_rare",,"TID_R_AREAEFFECTTHROWER_DESC","sc/ui_roguelite.sc","icon_power_card_projectile_size",,,,
"R_Spike_Cactus_E",,"R_AreaEffect_BulletSize_E_1;R_AreaEffect_BulletSize_E_2","epic",,"TID_R_AREAEFFECTTHROWER_DESC","sc/ui_roguelite.sc","icon_power_card_projectile_size",,,,
"R_Spike_Cactus_L",,"R_AreaEffect_BulletSize_L_1;R_AreaEffect_BulletSize_L_2","legendary",,"TID_R_AREAEFFECTTHROWER_DESC","sc/ui_roguelite.sc","icon_power_card_projectile_size",,,,
"R_Charlie_Spider_L",,"R_Charlie_Spider_L","legendary",,"TID_R_CHARLIE_DESC","sc/ui_roguelite.sc","icon_power_card_pet",,,,
"R_Bo_InfinateMine_L",,"R_Bo_InfinateMine_L","legendary",,"TID_R_BO_INFINATE_DESC","sc/ui_roguelite.sc","icon_power_card_projectile_double",,,,
"R_Codilus_MainAtk_L",,"R_Codilus_MainAtk_L","legendary",,"TID_R_CORDILUS_BULLET_DESC","sc/ui_roguelite.sc","icon_power_card_projectile_double",,,,
"R_Sprout_GadgetCooldown_L",,"R_Sprout_GadgetCooldown_L","legendary",,"TID_R_GADGETCOOLDOWN_DESC","sc/ui_roguelite.sc","icon_power_card_gadget_cooldown",,,,
"R_Bo_MainAtkMore_L",,"R_Bo_MainAtkMore_L","legendary",,"TID_R_BO_BULLET_DESC","sc/ui_roguelite.sc","icon_power_card_projectile_double",,,,
"R_Shade_SuperLastTime_L",,"R_Shade_SuperLastTime_L","legendary",,"TID_R_SHADER_SUPER_DESC","sc/ui_roguelite.sc","icon_power_card_timer",,,,
"R_Melodie_MoreNotes_L",,"R_Melodie_Notes_L","legendary",,"TID_R_MELODIE_SUPER_DESC","sc/ui_roguelite.sc","icon_power_card_projectile_double",,,,
"R_HCTime_L",,"R_HCTime_L","legendary",,"TID_R_HCACTIVETIME_DESC","sc/ui_roguelite.sc","icon_power_card_hypercharge",,,,
"R_Invisible_L",,"R_InvisibleOnKill","legendary",,"TID_R_INVISIBLEONKILL_DESC","sc/ui_roguelite.sc","icon_power_card_invisible",,,,
"R_Kit_PowerCube_E",,"R_Kit_PowerCube_E","epic",,"TID_R_POWERCUBEATSTART_DESC","sc/ui_roguelite.sc","icon_power_card_power_cube",,,,
"R_Squeak_SpawnAreaE_L",,"R_Squeak_SpawnAreaE_L","legendary",,"TID_R_SQUEAK_L_DESC","sc/ui_roguelite.sc","icon_power_card_destroy",,,,
"R_Nani_Bullets_L",,"R_Nani_Bullets_L_1;R_Nani_Bullets_L_2","legendary",,"TID_R_NANI_BULLET_L_DESC","sc/ui_roguelite.sc","icon_power_card_projectile_double",,,,
"R_Nani_Super_E",,"R_Nani_Super_E","epic",,"TID_R_NANI_SUPER_L_DESC","sc/ui_roguelite.sc","icon_power_card_timer",,,,
"R_Nani_Super_L",,"R_Nani_Super_L","legendary",,"TID_R_NANI_SUPER_L_DESC","sc/ui_roguelite.sc","icon_power_card_timer",,,,
"R_Colt_MoreBullet_L",,"R_Colt_MoreBullet_L","legendary",,"TID_R_COLD_BULLET_DESC","sc/ui_roguelite.sc","icon_power_card_projectile_double",,,,
"R_Hank_Range_S",,"R_Hank_Range_S_1;R_Hank_Range_S_2;R_Hank_Range_S_3","super_rare",,"TID_R_HANK_RANGE_DESC","sc/ui_roguelite.sc","icon_power_card_range",,,,
"R_Hank_Range_E",,"R_Hank_Range_E_1;R_Hank_Range_E_2;R_Hank_Range_E_3","epic",,"TID_R_HANK_RANGE_DESC","sc/ui_roguelite.sc","icon_power_card_range",,,,
"R_Hank_Range_L",,"R_Hank_Range_L_1;R_Hank_Range_L_2;R_Hank_Range_L_3","legendary",,"TID_R_HANK_RANGE_DESC","sc/ui_roguelite.sc","icon_power_card_range",,,,
"R_Mina_Shield_L",,"R_Mina_Shield_L","legendary",,"TID_R_MINI_SHIELD_DESC","sc/ui_roguelite.sc","icon_power_card_damage_reduction_shield",,,,
"R_Chuck_Pole_E",,"R_Chuck_Pole_E","epic",,"TID_R_CHUCK_POLE_DESC","sc/ui_roguelite.sc","icon_power_card_super",,,,
"R_Chuck_Pole_L",,"R_Chuck_Pole_L","legendary",,"TID_R_CHUCK_POLE_DESC","sc/ui_roguelite.sc","icon_power_card_super",,,,
"R_Clancy_Level_L",,"R_Clancy_Level_L","legendary",,"TID_R_CLANCY_LEVEL_DESC","sc/ui_roguelite.sc","icon_power_card_super",,,,
"R_Otis_ActiveTime_L",,"R_Otis_ActiveTime_L","legendary",,"TID_R_OTIS_DESC","sc/ui_roguelite.sc","icon_power_card_projectile_double",,,,
"R_Add_Bullets_BasicAttack_ULTRA",,"R_Add_Bullets_BasicAttack_ULTRA_1;R_God_ScaleUp;R_Add_Bullets_BasicAttack_ULTRA_2;R_Reload_L;R_Damage_L","ultra_legendary",,"TID_R_BULLETS_BASICATTACK_ULTRA_DESC","sc/ui_roguelite.sc","icon_power_card_projectile_party","Crab;PowerLeveler;Morningstar;TrickshotDude;AssaultShotgun",,,
"R_Add_Bullets_BasicAttack_L",,"R_Add_Bullets_BasicAttack_L_1;R_Add_Bullets_BasicAttack_L_2","legendary",,"TID_R_BULLETS_BASICATTACK_L_DESC","sc/ui_roguelite.sc","icon_power_card_god_mode",,,,
"R_PowerCubeOnStart_ULTRA",,"R_PowerCubeOnStart_ULTRA;R_God_ScaleUp","ultra_legendary",,"TID_R_POWERCUBEATSTART_ULTRA_DESC","sc/ui_roguelite.sc","icon_power_card_power_cube","Digger;Geisha;MechaDude;MechaDudeBig;CannonGirl",,,
"Godmode",,"R_MoveSpeed_ULTRA;R_SuperRate_L;R_BulletSize_ULTRA;R_Damage_ULTRA;R_AreaEffectSize_ULTRA;R_MaxHp_Absolute_ULTRA;R_AttackRange_ULTRA;R_God_Max_ScaleUp","ultra_legendary",,"TID_R_GODMODE_DESC","sc/ui_roguelite.sc","icon_power_card_god_mode","Morningstar",,,
"R_AreaEffectSize_Super_S",,"R_AreaEffectSize_S","super_rare",,"TID_R_AREAEFFECT_SUPER_DESC","sc/ui_roguelite.sc","icon_power_card_area_effect",,,,
"R_AreaEffectSize_Super_E",,"R_AreaEffectSize_E","epic",,"TID_R_AREAEFFECT_SUPER_DESC","sc/ui_roguelite.sc","icon_power_card_area_effect",,,,
"R_AreaEffectSize_Super_L",,"R_AreaEffectSize_L","legendary",,"TID_R_AREAEFFECT_SUPER_DESC","sc/ui_roguelite.sc","icon_power_card_area_effect",,,,
"R_AreaEffectSize_Super_Mini_S",,"R_AreaEffectSize_Mini_S","super_rare",,"TID_R_AREAEFFECT_SUPER_DESC","sc/ui_roguelite.sc","icon_power_card_area_effect",,,,
"R_AreaEffectSize_Super_Mini_E",,"R_AreaEffectSize_Mini_E","epic",,"TID_R_AREAEFFECT_SUPER_DESC","sc/ui_roguelite.sc","icon_power_card_area_effect",,,,
"R_AreaEffectSize_Super_Mini_L",,"R_AreaEffectSize_Mini_L","legendary",,"TID_R_AREAEFFECT_SUPER_DESC","sc/ui_roguelite.sc","icon_power_card_area_effect",,,,
"R_AreaEffectSize_Function_S",,"R_AreaEffectSize_S","super_rare",,"TID_R_AREAEFFECT_FUNCTION_DESC","sc/ui_roguelite.sc","icon_power_card_area_effect",,,,
"R_AreaEffectSize_Function_E",,"R_AreaEffectSize_E","epic",,"TID_R_AREAEFFECT_FUNCTION_DESC","sc/ui_roguelite.sc","icon_power_card_area_effect",,,,
"R_AreaEffectSize_Function_L",,"R_AreaEffectSize_L","legendary",,"TID_R_AREAEFFECT_FUNCTION_DESC","sc/ui_roguelite.sc","icon_power_card_area_effect",,,,
"R_AreaEffectSize_Function_Mini_S",,"R_AreaEffectSize_Mini_S","super_rare",,"TID_R_AREAEFFECT_FUNCTION_DESC","sc/ui_roguelite.sc","icon_power_card_area_effect",,,,
"R_AreaEffectSize_Function_Mini_E",,"R_AreaEffectSize_Mini_E","epic",,"TID_R_AREAEFFECT_FUNCTION_DESC","sc/ui_roguelite.sc","icon_power_card_area_effect",,,,
"R_AreaEffectSize_Function_Mini_L",,"R_AreaEffectSize_Mini_L","legendary",,"TID_R_AREAEFFECT_FUNCTION_DESC","sc/ui_roguelite.sc","icon_power_card_area_effect",,,,
"R_AttackRange_S",,"R_AttackRange_E","super_rare",,"TID_R_ATTACKRANGE_DESC","sc/ui_roguelite.sc","icon_power_card_range",,,,
"R_AttackRange_Max_E",,"R_AttackRange_L","epic",,"TID_R_ATTACKRANGE_DESC","sc/ui_roguelite.sc","icon_power_card_range",,,,
"R_Bibi_Range_L",,"R_Bibi_Range_L_1;R_Bibi_Range_L_2","legendary",,"TID_R_ATTACKRANGE_MELEE_DESC","sc/ui_roguelite.sc","icon_power_card_range",,,,
"R_MaxHp_Absolute_Mini_Mini_S",,"R_MaxHp_Absolute_Mini_Mini_S","super_rare",,"TID_R_MAXHP_ABS_DESC","sc/ui_roguelite.sc","icon_power_card_health",,,,
"R_MaxHp_Absolute_Mini_Mini_E",,"R_MaxHp_Absolute_Mini_Mini_E","epic",,"TID_R_MAXHP_ABS_DESC","sc/ui_roguelite.sc","icon_power_card_health",,,,
"R_MaxHp_Absolute_Mini_Mini_L",,"R_MaxHp_Absolute_Mini_Mini_L","legendary",,"TID_R_MAXHP_ABS_DESC","sc/ui_roguelite.sc","icon_power_card_health",,,,
"R_PierceCharacter_L",,"R_PierceCharacter","legendary",,"TID_R_PIERCECHARACTER_DESC","sc/ui_roguelite.sc","icon_power_card_pierce",,,,
"R_GadgetCooldown_Mini_Min_S",,"R_GadgetCooldown_Mini_Min_S","super_rare",,"TID_R_GADGETCOOLDOWN_DESC","sc/ui_roguelite.sc","icon_power_card_gadget_cooldown",,,,
"R_GadgetCooldown_Mini_Min_E",,"R_GadgetCooldown_Mini_Min_E","epic",,"TID_R_GADGETCOOLDOWN_DESC","sc/ui_roguelite.sc","icon_power_card_gadget_cooldown",,,,
"R_GadgetCooldown_Mini_Min_L",,"R_GadgetCooldown_Mini_Min_L","legendary",,"TID_R_GADGETCOOLDOWN_DESC","sc/ui_roguelite.sc","icon_power_card_gadget_cooldown",,,,
"R_MoveSpeed_Mini_Mini_S",,"R_MoveSpeed_Mini_Mini_S","super_rare",,"TID_R_MOVESPEED_DESC","sc/ui_roguelite.sc","icon_power_card_speed",,,,
"R_MoveSpeed_Mini_Mini_E",,"R_MoveSpeed_Mini_Mini_E","epic",,"TID_R_MOVESPEED_DESC","sc/ui_roguelite.sc","icon_power_card_speed",,,,
"R_MoveSpeed_Mini_Mini_L",,"R_MoveSpeed_Mini_Mini_L","legendary",,"TID_R_MOVESPEED_DESC","sc/ui_roguelite.sc","icon_power_card_speed",,,,
"R_Frank_MaxHp_S",,"R_MaxHp_S;R_Frank_Scale_S;R_Frank_SpeedDown_S","super_rare",,"TID_R_FRANK_MAXHP_DESC","sc/ui_roguelite.sc","icon_power_card_health",,,,
"R_Frank_MaxHp_E",,"R_MaxHp_E;R_Frank_Scale_E;R_Frank_SpeedDown_E","epic",,"TID_R_FRANK_MAXHP_DESC","sc/ui_roguelite.sc","icon_power_card_health",,,,
"R_Frank_MaxHp_L",,"R_MaxHp_L;R_Frank_Scale_L;R_Frank_SpeedDown_L","legendary",,"TID_R_FRANK_MAXHP_DESC","sc/ui_roguelite.sc","icon_power_card_health",,,,
"R_Melodie_MoreNotes_E",,"R_Melodie_Notes_E","epic",,"TID_R_MELODIE_SUPER_DESC","sc/ui_roguelite.sc","icon_power_card_projectile_double",,,,
"R_BulletSize_Max_S",,"R_BulletSize_Max_S","super_rare",,"TID_R_BULLETSIZE_DESC","sc/ui_roguelite.sc","icon_power_card_projectile_size",,,,
"R_BulletSize_Max_E",,"R_BulletSize_Max_E","epic",,"TID_R_BULLETSIZE_DESC","sc/ui_roguelite.sc","icon_power_card_projectile_size",,,,
"R_BulletSize_Max_L",,"R_BulletSize_Max_L","legendary",,"TID_R_BULLETSIZE_DESC","sc/ui_roguelite.sc","icon_power_card_projectile_size",,,,
"R_BulletSize_WithItem_Max_S",,"R_BulletSize_S;R_BulletSizeArea_Mini_WithItem_S","super_rare",,"TID_R_BULLETSIZE_DESC","sc/ui_roguelite.sc","icon_power_card_projectile_size",,,,
"R_BulletSize_WithItem_Max_E",,"R_BulletSize_E;R_BulletSizeArea_Mini_WithItem_E","epic",,"TID_R_BULLETSIZE_DESC","sc/ui_roguelite.sc","icon_power_card_projectile_size",,,,
"R_BulletSize_WithItem_Max_L",,"R_BulletSize_L;R_BulletSizeArea_Mini_WithItem_L","legendary",,"TID_R_BULLETSIZE_DESC","sc/ui_roguelite.sc","icon_power_card_projectile_size",,,,
"R_Janet_ActiveTime_E",,"R_Janet_ActiveTime_E","epic",,"TID_R_JANET_DESC","sc/ui_roguelite.sc","icon_power_card_timer",,,,
"R_MoveSpeedInBush_Mini_S",,"R_MoveSpeedInBush_Mini_S","super_rare",,"TID_R_MOVESPEEDUPINBUSH_DESC","sc/ui_roguelite.sc","icon_power_card_area_bush",,,,
"R_AreaEffectSize_Kaze_S",,"R_AreaEffectSize_Mini_S;R_Kaze_EffectSize_S","super_rare",,"TID_R_AREAEFFECT_DESC","sc/ui_roguelite.sc","icon_power_card_area_effect",,,,
"R_AreaEffectSize_Kaze_E",,"R_AreaEffectSize_Mini_E;R_Kaze_EffectSize_E","epic",,"TID_R_AREAEFFECT_DESC","sc/ui_roguelite.sc","icon_power_card_area_effect",,,,
"R_AreaEffectSize_Kaze_L",,"R_AreaEffectSize_Mini_L;R_Kaze_EffectSize_L","legendary",,"TID_R_AREAEFFECT_DESC","sc/ui_roguelite.sc","icon_power_card_area_effect",,,,
"R_MaxHp_Absolute_Meg_S",,"R_MaxHp_Absolute_Meg_S","super_rare",,"TID_R_MAXHP_ABS_DESC","sc/ui_roguelite.sc","icon_power_card_health",,,,
"R_MaxHp_Absolute_Meg_E",,"R_MaxHp_Absolute_Meg_E","epic",,"TID_R_MAXHP_ABS_DESC","sc/ui_roguelite.sc","icon_power_card_health",,,,
"R_MaxHp_Absolute_Meg_L",,"R_MaxHp_Absolute_Meg_L","legendary",,"TID_R_MAXHP_ABS_DESC","sc/ui_roguelite.sc","icon_power_card_health",,,,
"R_SpeedUpOnAtk_L",,"R_SpeedUpOnAtk;R_SpeedUpOnSuper","legendary",,"TID_R_SPEEDUPONATK_DESC","sc/ui_roguelite.sc","icon_power_card_assassin",,,,
"R_Mrp_BulletSizeArea_S",,"R_BulletSize_S;R_AreaEffectSize_Mini_S","super_rare",,"TID_R_AREAEFFECTTHROWER_DESC","sc/ui_roguelite.sc","icon_power_card_projectile_size",,,,
"R_Mrp_BulletSizeArea_E",,"R_BulletSize_E;R_AreaEffectSize_Mini_E","epic",,"TID_R_AREAEFFECTTHROWER_DESC","sc/ui_roguelite.sc","icon_power_card_projectile_size",,,,
"R_Mrp_BulletSizeArea_L",,"R_BulletSize_L;R_AreaEffectSize_Mini_L","legendary",,"TID_R_AREAEFFECTTHROWER_DESC","sc/ui_roguelite.sc","icon_power_card_projectile_size",,,,
"R_HighHealthDamage_E",,"R_HighHealthDamage_E","epic",,"TID_R_HIGHHEALTHDAMAGE_DESC","sc/ui_roguelite.sc","icon_power_card_glass_cannon",,,,
"Swarm_projectile1",,"SwarmShootDemonicProjectileOverTimeLevel1","super_rare","TID_SWARM_CARD_PROJECTILE_BARLEY_BOTTLE_TITLE","TID_SWARM_CARD_PROJECTILE_BARLEY_BOTTLE_DESC","sc/ui_roguelite.sc","icon_power_card_area_effect",,"Barkeep",,
"Swarm_projectile_other1",,"SwarmWhirlwindProjectileOverTimeLevel1","super_rare","TID_SWARM_CARD_PROJECTILE_WHIRLWIND_TITLE","TID_SWARM_CARD_PROJECTILE_WHIRLWIND_DESC","sc/ui_roguelite.sc","icon_power_card_projectile_size",,"Whirlwind",,
"Swarm_areaeffect",,"SwarmTimeBendOverTimeLevel1","super_rare","TID_SWARM_CARD_AREA_EFFECT_TIMESTOP_TITLE","TID_SWARM_CARD_AREA_EFFECT_TIMESTOP_DESC","sc/ui_roguelite.sc","icon_power_card_timer",,"Chronomancer",,
"Swarm_BarleyBottle_L1",,"SwarmBarleyBottleFireL1","common","TID_SWARM_BARLEY_TITLE","TID_SWARM_BARLEY_DESC","sc/ui_roguelite.sc","icon_power_card_area_effect",,,"Swarm_BarleyBottle",1
"Swarm_BarleyBottle_L2",,"SwarmBarleyBottleFireL2","common","TID_SWARM_BARLEY_TITLE","TID_SWARM_BARLEY_L2_DESC","sc/ui_roguelite.sc","icon_power_card_area_effect",,,"Swarm_BarleyBottle",2
"Swarm_BarleyBottle_L3",,"SwarmBarleyBottleFireL3","common","TID_SWARM_BARLEY_TITLE","TID_SWARM_BARLEY_L3_DESC","sc/ui_roguelite.sc","icon_power_card_area_effect",,,"Swarm_BarleyBottle",3
"Swarm_Whirlwind_L1",,"SwarmWhirlwindFireL1","common","TID_SWARM_WHIRLWIND_TITLE","TID_SWARM_WHIRLWIND_DESC","sc/ui_roguelite.sc","icon_power_card_projectile_size",,,"Swarm_Whirlwind",1
"Swarm_Whirlwind_L2",,"SwarmWhirlwindFireL2","common","TID_SWARM_WHIRLWIND_TITLE","TID_SWARM_WHIRLWIND_L2_DESC","sc/ui_roguelite.sc","icon_power_card_projectile_size",,,"Swarm_Whirlwind",2
"Swarm_Whirlwind_L3",,"SwarmWhirlwindFireL3","common","TID_SWARM_WHIRLWIND_TITLE","TID_SWARM_WHIRLWIND_L3_DESC","sc/ui_roguelite.sc","icon_power_card_projectile_size",,,"Swarm_Whirlwind",3
"Swarm_HealthBoost_L1",,"SwarmHealthBoostL1","common","TID_SWARM_HEALTH_TITLE","TID_SWARM_HEALTH_DESC","sc/ui_roguelite.sc","icon_power_card_health",,,"Swarm_HealthBoost",1
"Swarm_HealthBoost_L2",,"SwarmHealthBoostL2","common","TID_SWARM_HEALTH_TITLE","TID_SWARM_HEALTH_L2_DESC","sc/ui_roguelite.sc","icon_power_card_health",,,"Swarm_HealthBoost",2
"Swarm_HealthBoost_L3",,"SwarmHealthBoostL3","common","TID_SWARM_HEALTH_TITLE","TID_SWARM_HEALTH_L3_DESC","sc/ui_roguelite.sc","icon_power_card_health",,,"Swarm_HealthBoost",3
"Swarm_DamageBoost_L1",,"SwarmDamageBoostL1","common","TID_SWARM_DAMAGE_TITLE","TID_SWARM_DAMAGE_DESC","sc/ui_roguelite.sc","icon_power_card_damage",,,"Swarm_DamageBoost",1
"Swarm_DamageBoost_L2",,"SwarmDamageBoostL2","common","TID_SWARM_DAMAGE_TITLE","TID_SWARM_DAMAGE_L2_DESC","sc/ui_roguelite.sc","icon_power_card_damage",,,"Swarm_DamageBoost",2
"Swarm_DamageBoost_L3",,"SwarmDamageBoostL3","common","TID_SWARM_DAMAGE_TITLE","TID_SWARM_DAMAGE_L3_DESC","sc/ui_roguelite.sc","icon_power_card_damage",,,"Swarm_DamageBoost",3
"Swarm_ElectroBolt_L1",,"SwarmElectroBoltFireL1","common","TID_SWARM_ELECTROBOLT_TITLE","TID_SWARM_ELECTROBOLT_DESC","sc/ui_roguelite.sc","icon_power_card_projectile_speed",,,"Swarm_ElectroBolt",1
"Swarm_ElectroBolt_L2",,"SwarmElectroBoltFireL2;SwarmElectroBoltFireL2_2","common","TID_SWARM_ELECTROBOLT_TITLE","TID_SWARM_ELECTROBOLT_L2_DESC","sc/ui_roguelite.sc","icon_power_card_projectile_speed",,,"Swarm_ElectroBolt",2
"Swarm_ElectroBolt_L3",,"SwarmElectroBoltFireL3;SwarmElectroBoltFireL3_2","common","TID_SWARM_ELECTROBOLT_TITLE","TID_SWARM_ELECTROBOLT_L3_DESC","sc/ui_roguelite.sc","icon_power_card_projectile_speed",,,"Swarm_ElectroBolt",3
"Swarm_FireAura_L1",,"SwarmFireAuraTraitL1","common","TID_SWARM_FIREAURA_TITLE","TID_SWARM_FIREAURA_DESC","sc/ui_roguelite.sc","icon_power_card_damage",,,"Swarm_FireAura",1
"Swarm_FireAura_L2",,"SwarmFireAuraTraitL2","common","TID_SWARM_FIREAURA_TITLE","TID_SWARM_FIREAURA_L2_DESC","sc/ui_roguelite.sc","icon_power_card_damage",,,"Swarm_FireAura",2
"Swarm_FireAura_L3",,"SwarmFireAuraTraitL3","common","TID_SWARM_FIREAURA_TITLE","TID_SWARM_FIREAURA_L3_DESC","sc/ui_roguelite.sc","icon_power_card_damage",,,"Swarm_FireAura",3
"nano_8bit_1",,"Nano_8Bit_ProjectileSpeed","super_rare",,"TID_NANO_8BIT_1_DESC","sc/ui_roguelite.sc","icon_power_card_projectile_speed",,,,
"nano_8bit_2",,"Nano_8Bit_AreaSize","super_rare",,"TID_NANO_8BIT_2_DESC","sc/ui_roguelite.sc","icon_power_card_area_effect",,,,
"nano_8bit_3",,"Nano_8Bit_MoveSpeed","super_rare",,"TID_NANO_8BIT_3_DESC","sc/ui_roguelite.sc","icon_power_card_speed",,,,
"nano_alli_1",,"Nano_Alli_Reload","mega_epic",,"TID_NANO_ALLI_1_DESC","sc/ui_roguelite.sc","icon_power_card_range",,,,
"nano_alli_2",,"Nano_Alli_Damage","mega_epic",,"TID_NANO_ALLI_2_DESC","sc/ui_roguelite.sc","icon_power_card_damage",,,,
"nano_alli_3",,"Nano_Alli_Water","mega_epic",,"TID_NANO_ALLI_3_DESC","sc/ui_roguelite.sc","icon_power_card_invisible",,,,
"nano_amber_1",,"Nano_Amber_Range","legendary",,"TID_NANO_AMBER_1_DESC","sc/ui_roguelite.sc","icon_power_card_speed",,,,
"nano_amber_2",,"Nano_Amber_Super_1;Nano_Amber_Super_2","legendary",,"TID_NANO_AMBER_2_DESC","sc/ui_roguelite.sc","icon_power_card_super",,,,
"nano_amber_3",,"Nano_Amber_Reload","legendary",,"TID_NANO_AMBER_3_DESC","sc/ui_roguelite.sc","icon_power_card_reload",,,,
"nano_angelo_1",,"Nano_Angelo_Swap","epic",,"TID_NANO_ANGELO_1_DESC","sc/ui_roguelite.sc","icon_power_card_projectile_party",,,,
"nano_angelo_2",,"Nano_Angelo_Super_Area;Nano_Angelo_Super_Damage","epic",,"TID_NANO_ANGELO_2_DESC","sc/ui_roguelite.sc","icon_power_card_area_effect",,,,
"nano_angelo_3",,"Nano_Angelo_HoldTime","epic",,"TID_NANO_ANGELO_3_DESC","sc/ui_roguelite.sc","icon_power_card_timer",,,,
"nano_ash_1",,"Nano_Ash_Homein_1;Nano_Ash_Homein_2;Nano_Ash_Homein_3;Nano_Ash_Homein_4","epic",,"TID_NANO_ASH_1_DESC","sc/ui_roguelite.sc","icon_power_card_homing",,,,
"nano_ash_2",,"Nano_Ash_PetNumber_1;Nano_Ash_PetNumber_2","epic",,"TID_NANO_ASH_2_DESC","sc/ui_roguelite.sc","icon_power_card_pet",,,,
"nano_ash_3",,"Nano_Ash_Rage","epic",,"TID_NANO_ASH_3_DESC","sc/ui_roguelite.sc","icon_power_card_timer",,,,
"nano_barley_1",,"Nano_Barley_Attack_Size_1;Nano_Barley_Attack_Size_2","rare",,"TID_NANO_BARLEY_1_DESC","sc/ui_roguelite.sc","icon_power_card_area_effect",,,,
"nano_barley_2",,"Nano_Barley_Super_Time_1;Nano_Barley_Super_Time_2","rare",,"TID_NANO_BARLEY_2_DESC","sc/ui_roguelite.sc","icon_power_card_timer",,,,
"nano_barley_3",,"Nano_Barley_Poison","rare",,"TID_NANO_BARLEY_3_DESC","sc/ui_roguelite.sc","icon_power_card_poison_on_hit",,,,
"nano_bea_1",,"Nano_Bea_Attack_1;Nano_Bea_Attack_2;Nano_Bea_Attack_3;Nano_Bea_Attack_4","epic",,"TID_NANO_BEA_1_DESC","sc/ui_roguelite.sc","icon_power_card_pierce",,,,
"nano_bea_2",,"Nano_Bea_Chain_Slow","epic",,"TID_NANO_BEA_2_DESC","sc/ui_roguelite.sc","icon_power_card_slowdown",,,,
"nano_bea_3",,"Nano_Bea_Shield","epic",,"TID_NANO_BEA_3_DESC","sc/ui_roguelite.sc","icon_power_card_damage_reduction_shield",,,,
"nano_belle_1",,"Nano_Belle_Chain_1;Nano_Belle_Chain_2","epic",,"TID_NANO_BELLE_1_DESC","sc/ui_roguelite.sc","icon_power_card_bounce",,,,
"nano_belle_2",,"Nano_Belle_Super","epic",,"TID_NANO_BELLE_2_DESC","sc/ui_roguelite.sc","icon_power_card_damage",,,,
"nano_belle_3",,"Nano_Belle_Gadget","epic",,"TID_NANO_BELLE_3_DESC","sc/ui_roguelite.sc","icon_power_card_gadget_cooldown",,,,
"nano_berry_1",,"Nano_Berry_Attack_Size_1;Nano_Berry_Attack_Size_2","epic",,"TID_NANO_BERRY_1_DESC","sc/ui_roguelite.sc","icon_power_card_area_effect",,,,
"nano_berry_2",,"Nano_Berry_Super_Shield;Nano_Berry_Super_Effect;Nano_Berry_Super_Range","epic",,"TID_NANO_BERRY_2_DESC","sc/ui_roguelite.sc","icon_power_card_damage_reduction_shield",,,,
"nano_berry_3",,"Nano_Berry_Heal_Self;Nano_Berry_Heal_Team","epic",,"TID_NANO_BERRY_3_DESC","sc/ui_roguelite.sc","icon_power_card_heal",,,,
"nano_bibi_1",,"Nano_Bibi_Range_1;Nano_Bibi_Range_2","epic",,"TID_NANO_BIBI_1_DESC","sc/ui_roguelite.sc","icon_power_card_range",,,,
"nano_bibi_2",,"Nano_Bibi_Super_1;Nano_Bibi_Super_2;Nano_Bibi_Super_3","epic",,"TID_NANO_BIBI_2_DESC","sc/ui_roguelite.sc","icon_power_card_projectile_party",,,,
"nano_bibi_3",,"Nano_Bibi_Shield_1;Nano_Bibi_Shield_2","epic",,"TID_NANO_BIBI_3_DESC","sc/ui_roguelite.sc","icon_power_card_damage_reduction_shield",,,,
"nano_bo_1",,"Nano_Bo_Range;Nano_Bo_Damage","epic",,"TID_NANO_BO_1_DESC","sc/ui_roguelite.sc","icon_power_card_range",,,,
"nano_bo_2",,"Nano_Bo_Mine_1;Nano_Bo_Mine_2","epic",,"TID_NANO_BO_2_DESC","sc/ui_roguelite.sc","icon_power_card_projectile_double",,,,
"nano_bo_3",,"Nano_Bo_Charge;Nano_Bo_InfinateMine","epic",,"TID_NANO_BO_3_DESC","sc/ui_roguelite.sc","icon_power_card_ulti_charge",,,,
"nano_bonnie_1",,"Nano_Bonnie_Attack","epic",,"TID_NANO_BONNIE_1_DESC","sc/ui_roguelite.sc","icon_power_card_projectile_double",,,,
"nano_bonnie_2",,"Nano_Bonnie_Charge_1;Nano_Bonnie_Charge_2","epic",,"TID_NANO_BONNIE_2_DESC","sc/ui_roguelite.sc","icon_power_card_ulti_charge",,,,
"nano_bonnie_3",,"Nano_Bonnie_Speed","epic",,"TID_NANO_BONNIE_3_DESC","sc/ui_roguelite.sc","icon_power_card_speed",,,,
"nano_brock_1",,"Nano_Brock_Area_1;Nano_Brock_Area_2","rare",,"TID_NANO_BROCK_1_DESC","sc/ui_roguelite.sc","icon_power_card_area_effect",,,,
"nano_brock_2",,"Nano_Brock_Super","rare",,"TID_NANO_BROCK_2_DESC","sc/ui_roguelite.sc","icon_power_card_ulti_charge",,,,
"nano_brock_3",,"Nano_Brock_Gadget","rare",,"TID_NANO_BROCK_3_DESC","sc/ui_roguelite.sc","icon_power_card_gadget_cooldown",,,,
"nano_bull_1",,"Nano_Bull_Attack_Pattern;Nano_Bull_Attack_Spread","rare",,"TID_NANO_BULL_1_DESC","sc/ui_roguelite.sc","icon_power_card_range",,,,
"nano_bull_2",,"Nano_Bull_ChargeSpeed","rare",,"TID_NANO_BULL_2_DESC","sc/ui_roguelite.sc","icon_power_card_speed",,,,
"nano_bull_3",,"Nano_Bull_Execute","rare",,"TID_NANO_BULL_3_DESC","sc/ui_roguelite.sc","icon_power_card_assassin",,,,
"nano_buster_1",,"Nano_Buster_Spread;Nano_Buster_Bullet","mega_epic",,"TID_NANO_BUSTER_1_DESC","sc/ui_roguelite.sc","icon_power_card_area_effect",,,,
"nano_buster_2",,"Nano_Buster_ActiveTime","mega_epic",,"TID_NANO_BUSTER_2_DESC","sc/ui_roguelite.sc","icon_power_card_timer",,,,
"nano_buster_3",,"Nano_Buster_ReflectDamage","mega_epic",,"TID_NANO_BUSTER_3_DESC","sc/ui_roguelite.sc","icon_power_card_damage",,,,
"nano_buzz_1",,"Nano_Buzz_Attack_Range;Nano_Buzz_Attack_Size","mega_epic",,"TID_NANO_BUZZ_1_DESC","sc/ui_roguelite.sc","icon_power_card_area_effect",,,,
"nano_buzz_2",,"Nano_Buzz_Super_Range;Nano_Buzz_Super_Speed;Nano_Buzz_Super_Projectile","mega_epic",,"TID_NANO_BUZZ_2_DESC","sc/ui_roguelite.sc","icon_power_card_range",,,,
"nano_buzz_3",,"Nano_Buzz_HC_Rate;Nano_Buzz_HC_Time","mega_epic",,"TID_NANO_BUZZ_3_DESC","sc/ui_roguelite.sc","icon_power_card_hypercharge",,,,
"nano_byron_1",,"Nano_Byron_HomeIn_1;Nano_Byron_HomeIn_2;Nano_Byron_HomeIn_3;Nano_Byron_HomeIn_4","mega_epic",,"TID_NANO_BYRON_1_DESC","sc/ui_roguelite.sc","icon_power_card_homing",,,,
"nano_byron_2",,"Nano_Byron_Super_Size;Nano_Byron_Super_Push;Nano_Byron_Super_Projectile","mega_epic",,"TID_NANO_BYRON_2_DESC","sc/ui_roguelite.sc","icon_power_card_area_effect",,,,
"nano_byron_3",,"Nano_Byron_HealCharge","mega_epic",,"TID_NANO_BYRON_3_DESC","sc/ui_roguelite.sc","icon_power_card_ulti_charge",,,,
"nano_carl_1",,"Nano_Carl_Attack_Size","super_rare",,"TID_NANO_CARL_1_DESC","sc/ui_roguelite.sc","icon_power_card_projectile_size",,,,
"nano_carl_2",,"Nano_Carl_Super_Area_1;Nano_Carl_Super_Area_2;Nano_Carl_Super_Speed","super_rare",,"TID_NANO_CARL_2_DESC","sc/ui_roguelite.sc","icon_power_card_area_effect",,,,
"nano_carl_3",,"Nano_Carl_Fire","super_rare",,"TID_NANO_CARL_3_DESC","sc/ui_roguelite.sc","icon_power_card_burn_on_hit",,,,
"nano_charlie_1",,"Nano_Charlie_Projectile_Speed;Nano_Charlie_Projectile_Size","mega_epic",,"TID_NANO_CHARLIE_1_DESC","sc/ui_roguelite.sc","icon_power_card_projectile_speed",,,,
"nano_charlie_2",,"Nano_Charlie_Cocoon_HealthBack;Nano_Charlie_Cocoon_Size;Nano_Charlie_Cocoon_HP","mega_epic",,"TID_NANO_CHARLIE_2_DESC","sc/ui_roguelite.sc","icon_power_card_health",,,,
"nano_charlie_3",,"Nano_Charlie_Spider","mega_epic",,"TID_NANO_CHARLIE_3_DESC","sc/ui_roguelite.sc","icon_power_card_pet",,,,
"nano_chester_1",,"Nano_Chester_Attack","legendary",,"TID_NANO_CHESTER_1_DESC","sc/ui_roguelite.sc","icon_power_card_projectile_party",,,,
"nano_chester_2",,"Nano_Chester_Charge_1;Nano_Chester_Charge_2","legendary",,"TID_NANO_CHESTER_2_DESC","sc/ui_roguelite.sc","icon_power_card_ulti_charge",,,,
"nano_chester_3",,"Nano_Chester_HC","legendary",,"TID_NANO_CHESTER_3_DESC","sc/ui_roguelite.sc","icon_power_card_hypercharge",,,,
"nano_chuck_1",,"Nano_Chuck_Attack_Size","mega_epic",,"TID_NANO_CHUCK_1_DESC","sc/ui_roguelite.sc","icon_power_card_projectile_size",,,,
"nano_chuck_2",,"Nano_Chuck_Super_Damage;Nano_Chuck_Super_Speed;Nano_Chuck_Super_Effect","mega_epic",,"TID_NANO_CHUCK_2_DESC","sc/ui_roguelite.sc","icon_power_card_damage_reduction_shield",,,,
"nano_chuck_3",,"Nano_Chuck_Pole;Nano_Chuck_Charge","mega_epic",,"TID_NANO_CHUCK_3_DESC","sc/ui_roguelite.sc","icon_power_card_super",,,,
"nano_clancy_1",,"Nano_Clancy_Range","mega_epic",,"TID_NANO_CLANCY_1_DESC","sc/ui_roguelite.sc","icon_power_card_range",,,,
"nano_clancy_2",,"Nano_Clancy_Super_1;Nano_Clancy_Super_2;Nano_Clancy_Super_3","mega_epic",,"TID_NANO_CLANCY_2_DESC","sc/ui_roguelite.sc","icon_power_card_destroy",,,,
"nano_clancy_3",,"Nano_Clancy_Level","mega_epic",,"TID_NANO_CLANCY_3_DESC","sc/ui_roguelite.sc","icon_power_card_super",,,,
"nano_colette_1",,"Nano_Colette_Size","epic",,"TID_NANO_COLETTE_1_DESC","sc/ui_roguelite.sc","icon_power_card_projectile_size",,,,
"nano_colette_2",,"Nano_Colette_Super_Area;Nano_Colette_Super_Damage","epic",,"TID_NANO_COLETTE_2_DESC","sc/ui_roguelite.sc","icon_power_card_projectile_party",,,,
"nano_colette_3",,"Nano_Colette_Damage","epic",,"TID_NANO_COLETTE_3_DESC","sc/ui_roguelite.sc","icon_power_card_damage",,,,
"nano_colt_1",,"Nano_Colt_Bounce_1;Nano_Colt_Bounce_2;Nano_Colt_Bounce_3","rare",,"TID_NANO_COLT_1_DESC","sc/ui_roguelite.sc","icon_power_card_bounce",,,,
"nano_colt_2",,"Nano_Colt_Super_Size","rare",,"TID_NANO_COLT_2_DESC","sc/ui_roguelite.sc","icon_power_card_projectile_size",,,,
"nano_colt_3",,"Nano_Colt_MoveSpeed","rare",,"TID_NANO_COLT_3_DESC","sc/ui_roguelite.sc","icon_power_card_speed",,,,
"nano_cordelius_1",,"Nano_Cordelius_Attack","legendary",,"TID_NANO_CORDELIUS_1_DESC","sc/ui_roguelite.sc","icon_power_card_projectile_double",,,,
"nano_cordelius_2",,"Nano_Cordelius_Charge;Nano_Cordelius_Home_1;Nano_Cordelius_Home_2;Nano_Cordelius_Home_3;Nano_Cordelius_Home_4","legendary",,"TID_NANO_CORDELIUS_2_DESC","sc/ui_roguelite.sc","icon_power_card_homing",,,,
"nano_cordelius_3",,"Nano_Cordelius_Mushroom","legendary",,"TID_NANO_CORDELIUS_3_DESC","sc/ui_roguelite.sc","icon_power_card_drop",,,,
"nano_crow_1",,"Nano_Crow_Attack_Spread;Nano_Crow_Attack_Bullet","legendary",,"TID_NANO_CROW_1_DESC","sc/ui_roguelite.sc","icon_power_card_projectile_double",,,,
"nano_crow_2",,"Nano_Crow_Super","legendary",,"TID_NANO_CROW_2_DESC","sc/ui_roguelite.sc","icon_power_card_super",,,,
"nano_crow_3",,"Nano_Crow_StatusEffect","legendary",,"TID_NANO_CROW_3_DESC","sc/ui_roguelite.sc","icon_power_card_poison_on_hit",,,,
"nano_darryl_1",,"Nano_Darryl_Attack_Swap","super_rare",,"TID_NANO_DARRYL_1_DESC","sc/ui_roguelite.sc","icon_power_card_projectile_party",,,,
"nano_darryl_2",,"Nano_Darryl_Super_Time;Nano_Darryl_Super_Damage","super_rare",,"TID_NANO_DARRYL_2_DESC","sc/ui_roguelite.sc","icon_power_card_super",,,,
"nano_darryl_3",,"Nano_Darryl_Cons_Shield","super_rare",,"TID_NANO_DARRYL_3_DESC","sc/ui_roguelite.sc","icon_power_card_damage_reduction_shield",,,,
"nano_doug_1",,"Nano_Doug_Attack","mega_epic",,"TID_NANO_DOUG_1_DESC","sc/ui_roguelite.sc","icon_power_card_heal",,,,
"nano_doug_2",,"Nano_Doug_Super","mega_epic",,"TID_NANO_DOUG_2_DESC","sc/ui_roguelite.sc","icon_power_card_timer",,,,
"nano_doug_3",,"Nano_Doug_Item","mega_epic",,"TID_NANO_DOUG_3_DESC","sc/ui_roguelite.sc","icon_power_card_drop",,,,
"nano_draco_1",,"Nano_Draco_Range","legendary",,"TID_NANO_DRACO_1_DESC","sc/ui_roguelite.sc","icon_power_card_damage_reduction_shield",,,,
"nano_draco_2",,"Nano_Draco_Time","legendary",,"TID_NANO_DRACO_2_DESC","sc/ui_roguelite.sc","icon_power_card_timer",,,,
"nano_draco_3",,"Nano_Draco_Fire","legendary",,"TID_NANO_DRACO_3_DESC","sc/ui_roguelite.sc","icon_power_card_ulti_charge",,,,
"nano_dynamike_1",,"Nano_Dynamike_Attack","super_rare",,"TID_NANO_DYNAMIKE_1_DESC","sc/ui_roguelite.sc","icon_power_card_damage",,,,
"nano_dynamike_2",,"Nano_Dynamike_SuperSize_1;Nano_Dynamike_SuperSize_2","super_rare",,"TID_NANO_DYNAMIKE_2_DESC","sc/ui_roguelite.sc","icon_power_card_area_effect",,,,
"nano_dynamike_3",,"Nano_Dynamike_Delay","super_rare",,"TID_NANO_DYNAMIKE_3_DESC","sc/ui_roguelite.sc","icon_power_card_timer",,,,
"nano_edgar_1",,"Nano_Edgar_Range;Nano_Edgar_Size;Nano_Edgar_Effect","epic",,"TID_NANO_EDGAR_1_DESC","sc/ui_roguelite.sc","icon_power_card_range",,,,
"nano_edgar_2",,"Nano_Edgar_Super_Charge;Nano_Edgar_Super_HC","epic",,"TID_NANO_EDGAR_2_DESC","sc/ui_roguelite.sc","icon_power_card_ulti_charge",,,,
"nano_edgar_3",,"Nano_Edgar_Gadget","epic",,"TID_NANO_EDGAR_3_DESC","sc/ui_roguelite.sc","icon_power_card_gadget_cooldown",,,,
"nano_elprimo_1",,"Nano_Primo_Range;Nano_Primo_Attack_Speed","rare",,"TID_NANO_ELPRIMO_1_DESC","sc/ui_roguelite.sc","icon_power_card_range",,,,
"nano_elprimo_2",,"Nano_Primo_Super_Size;Nano_Primo_Super_Effect","rare",,"TID_NANO_ELPRIMO_2_DESC","sc/ui_roguelite.sc","icon_power_card_area_effect",,,,
"nano_elprimo_3",,"Nano_Primo_Charge_Ulti;Nano_Primo_Charge_HC","rare",,"TID_NANO_ELPRIMO_3_DESC","sc/ui_roguelite.sc","icon_power_card_super",,,,
"nano_emz_1",,"Nano_Emz_Attack;Nano_Emz_Attack_Effect","epic",,"TID_NANO_EMZ_1_DESC","sc/ui_roguelite.sc","icon_power_card_timer",,,,
"nano_emz_2",,"Nano_Emz_Super","epic",,"TID_NANO_EMZ_2_DESC","sc/ui_roguelite.sc","icon_power_card_area_effect",,,,
"nano_emz_3",,"Nano_Emz_Special","epic",,"TID_NANO_EMZ_3_DESC","sc/ui_roguelite.sc","icon_power_card_poison_on_hit",,,,
"nano_eve_1",,"Nano_Eve_Attack_Bullet;Nano_Eve_Attack_ActiveTime;Nano_Eve_Attack_Damage","mega_epic",,"TID_NANO_EVE_1_DESC","sc/ui_roguelite.sc","icon_power_card_projectile_double",,,,
"nano_eve_2",,"Nano_Eve_Super_1;Nano_Eve_Super_2","mega_epic",,"TID_NANO_EVE_2_DESC","sc/ui_roguelite.sc","icon_power_card_super",,,,
"nano_eve_3",,"Nano_Eve_Passive","mega_epic",,"TID_NANO_EVE_3_DESC","sc/ui_roguelite.sc","icon_power_card_pet",,,,
"nano_fang_1",,"Nano_Fang_Attack_Area","mega_epic",,"TID_NANO_FANG_1_DESC","sc/ui_roguelite.sc","icon_power_card_area_effect",,,,
"nano_fang_2",,"Nano_Fang_Super_Shield;Nano_Fang_Super_Effect","mega_epic",,"TID_NANO_FANG_2_DESC","sc/ui_roguelite.sc","icon_power_card_damage_reduction_shield",,,,
"nano_fang_3",,"Nano_Fang_Heal_OnKill","mega_epic",,"TID_NANO_FANG_3_DESC","sc/ui_roguelite.sc","icon_power_card_heal",,,,
"nano_finx_1",,"Nano_Finx_Attack","mega_epic",,"TID_NANO_FINX_1_DESC","sc/ui_roguelite.sc","icon_power_card_projectile_double",,,,
"nano_finx_2",,"Nano_Finx_Area","mega_epic",,"TID_NANO_FINX_2_DESC","sc/ui_roguelite.sc","icon_power_card_area_effect",,,,
"nano_finx_3",,"Nano_Finx_FollowArea","mega_epic",,"TID_NANO_FINX_3_DESC","sc/ui_roguelite.sc","icon_power_card_timer",,,,
"nano_frank_1",,"Nano_Frank_Attack;Nano_Frank_Spread","epic",,"TID_NANO_FRANK_1_DESC","sc/ui_roguelite.sc","icon_power_card_range",,,,
"nano_frank_2",,"Nano_Frank_Super_Range","epic",,"TID_NANO_FRANK_2_DESC","sc/ui_roguelite.sc","icon_power_card_area_effect",,,,
"nano_frank_3",,"Nano_Frank_HP;Nano_Frank_Scale;Nano_Frank_Speed","epic",,"TID_NANO_FRANK_3_DESC","sc/ui_roguelite.sc","icon_power_card_health",,,,
"nano_gale_1",,"Nano_Gale_Attck_MoreBullet","epic",,"TID_NANO_GALE_1_DESC","sc/ui_roguelite.sc","icon_power_card_projectile_double",,,,
"nano_gale_2",,"Nano_Gale_Super_MoreBullet","epic",,"TID_NANO_GALE_2_DESC","sc/ui_roguelite.sc","icon_power_card_projectile_party",,,,
"nano_gale_3",,"Nano_Gale_Freeze_Attack;Nano_Gale_Freeze_Super","epic",,"TID_NANO_GALE_3_DESC","sc/ui_roguelite.sc","icon_power_card_freeze",,,,
"nano_gene_1",,"Nano_Gene_Chain_Number;Nano_Gene_Chain_Spread","mega_epic",,"TID_NANO_GENE_1_DESC","sc/ui_roguelite.sc","icon_power_card_projectile_party",,,,
"nano_gene_2",,"Nano_Gene_Super_Range;Nano_Gene_Super_Damage","mega_epic",,"TID_NANO_GENE_2_DESC","sc/ui_roguelite.sc","icon_power_card_range",,,,
"nano_gene_3",,"Nano_Gene_Trigger","mega_epic",,"TID_NANO_GENE_3_DESC","sc/ui_roguelite.sc","icon_power_card_damage",,,,
"nano_gray_1",,"Nano_Gray_Attack","mega_epic",,"TID_NANO_GRAY_1_DESC","sc/ui_roguelite.sc","icon_power_card_range",,,,
"nano_gray_2",,"Nano_Gray_Portal;Nano_Gray_Charge","mega_epic",,"TID_NANO_GRAY_2_DESC","sc/ui_roguelite.sc","icon_power_card_super",,,,
"nano_gray_3",,"Nano_Gray_Trigger","mega_epic",,"TID_NANO_GRAY_3_DESC","sc/ui_roguelite.sc","icon_power_card_destroy",,,,
"nano_griff_1",,"Nano_Griff_Range","epic",,"TID_NANO_GRIFF_1_DESC","sc/ui_roguelite.sc","icon_power_card_range",,,,
"nano_griff_2",,"Nano_Griff_Super","epic",,"TID_NANO_GRIFF_2_DESC","sc/ui_roguelite.sc","icon_power_card_ulti_charge",,,,
"nano_griff_3",,"Nano_Griff_Special","epic",,"TID_NANO_GRIFF_3_DESC","sc/ui_roguelite.sc","icon_power_card_damage",,,,
"nano_grom_1",,"Nano_Grom_Chain_Distance;Nano_Grom_Chain_Effect","epic",,"TID_NANO_GROM_1_DESC","sc/ui_roguelite.sc","icon_power_card_area_effect",,,,
"nano_grom_2",,"Nano_Grom_Super_Time;Nano_Grom_Super_MS","epic",,"TID_NANO_GROM_2_DESC","sc/ui_roguelite.sc","icon_power_card_projectile_double",,,,
"nano_grom_3",,"Nano_Grom_Size;Nano_Grom_Speed","epic",,"TID_NANO_GROM_3_DESC","sc/ui_roguelite.sc","icon_power_card_projectile_size",,,,
"nano_gus_1",,"Nano_Gus_Size;Nano_Gus_Size_Item","super_rare",,"TID_NANO_GUS_1_DESC","sc/ui_roguelite.sc","icon_power_card_projectile_size",,,,
"nano_gus_2",,"Nano_Gus_Super_Shield_Amount;Nano_Gus_Super_Shield_Decay;Nano_Gus_Super_Shield_Size","super_rare",,"TID_NANO_GUS_2_DESC","sc/ui_roguelite.sc","icon_power_card_damage_reduction_shield",,,,
"nano_gus_3",,"Nano_Gus_Balloon_1;Nano_Gus_Balloon_2;Nano_Gus_Balloon_3","super_rare",,"TID_NANO_GUS_3_DESC","sc/ui_roguelite.sc","icon_power_card_drop",,,,
"nano_hank_1",,"Nano_Hank_Range_1;Nano_Hank_Range_2;Nano_Hank_Range_3","epic",,"TID_NANO_HANK_1_DESC","sc/ui_roguelite.sc","icon_power_card_area_effect",,,,
"nano_hank_2",,"Nano_Hank_Super_BulletNumber;Nano_Hank_Super_Heal","epic",,"TID_NANO_HANK_2_DESC","sc/ui_roguelite.sc","icon_power_card_projectile_party",,,,
"nano_hank_3",,"Nano_Hank_Trigger","epic",,"TID_NANO_HANK_3_DESC","sc/ui_roguelite.sc","icon_power_card_destroy",,,,
"nano_jacky_1",,"Nano_Jacky_Attack_Range","super_rare",,"TID_NANO_JACKY_1_DESC","sc/ui_roguelite.sc","icon_power_card_area_effect",,,,
"nano_jacky_2",,"Nano_Jacky_Super_Shield","super_rare",,"TID_NANO_JACKY_2_DESC","sc/ui_roguelite.sc","icon_power_card_damage_reduction_shield",,,,
"nano_jacky_3",,"Nano_Jacky_Charge","super_rare",,"TID_NANO_JACKY_3_DESC","sc/ui_roguelite.sc","icon_power_card_ulti_charge",,,,
"nano_jae-yong_1",,"Nano_Jae_Attack","mega_epic",,"TID_NANO_JAE-YONG_1_DESC","sc/ui_roguelite.sc","icon_power_card_projectile_size",,,,
"nano_jae-yong_2",,"Nano_Jae_Charge","mega_epic",,"TID_NANO_JAE-YONG_2_DESC","sc/ui_roguelite.sc","icon_power_card_ulti_charge",,,,
"nano_jae-yong_3",,"Nano_Jae_Area","mega_epic",,"TID_NANO_JAE-YONG_3_DESC","sc/ui_roguelite.sc","icon_power_card_area_effect",,,,
"nano_janet_1",,"Nano_Janet_Range","mega_epic",,"TID_NANO_JANET_1_DESC","sc/ui_roguelite.sc","icon_power_card_range",,,,
"nano_janet_2",,"Nano_Janet_Super_Attack","mega_epic",,"TID_NANO_JANET_2_DESC","sc/ui_roguelite.sc","icon_power_card_reload",,,,
"nano_janet_3",,"Nano_Janet_Jetpack","mega_epic",,"TID_NANO_JANET_3_DESC","sc/ui_roguelite.sc","icon_power_card_timer",,,,
"nano_jessie_1",,"Nano_Jessie_ShootTwice_1;Nano_Jessie_ShootTwice_2","super_rare",,"TID_NANO_JESSIE_1_DESC","sc/ui_roguelite.sc","icon_power_card_projectile_double",,,,
"nano_jessie_2",,"Nano_Jessie_SuperUse;Nano_Jessie_Super_MaxSpawn","super_rare",,"TID_NANO_JESSIE_2_DESC","sc/ui_roguelite.sc","icon_power_card_pet",,,,
"nano_jessie_3",,"Nano_Jessie_Chain_1;Nano_Jessie_Chain_2","super_rare",,"TID_NANO_JESSIE_3_DESC","sc/ui_roguelite.sc","icon_power_card_projectile_party",,,,
"nano_juju_1",,"Nano_Juju_Damage;Nano_Juju_Range;Nano_Juju_Area","mega_epic",,"TID_NANO_JUJU_1_DESC","sc/ui_roguelite.sc","icon_power_card_god_mode",,,,
"nano_juju_2",,"Nano_Juju_Grigri_Speed;Nano_Juju_Grigri_Attack;Nano_Juju_Grigri_Size","mega_epic",,"TID_NANO_JUJU_2_DESC","sc/ui_roguelite.sc","icon_power_card_pet",,,,
"nano_juju_3",,"Nano_Juju_AutoCharge","mega_epic",,"TID_NANO_JUJU_3_DESC","sc/ui_roguelite.sc","icon_power_card_ulti_charge",,,,
"nano_kaze_1",,"Nano_Kaze_Attack_1;Nano_Kaze_Attack_2;Nano_Kaze_Attack_3","legendary",,"TID_NANO_KAZE_1_DESC","sc/ui_roguelite.sc","icon_power_card_area_effect",,,,
"nano_kaze_2",,"Nano_Kaze_Range_1;Nano_Kaze_Range_2","legendary",,"TID_NANO_KAZE_2_DESC","sc/ui_roguelite.sc","icon_power_card_range",,,,
"nano_kaze_3",,"Nano_Kaze_Super","legendary",,"TID_NANO_KAZE_3_DESC","sc/ui_roguelite.sc","icon_power_card_ulti_charge",,,,
"nano_kenji_1",,"Nano_Kenji_Range_Slash;Nano_Kenji_Range_Effect","legendary",,"TID_NANO_KENJI_1_DESC","sc/ui_roguelite.sc","icon_power_card_range",,,,
"nano_kenji_2",,"Nano_Kenji_Super_Size;Nano_Kenji_Super_Teleport;Nano_Kenji_Super_Rate","legendary",,"TID_NANO_KENJI_2_DESC","sc/ui_roguelite.sc","icon_power_card_assassin",,,,
"nano_kenji_3",,"Nano_Kenji_Heal","legendary",,"TID_NANO_KENJI_3_DESC","sc/ui_roguelite.sc","icon_power_card_heal",,,,
"nano_kit_1",,"Nano_Kit_Range_1;Nano_Kit_Range_2","legendary",,"TID_NANO_KIT_1_DESC","sc/ui_roguelite.sc","icon_power_card_range",,,,
"nano_kit_2",,"Nano_Kit_Attach","legendary",,"TID_NANO_KIT_2_DESC","sc/ui_roguelite.sc","icon_power_card_pet",,,,
"nano_kit_3",,"Nano_Kit_PowerCubeOnKill","legendary",,"TID_NANO_KIT_3_DESC","sc/ui_roguelite.sc","icon_power_card_power_cube",,,,
"nano_larrylawrie_1",,"Nano_Larry_Size_1;Nano_Larry_Size_2","epic",,"TID_NANO_LARRYLAWRIE_1_DESC","sc/ui_roguelite.sc","icon_power_card_area_effect",,,,
"nano_larrylawrie_2",,"Nano_Larry_Pet_1;Nano_Larry_Pet_2;Nano_Larry_Pet_3","epic",,"TID_NANO_LARRYLAWRIE_2_DESC","sc/ui_roguelite.sc","icon_power_card_pet",,,,
"nano_larrylawrie_3",,"Nano_Larry_Reborn","epic",,"TID_NANO_LARRYLAWRIE_3_DESC","sc/ui_roguelite.sc","icon_power_card_lifesteal",,,,
"nano_leon_1",,"Nano_Leon_Attack","legendary",,"TID_NANO_LEON_1_DESC","sc/ui_roguelite.sc","icon_power_card_invisible",,,,
"nano_leon_2",,"Nano_Leon_Super_1;Nano_Leon_Super_2;Nano_Leon_Super_3","legendary",,"TID_NANO_LEON_2_DESC","sc/ui_roguelite.sc","icon_power_card_pet",,,,
"nano_leon_3",,"Nano_Leon_Kill","legendary",,"TID_NANO_LEON_3_DESC","sc/ui_roguelite.sc","icon_power_card_assassin",,,,
"nano_lily_1",,"Nano_Lily_Attack_Ammo","mega_epic",,"TID_NANO_LILY_1_DESC","sc/ui_roguelite.sc","icon_power_card_reload",,,,
"nano_lily_2",,"Nano_Lily_Super_Damage;Nano_Lily_Super_Home_1;Nano_Lily_Super_Home_2;Nano_Lily_Super_Home_3;Nano_Lily_Super_Home_4","mega_epic",,"TID_NANO_LILY_2_DESC","sc/ui_roguelite.sc","icon_power_card_homing",,,,
"nano_lily_3",,"Nano_Lily_Gadget","mega_epic",,"TID_NANO_LILY_3_DESC","sc/ui_roguelite.sc","icon_power_card_gadget_cooldown",,,,
"nano_lola_1",,"Nano_Lola_Attack","epic",,"TID_NANO_LOLA_1_DESC","sc/ui_roguelite.sc","icon_power_card_pierce",,,,
"nano_lola_2",,"Nano_Lola_Pet_1;Nano_Lola_Pet_2","epic",,"TID_NANO_LOLA_2_DESC","sc/ui_roguelite.sc","icon_power_card_super",,,,
"nano_lola_3",,"Nano_Lola_Special","epic",,"TID_NANO_LOLA_3_DESC","sc/ui_roguelite.sc","icon_power_card_pet",,,,
"nano_lou_1",,"Nano_Lou_Attack_Size","mega_epic",,"TID_NANO_LOU_1_DESC","sc/ui_roguelite.sc","icon_power_card_projectile_size",,,,
"nano_lou_2",,"Nano_Lou_Super_Size","mega_epic",,"TID_NANO_LOU_2_DESC","sc/ui_roguelite.sc","icon_power_card_area_effect",,,,
"nano_lou_3",,"Nano_Lou_Freeze_Super","mega_epic",,"TID_NANO_LOU_3_DESC","sc/ui_roguelite.sc","icon_power_card_freeze",,,,
"nano_lumi_1",,"Nano_Lumi_Attack_Size;Nano_Lumi_Item_Size","mega_epic",,"TID_NANO_LUMI_1_DESC","sc/ui_roguelite.sc","icon_power_card_projectile_size",,,,
"nano_lumi_2",,"Nano_Lumi_Super_Size","mega_epic",,"TID_NANO_LUMI_2_DESC","sc/ui_roguelite.sc","icon_power_card_area_effect",,,,
"nano_lumi_3",,"Nano_Lumi_Projectile_Speed","mega_epic",,"TID_NANO_LUMI_3_DESC","sc/ui_roguelite.sc","icon_power_card_projectile_speed",,,,
"nano_maisie_1",,"Nano_Maisie_Swap","epic",,"TID_NANO_MAISIE_1_DESC","sc/ui_roguelite.sc","icon_power_card_projectile_party",,,,
"nano_maisie_2",,"Nano_Maisie_Super;Nano_Maisie_Super_Charge","epic",,"TID_NANO_MAISIE_2_DESC","sc/ui_roguelite.sc","icon_power_card_area_effect",,,,
"nano_maisie_3",,"Nano_Maisie_Dash","epic",,"TID_NANO_MAISIE_3_DESC","sc/ui_roguelite.sc","icon_power_card_assassin",,,,
"nano_mandy_1",,"Nano_Mandy_Attack_Range","epic",,"TID_NANO_MANDY_1_DESC","sc/ui_roguelite.sc","icon_power_card_range",,,,
"nano_mandy_2",,"Nano_Mandy_Super_Size;Nano_Mandy_Super_Rate","epic",,"TID_NANO_MANDY_2_DESC","sc/ui_roguelite.sc","icon_power_card_projectile_size",,,,
"nano_mandy_3",,"Nano_Mandy_Camera_Distance;Nano_Mandy_Camera_Vision","epic",,"TID_NANO_MANDY_3_DESC","sc/ui_roguelite.sc","icon_power_card_god_mode",,,,
"nano_max_1",,"Nano_Max_Projectile_Speed","mega_epic",,"TID_NANO_MAX_1_DESC","sc/ui_roguelite.sc","icon_power_card_projectile_speed",,,,
"nano_max_2",,"Nano_Max_Super_Speedup","mega_epic",,"TID_NANO_MAX_2_DESC","sc/ui_roguelite.sc","icon_power_card_speed",,,,
"nano_max_3",,"Nano_Max_Reload","mega_epic",,"TID_NANO_MAX_3_DESC","sc/ui_roguelite.sc","icon_power_card_reload",,,,
"nano_meeple_1",,"Nano_Meeple_HomeInMore","epic",,"TID_NANO_MEEPLE_1_DESC","sc/ui_roguelite.sc","icon_power_card_homing",,,,
"nano_meeple_2",,"Nano_Meeple_Area_1;Nano_Meeple_Area_2","epic",,"TID_NANO_MEEPLE_2_DESC","sc/ui_roguelite.sc","icon_power_card_super",,,,
"nano_meeple_3",,"Nano_Meeple_Duration","epic",,"TID_NANO_MEEPLE_3_DESC","sc/ui_roguelite.sc","icon_power_card_timer",,,,
"nano_meg_1",,"Nano_Meg_Attack;Nano_Meg_Spread","legendary",,"TID_NANO_MEG_1_DESC","sc/ui_roguelite.sc","icon_power_card_projectile_party",,,,
"nano_meg_2",,"Nano_Meg_Super_1;Nano_Meg_Super_2;Nano_Meg_Super_3","legendary",,"TID_NANO_MEG_2_DESC","sc/ui_roguelite.sc","icon_power_card_destroy",,,,
"nano_meg_3",,"Nano_Meg_HP;Nano_Meg_Scale","legendary",,"TID_NANO_MEG_3_DESC","sc/ui_roguelite.sc","icon_power_card_health",,,,
"nano_melodie_1",,"Nano_Melodie_Attack_Chain;Nano_Melodie_Notes","mega_epic",,"TID_NANO_MELODIE_1_DESC","sc/ui_roguelite.sc","icon_power_card_projectile_party",,,,
"nano_melodie_2",,"Nano_Melodie_SuperUse;Nano_Melodie_Super_ChargeSpeed","mega_epic",,"TID_NANO_MELODIE_2_DESC","sc/ui_roguelite.sc","icon_power_card_super",,,,
"nano_melodie_3",,"Nano_Melodie_Orbit_Larger;Nano_Melodie_Orbit_Faster","mega_epic",,"TID_NANO_MELODIE_3_DESC","sc/ui_roguelite.sc","icon_power_card_projectile_speed",,,,
"nano_mico_1",,"Nano_Mico_Range","mega_epic",,"TID_NANO_MICO_1_DESC","sc/ui_roguelite.sc","icon_power_card_range",,,,
"nano_mico_2",,"Nano_Mico_Super_Size;Nano_Mico_Super_Damage","mega_epic",,"TID_NANO_MICO_2_DESC","sc/ui_roguelite.sc","icon_power_card_area_effect",,,,
"nano_mico_3",,"Nano_Mico_Reload","mega_epic",,"TID_NANO_MICO_3_DESC","sc/ui_roguelite.sc","icon_power_card_reload",,,,
"nano_mina_1",,"Nano_Mina_Heal","mega_epic",,"TID_NANO_MINA_1_DESC","sc/ui_roguelite.sc","icon_power_card_lifesteal",,,,
"nano_mina_2",,"Nano_Mina_Shield","mega_epic",,"TID_NANO_MINA_2_DESC","sc/ui_roguelite.sc","icon_power_card_damage_reduction_shield",,,,
"nano_mina_3",,"Nano_Mina_Reload","mega_epic",,"TID_NANO_MINA_3_DESC","sc/ui_roguelite.sc","icon_power_card_reload",,,,
"nano_moe_1",,"Nano_Moe_Attack_Range;Nano_Moe_Attack_Damage","mega_epic",,"TID_NANO_MOE_1_DESC","sc/ui_roguelite.sc","icon_power_card_range",,,,
"nano_moe_2",,"Nano_Moe_Super_Charge","mega_epic",,"TID_NANO_MOE_2_DESC","sc/ui_roguelite.sc","icon_power_card_ulti_charge",,,,
"nano_moe_3",,"Nano_Moe_Drill;Nano_Moe_Drill_Range","mega_epic",,"TID_NANO_MOE_3_DESC","sc/ui_roguelite.sc","icon_power_card_timer",,,,
"nano_mortis_1",,"Nano_Mortis_Range;Nano_Mortis_DashSpeed","mega_epic",,"TID_NANO_MORTIS_1_DESC","sc/ui_roguelite.sc","icon_power_card_assassin",,,,
"nano_mortis_2",,"Nano_Mortis_Super_Rate","mega_epic",,"TID_NANO_MORTIS_2_DESC","sc/ui_roguelite.sc","icon_power_card_ulti_charge",,,,
"nano_mortis_3",,"Nano_Mortis_Heal","mega_epic",,"TID_NANO_MORTIS_3_DESC","sc/ui_roguelite.sc","icon_power_card_lifesteal",,,,
"nano_mrp_1",,"Nano_Mrp_Attack_Size;Nano_Mrp_Attack_Area","mega_epic",,"TID_NANO_MRP_1_DESC","sc/ui_roguelite.sc","icon_power_card_projectile_size",,,,
"nano_mrp_2",,"Nano_Mrp_Super_Passive","mega_epic",,"TID_NANO_MRP_2_DESC","sc/ui_roguelite.sc","icon_power_card_ulti_charge",,,,
"nano_mrp_3",,"Nano_Mrp_Spawn","mega_epic",,"TID_NANO_MRP_3_DESC","sc/ui_roguelite.sc","icon_power_card_damage_reduction_shield",,,,
"nano_nani_1",,"Nano_Nani_Attack_Bullet;Nano_Nani_Attack_Spread;Nano_Nani_Attack_Damage","epic",,"TID_NANO_NANI_1_DESC","sc/ui_roguelite.sc","icon_power_card_projectile_double",,,,
"nano_nani_2",,"Nano_Nani_Super_Damage;Nano_Nani_Super_Time","epic",,"TID_NANO_NANI_2_DESC","sc/ui_roguelite.sc","icon_power_card_damage",,,,
"nano_nani_3",,"Nano_Nani_Reflect","epic",,"TID_NANO_NANI_3_DESC","sc/ui_roguelite.sc","icon_power_card_damage_reduction_shield",,,,
"nano_nita_1",,"Nano_Nita_Attack","rare",,"TID_NANO_NITA_1_DESC","sc/ui_roguelite.sc","icon_power_card_projectile_size",,,,
"nano_nita_2",,"Nano_Nita_Super_Auto","rare",,"TID_NANO_NITA_2_DESC","sc/ui_roguelite.sc","icon_power_card_ulti_charge",,,,
"nano_nita_3",,"Nano_Nita_Bear_HP;Nano_Nita_Bear_Size","rare",,"TID_NANO_NITA_3_DESC","sc/ui_roguelite.sc","icon_power_card_pet",,,,
"nano_ollie_1",,"Nano_Olli_Bullet;Nano_Olli_Spread;Nano_Olli_Damage","mega_epic",,"TID_NANO_OLLIE_1_DESC","sc/ui_roguelite.sc","icon_power_card_projectile_double",,,,
"nano_ollie_2",,"Nano_Olli_Taunt","mega_epic",,"TID_NANO_OLLIE_2_DESC","sc/ui_roguelite.sc","icon_power_card_timer",,,,
"nano_ollie_3",,"Nano_Olli_Gadget","mega_epic",,"TID_NANO_OLLIE_3_DESC","sc/ui_roguelite.sc","icon_power_card_gadget_cooldown",,,,
"nano_otis_1",,"Nano_Otis_ActiveTime","mega_epic",,"TID_NANO_OTIS_1_DESC","sc/ui_roguelite.sc","icon_power_card_projectile_double",,,,
"nano_otis_2",,"Nano_Otis_Super_Pierce_1;Nano_Otis_Super_Pierce_2","mega_epic",,"TID_NANO_OTIS_2_DESC","sc/ui_roguelite.sc","icon_power_card_pierce",,,,
"nano_otis_3",,"Nano_Otis_Duration","mega_epic",,"TID_NANO_OTIS_3_DESC","sc/ui_roguelite.sc","icon_power_card_timer",,,,
"nano_pam_1",,"Nano_Pam_HomeIn","epic",,"TID_NANO_PAM_1_DESC","sc/ui_roguelite.sc","icon_power_card_homing",,,,
"nano_pam_2",,"Nano_Pam_AreaSize","epic",,"TID_NANO_PAM_2_DESC","sc/ui_roguelite.sc","icon_power_card_area_effect",,,,
"nano_pam_3",,"Nano_Pam_Health;Nano_Pam_Size","epic",,"TID_NANO_PAM_3_DESC","sc/ui_roguelite.sc","icon_power_card_health",,,,
"nano_pearl_1",,"Nano_Pearl_Swap","epic",,"TID_NANO_PEARL_1_DESC","sc/ui_roguelite.sc","icon_power_card_projectile_party",,,,
"nano_pearl_2",,"Nano_Pearl_Super_Area","epic",,"TID_NANO_PEARL_2_DESC","sc/ui_roguelite.sc","icon_power_card_area_effect",,,,
"nano_pearl_3",,"Nano_Pearl_Heat","epic",,"TID_NANO_PEARL_3_DESC","sc/ui_roguelite.sc","icon_power_card_burn_on_hit",,,,
"nano_penny_1",,"Nano_Penny_Chain_1;Nano_Penny_Chain_2","super_rare",,"TID_NANO_PENNY_1_DESC","sc/ui_roguelite.sc","icon_power_card_projectile_double",,,,
"nano_penny_2",,"Nano_Penny_Super_1;Nano_Penny_Super_2","super_rare",,"TID_NANO_PENNY_2_DESC","sc/ui_roguelite.sc","icon_power_card_pet",,,,
"nano_penny_3",,"Nano_Penny_AttackSpeed","super_rare",,"TID_NANO_PENNY_3_DESC","sc/ui_roguelite.sc","icon_power_card_reload",,,,
"nano_piper_1",,"Nano_Piper_Swap","epic",,"TID_NANO_PIPER_1_DESC","sc/ui_roguelite.sc","icon_power_card_projectile_double",,,,
"nano_piper_2",,"Nano_Piper_SuperRate;Nano_Piper_SuperSpeed","epic",,"TID_NANO_PIPER_2_DESC","sc/ui_roguelite.sc","icon_power_card_super",,,,
"nano_piper_3",,"Nano_Piper_Attack_FarDamage","epic",,"TID_NANO_PIPER_3_DESC","sc/ui_roguelite.sc","icon_power_card_damage",,,,
"nano_poco_1",,"Nano_Poco_Spread;Nano_Poco_Bullet;Nano_Poco_Pattern","rare",,"TID_NANO_POCO_1_DESC","sc/ui_roguelite.sc","icon_power_card_projectile_double",,,,
"nano_poco_2",,"Nano_Poco_Super_Heal;Nano_Poco_Super_Range;Nano_Poco_Super_Heal_Self","rare",,"TID_NANO_POCO_2_DESC","sc/ui_roguelite.sc","icon_power_card_heal",,,,
"nano_poco_3",,"Nano_Poco_Damage","rare",,"TID_NANO_POCO_3_DESC","sc/ui_roguelite.sc","icon_power_card_damage",,,,
"nano_r-t_1",,"Nano_RT_Swap","mega_epic",,"TID_NANO_R-T_1_DESC","sc/ui_roguelite.sc","icon_power_card_projectile_party",,,,
"nano_r-t_2",,"Nano_RT_Bullet_Area","mega_epic",,"TID_NANO_R-T_2_DESC","sc/ui_roguelite.sc","icon_power_card_area_effect",,,,
"nano_r-t_3",,";Nano_RT_Mark_Damage","mega_epic",,"TID_NANO_R-T_3_DESC","sc/ui_roguelite.sc","icon_power_card_timer",,,,
"nano_rico_1",,"Nano_Rico_Trigger","super_rare",,"TID_NANO_RICO_1_DESC","sc/ui_roguelite.sc","icon_power_card_projectile_party",,,,
"nano_rico_2",,"Nano_Rico_Super_Bounce_1;Nano_Rico_Super_Bounce_2;Nano_Rico_Super_Bounce_3","super_rare",,"TID_NANO_RICO_2_DESC","sc/ui_roguelite.sc","icon_power_card_bounce",,,,
"nano_rico_3",,"Nano_Rico_BulletSize","super_rare",,"TID_NANO_RICO_3_DESC","sc/ui_roguelite.sc","icon_power_card_projectile_size",,,,
"nano_rosa_1",,"Nano_Rosa_SpawnBushOnAttack","rare",,"TID_NANO_ROSA_1_DESC","sc/ui_roguelite.sc","icon_power_card_area_bush",,,,
"nano_rosa_2",,"Nano_Rosa_Shield;Nano_Rosa_Effect","rare",,"TID_NANO_ROSA_2_DESC","sc/ui_roguelite.sc","icon_power_card_damage_reduction_shield",,,,
"nano_rosa_3",,"Nano_Rosa_Bush_Speed;Nano_Rosa_Bush_Damage","rare",,"TID_NANO_ROSA_3_DESC","sc/ui_roguelite.sc","icon_power_card_damage",,,,
"nano_ruffs_1",,"Nano_Ruff_Bullet","mega_epic",,"TID_NANO_RUFFS_1_DESC","sc/ui_roguelite.sc","icon_power_card_projectile_double",,,,
"nano_ruffs_2",,"Nano_Ruff_Super_Damage;Nano_Ruff_Super_Size","mega_epic",,"TID_NANO_RUFFS_2_DESC","sc/ui_roguelite.sc","icon_power_card_damage",,,,
"nano_ruffs_3",,"Nano_Ruff_HC","mega_epic",,"TID_NANO_RUFFS_3_DESC","sc/ui_roguelite.sc","icon_power_card_hypercharge",,,,
"nano_sam_1",,"Nano_Sam_Attack","epic",,"TID_NANO_SAM_1_DESC","sc/ui_roguelite.sc","icon_power_card_speed",,,,
"nano_sam_2",,"Nano_Sam_Slow","epic",,"TID_NANO_SAM_2_DESC","sc/ui_roguelite.sc","icon_power_card_slowdown",,,,
"nano_sam_3",,"Nano_Sam_Charge","epic",,"TID_NANO_SAM_3_DESC","sc/ui_roguelite.sc","icon_power_card_ulti_charge",,,,
"nano_sandy_1",,"Nano_Sandy_Range","legendary",,"TID_NANO_SANDY_1_DESC","sc/ui_roguelite.sc","icon_power_card_range",,,,
"nano_sandy_2",,"Nano_Sandy_Super","legendary",,"TID_NANO_SANDY_2_DESC","sc/ui_roguelite.sc","icon_power_card_area_effect",,,,
"nano_sandy_3",,"Nano_Sandy_Trigger;Nano_Sandy_Trigger_Effect","legendary",,"TID_NANO_SANDY_3_DESC","sc/ui_roguelite.sc","icon_power_card_invisible",,,,
"nano_shade_1",,"Nano_Shade_AttackRange_1;Nano_Shade_AttackRange_2","epic",,"TID_NANO_SHADE_1_DESC","sc/ui_roguelite.sc","icon_power_card_range",,,,
"nano_shade_2",,"Nano_Shade_SuperLastTime","epic",,"TID_NANO_SHADE_2_DESC","sc/ui_roguelite.sc","icon_power_card_timer",,,,
"nano_shade_3",,"Nano_Shade_Charge","epic",,"TID_NANO_SHADE_3_DESC","sc/ui_roguelite.sc","icon_power_card_ulti_charge",,,,
"nano_shelly_1",,"Nano_Shelly_Attack_Range;Nano_Shelly_Attack_Spread","rare",,"TID_NANO_SHELLY_1_DESC","sc/ui_roguelite.sc","icon_power_card_range",,,,
"nano_shelly_2",,"Nano_Shelly_Super_Double_1;Nano_Shelly_Super_Double_2","rare",,"TID_NANO_SHELLY_2_DESC","sc/ui_roguelite.sc","icon_power_card_projectile_double",,,,
"nano_shelly_3",,"Nano_Shelly_Heal","rare",,"TID_NANO_SHELLY_3_DESC","sc/ui_roguelite.sc","icon_power_card_heal",,,,
"nano_spike_1",,"Nano_Spike_BulletMore","legendary",,"TID_NANO_SPIKE_1_DESC","sc/ui_roguelite.sc","icon_power_card_projectile_double",,,,
"nano_spike_2",,"Nano_Spike_Super_1;Nano_Spike_Super_2","legendary",,"TID_NANO_SPIKE_2_DESC","sc/ui_roguelite.sc","icon_power_card_area_effect",,,,
"nano_spike_3",,"Nano_Spike_Revive","legendary",,"TID_NANO_SPIKE_3_DESC","sc/ui_roguelite.sc","icon_power_card_health",,,,
"nano_sprout_1",,"Nano_Sprout_Attack_Size;Nano_Sprout_Attack_Area","mega_epic",,"TID_NANO_SPROUT_1_DESC","sc/ui_roguelite.sc","icon_power_card_projectile_size",,,,
"nano_sprout_2",,"Nano_Sprout_Super_Damage","mega_epic",,"TID_NANO_SPROUT_2_DESC","sc/ui_roguelite.sc","icon_power_card_damage",,,,
"nano_sprout_3",,"Nano_Sprunt_Passive","mega_epic",,"TID_NANO_SPROUT_3_DESC","sc/ui_roguelite.sc","icon_power_card_area_effect",,,,
"nano_squeak_1",,"Nano_Squeak_Attack","mega_epic",,"TID_NANO_SQUEAK_1_DESC","sc/ui_roguelite.sc","icon_power_card_timer",,,,
"nano_squeak_2",,"Nano_Squeak_SpawnArea","mega_epic",,"TID_NANO_SQUEAK_2_DESC","sc/ui_roguelite.sc","icon_power_card_slowdown",,,,
"nano_squeak_3",,"Nano_Squeak_Size_1;Nano_Squeak_Size_2","mega_epic",,"TID_NANO_SQUEAK_3_DESC","sc/ui_roguelite.sc","icon_power_card_area_effect",,,,
"nano_stu_1",,"Nano_Stu_Attack_Reload","epic",,"TID_NANO_STU_1_DESC","sc/ui_roguelite.sc","icon_power_card_reload",,,,
"nano_stu_2",,"Nano_Stu_Super","epic",,"TID_NANO_STU_2_DESC","sc/ui_roguelite.sc","icon_power_card_super",,,,
"nano_stu_3",,"Nano_Stu_HC","epic",,"TID_NANO_STU_3_DESC","sc/ui_roguelite.sc","icon_power_card_hypercharge",,,,
"nano_surge_1",,"Nano_Surge_Attack","legendary",,"TID_NANO_SURGE_1_DESC","sc/ui_roguelite.sc","icon_power_card_projectile_size",,,,
"nano_surge_2",,"Nano_Surge_Super_Range;Nano_Surge_Super_Area_1;Nano_Surge_Super_Area_2;Nano_Surge_Super_Slow","legendary",,"TID_NANO_SURGE_2_DESC","sc/ui_roguelite.sc","icon_power_card_area_effect",,,,
"nano_surge_3",,"Nano_Surge_Trait","legendary",,"TID_NANO_SURGE_3_DESC","sc/ui_roguelite.sc","icon_power_card_ulti_charge",,,,
"nano_tara_1",,"Nano_Tara_Attack_Bullet;Nano_Tara_Attack_Spread","mega_epic",,"TID_NANO_TARA_1_DESC","sc/ui_roguelite.sc","icon_power_card_projectile_double",,,,
"nano_tara_2",,"Nano_Tara_Super_1;Nano_Tara_Super_2","mega_epic",,"TID_NANO_TARA_2_DESC","sc/ui_roguelite.sc","icon_power_card_lifesteal",,,,
"nano_tara_3",,"Nano_Tara_Spawn","mega_epic",,"TID_NANO_TARA_3_DESC","sc/ui_roguelite.sc","icon_power_card_pet",,,,
"nano_tick_1",,"Nano_Tick_BulleNumber","super_rare",,"TID_NANO_TICK_1_DESC","sc/ui_roguelite.sc","icon_power_card_projectile_double",,,,
"nano_tick_2",,"Nano_Tick_Head_1;Nano_Tick_Head_2","super_rare",,"TID_NANO_TICK_2_DESC","sc/ui_roguelite.sc","icon_power_card_super",,,,
"nano_tick_3",,"Nano_Tick_PetMax_HP;Nano_Tick_PetMax_Scale;Nano_Tick_PetMax_Damage;Nano_Tick_PetMax_BigHead;Nano_Tick_PetMax_ProjectileSize","super_rare",,"TID_NANO_TICK_3_DESC","sc/ui_roguelite.sc","icon_power_card_pet",,,,
"nano_trunk_1",,"Nano_Trunk_Attack_Area","epic",,"TID_NANO_TRUNK_1_DESC","sc/ui_roguelite.sc","icon_power_card_area_effect",,,,
"nano_trunk_2",,"Nano_Trunk_Super_Range","epic",,"TID_NANO_TRUNK_2_DESC","sc/ui_roguelite.sc","icon_power_card_range",,,,
"nano_trunk_3",,"Nano_Trunk_Trigger","epic",,"TID_NANO_TRUNK_3_DESC","sc/ui_roguelite.sc","icon_power_card_area_effect",,,,
"nano_willow_1",,"Nano_Willow_Size_1;Nano_Willow_Size_2","mega_epic",,"TID_NANO_WILLOW_1_DESC","sc/ui_roguelite.sc","icon_power_card_projectile_size",,,,
"nano_willow_2",,"Nano_Willow_Super_Pierce;Nano_Willow_Super_Range","mega_epic",,"TID_NANO_WILLOW_2_DESC","sc/ui_roguelite.sc","icon_power_card_pierce",,,,
"nano_willow_3",,"Nano_Willow_Damage","mega_epic",,"TID_NANO_WILLOW_3_DESC","sc/ui_roguelite.sc","icon_power_card_damage",,,,
"nano_ziggy_1",,"Nano_Ziggy_Attack","mega_epic",,"TID_NANO_ZIGGY_1_DESC","sc/ui_roguelite.sc","icon_power_card_area_effect",,,,
"nano_ziggy_2",,"Nano_Ziggy_Super","mega_epic",,"TID_NANO_ZIGGY_2_DESC","sc/ui_roguelite.sc","icon_power_card_area_effect",,,,
"nano_ziggy_3",,"Nano_Ziggy_Slow","mega_epic",,"TID_NANO_ZIGGY_3_DESC","sc/ui_roguelite.sc","icon_power_card_slowdown",,,,
"nano_pierce_1",,"Nano_Pierce_ChargeShoot_Size;Nano_Pierce_ChargeShoot_Pierce","legendary",,"TID_NANO_PIERCE_1_DESC","sc/ui_roguelite.sc","icon_power_card_pierce",,,,
"nano_pierce_2",,"Nano_Pierce_Super_Size","legendary",,"TID_NANO_PIERCE_2_DESC","sc/ui_roguelite.sc","icon_power_card_area_effect",,,,
"nano_pierce_3",,"Nano_Pierce_DropShell","legendary",,"TID_NANO_PIERCE_3_DESC","sc/ui_roguelite.sc","icon_power_card_projectile_double",,,,
"nano_gigi_1",,"Nano_Gigi_MaxAmmo","mega_epic",,"TID_NANO_GIGI_1_DESC","sc/ui_roguelite.sc","icon_power_card_reload",,,,
"nano_gigi_2",,"Nano_Gigi_Super_1;Nano_Gigi_Super_2;Nano_Gigi_Super_3","mega_epic",,"TID_NANO_GIGI_2_DESC","sc/ui_roguelite.sc","icon_power_card_area_effect",,,,
"nano_gigi_3",,"Nano_Gigi_Charge_Area_1;Nano_Gigi_Charge_Area_2","mega_epic",,"TID_NANO_GIGI_3_DESC","sc/ui_roguelite.sc","icon_power_card_ulti_charge",,,,
"nano_glowy_1",,"Nano_Glowy_LOS","mega_epic",,"TID_NANO_GLOWY_1_DESC","sc/ui_roguelite.sc","icon_power_card_pierce",,,,
"nano_glowy_2",,"Nano_Glowy_Super_Status","mega_epic",,"TID_NANO_GLOWY_2_DESC","sc/ui_roguelite.sc","icon_power_card_timer",,,,
"nano_glowy_3",,"Nano_Glowy_Tether_Double","mega_epic",,"TID_NANO_GLOWY_3_DESC","sc/ui_roguelite.sc","icon_power_card_projectile_double",,,,
"nano_sirius_1",,"Nano_Sirius_Area_1;Nano_Sirius_Area_2","legendary",,"TID_NANO_SIRIUS_1_DESC","sc/ui_roguelite.sc","icon_power_card_area_effect",,,,
"nano_sirius_2",,"Nano_Sirius_Clone_HP;Nano_Sirius_Clone_Size","legendary",,"TID_NANO_SIRIUS_2_DESC","sc/ui_roguelite.sc","icon_power_card_health",,,,
"nano_sirius_3",,"Nano_Sirius_Spawn_Teammate","legendary",,"TID_NANO_SIRIUS_3_DESC","sc/ui_roguelite.sc","icon_power_card_pet",,,,
"nano_najia_1",,"Nano_Najia_Pierce;Nano_Najia_Range","mega_epic",,"TID_NANO_NAJIA_1_DESC","sc/ui_roguelite.sc","icon_power_card_pierce",,,,
"nano_najia_2",,"Nano_Najia_HealthBack;Nano_Najia_HP","mega_epic",,"TID_NANO_NAJIA_2_DESC","sc/ui_roguelite.sc","icon_power_card_health",,,,
"nano_najia_3",,"Nano_Najia_Trigger","mega_epic",,"TID_NANO_NAJIA_3_DESC","sc/ui_roguelite.sc","icon_power_card_pet",,,,
"nano_damien_1",,"Nano_Damian_Range;Nano_Damian_Size","mega_epic",,"TID_NANO_DAMIEN_1_DESC","sc/ui_roguelite.sc","icon_power_card_range",,,,
"nano_damien_2",,"Nano_Damian_Super","mega_epic",,"TID_NANO_DAMIEN_2_DESC","sc/ui_roguelite.sc","icon_power_card_slowdown",,,,
"nano_damien_3",,"Nano_Damian_FirePunch","mega_epic",,"TID_NANO_DAMIEN_3_DESC","sc/ui_roguelite.sc","icon_power_card_ulti_charge",,,,
"nano_starrnova_1",,"Nano_Starrnova_Attack_Range_1;Nano_Starrnova_Attack_Range_2","mega_epic",,"TID_NANO_STARRNOVA_1_DESC","sc/ui_roguelite.sc","icon_power_card_projectile_double",,,,
"nano_starrnova_2",,"Nano_Starrnova_Super_Range;Nano_Starrnova_Super_Effect","mega_epic",,"TID_NANO_STARRNOVA_2_DESC","sc/ui_roguelite.sc","icon_power_card_range",,,,
"nano_starrnova_3",,"Nano_Starrnova_Duration","mega_epic",,"TID_NANO_STARRNOVA_3_DESC","sc/ui_roguelite.sc","icon_power_card_timer",,,,
"nano_bolt_1",,"Nano_Bolt_Attack","epic",,"TID_NANO_BOLT_1_DESC","sc/ui_roguelite.sc","icon_power_card_damage",,,,
"nano_bolt_2",,"Nano_Bolt_Super_Area;Nano_Bolt_Super_Last;Nano_Bolt_Super_Effect_Speed","epic",,"TID_NANO_BOLT_2_DESC","sc/ui_roguelite.sc","icon_power_card_area_effect",,,,
"nano_bolt_3",,"Nano_Bolt_Speedup","epic",,"TID_NANO_BOLT_3_DESC","sc/ui_roguelite.sc","icon_power_card_speed",,,,
"nano_katanakid_1",,"Nano_Nori_Attack","legendary",,"TID_NANO_KATANAKID_1_DESC","sc/ui_roguelite.sc","icon_power_card_assassin",,,,
"nano_katanakid_2",,"Nano_Nori_Super","legendary",,"TID_NANO_KATANAKID_2_DESC","sc/ui_roguelite.sc","icon_power_card_range",,,,
"nano_katanakid_3",,"Nano_Nori_Fish","legendary",,"TID_NANO_KATANAKID_3_DESC","sc/ui_roguelite.sc","icon_power_card_ulti_charge",,,,
"nano_wendy_1",,"Nano_Wendy_Pierce","mega_epic",,"TID_NANO_WENDY_1_DESC","sc/ui_roguelite.sc","icon_power_card_pierce",,,,
"nano_wendy_2",,"Nano_Wendy_Pet_HP;Nano_Wendy_Pet_Size","mega_epic",,"TID_NANO_WENDY_2_DESC","sc/ui_roguelite.sc","icon_power_card_health",,,,
"nano_wendy_3",,"Nano_Wendy_Shield_Reload","mega_epic",,"TID_NANO_WENDY_3_DESC","sc/ui_roguelite.sc","icon_power_card_damage_reduction_shield",,,,
