"Name","OfferType","AcceptToOffers","AcceptToChallengeRewards","AcceptToChallengeFallbackRewards","AcceptToQuestRewards","AcceptToQuestFallbackRewards","IconFrameNumber","MaxResourcePerFrame","ShopItemAsset","ShopItemAssetBig","PopupItemAsset","PopupItemAssetHighlight","MiniOfferAsset","SeparatedSectionOfferAsset","SeparatedSectionTeaseAsset","SeasonalEventOfferAsset","LegendaryOfferAsset","ClubShopItemAsset","OfferAssetSolo","OfferAssetHalf","OfferAssetQuarter","OfferAssetHeroLayout","OfferAssetSoloHighlight","OfferAssetHalfHighlight","OfferAssetQuarterHighlight","OfferAssetHeroLayoutHighlight","FullscreenPreview","SoloOfferBgFrames","BrawlPassAssetPaid","BrawlPassAssetFree","BrawlPassAssetPlus","TrophyRankRewardProfile","SameSizeForCollected","TrophyRewardMediumThreshold","TrophyRewardLargeThreshold","TrophyRankRewardTiny","TrophyRankRewardSmall","TrophyRankRewardMedium","TrophyRankRewardLarge","TrophyWorldReward","TrophyWorldIconFrameNumber","TrophyWorldMaxResourcePerFrame","ChainOfferMiniItemSmall","ChainOfferMiniItemMedium","ChainOfferMiniItemLarge","RankedRewardAsset","RankedGoalAsset","RankedGoalQuestAsset","ClubCollabAsset","RewardDescTID","ChallengeRewardFrame","ChallengeRewardAsset","RecordsPopupRewards","CustomGachaScreenOverride","GridViewAsset","ShowGridViewCount"
"String","int","boolean","boolean","boolean","boolean","boolean","int","int","String","String","String","String","String","String","String","String","String","String","String","String","String","String","String","String","String","String","String","StringArray","String","String","String","String","Boolean","int","int","String","String","String","String","String","int","int","String","String","String","String","String","String","String","String","String","String","String","String","String","boolean"
"FreeBox",0,"FALSE","FALSE",,"FALSE",,0,,"sc/shop.sc#shop_item_resourses_boxes",,,,,,,,"shop_item_resourses_boxes","shop_item_resourses_boxes",,,,,,,,,,,,,,"reward_profilebutton_14",,,,"reward_popupitem_collected_6","reward_popupitem_small_6",,,,0,,,,,,,,,"TID_SHOP_OFFER_TITLE_0","box",,,,,
"Ticket",7,"FALSE","FALSE",,"FALSE",,0,10,,,"sc/shop.sc#shop_popupitem_7",,,,,,,,,,,,,,,,,,,,,"reward_profilebutton_7",,,,,,,,,0,10,,,,,,,,"TID_SHOP_OFFER_TITLE_7",,,,,,
,,,,,,,1,50,,,,,,,,,,,,,,,,,,,,,,,,,,,,,,,,,1,50,,,,,,,,,,,,,,
,,,,,,,2,-1,,,,,,,,,,,,,,,,,,,,,,,,,,,,,,,,,2,-1,,,,,,,,,,,,,,
"WildcardPower",12,"FALSE","FALSE",,"FALSE",,,,,,"sc/shop.sc#shop_popupitem_12",,,,,,,"shop_item_resourses_power_points","sc/shop.sc#offer_item_power_points_big","sc/shop.sc#offer_item_power_points_big","sc/shop.sc#offer_item_power_points_small","sc/shop.sc#offer_item_power_points_big",,,,,"sc/shop.sc#hero_item_coins",,"sc/brawl_pass.sc#brawlpass_reward_premium_power_points","sc/brawl_pass.sc#brawlpass_reward_free_power_points",,"reward_profilebutton_12",,,,"reward_popupitem_collected_12","reward_popupitem_small_12","reward_popupitem_medium_12","reward_popupitem_large_12",,,,,,,,"offer_item_power_points_small","offer_item_power_points_small","offer_item_power_points_small","TID_SHOP_OFFER_TITLE_12","resource","icon_powerpoints","sc/shop.sc#offer_item_power_points_small",,,
"CoinDoubler",9,"TRUE","FALSE",,"FALSE",,,,"sc/shop.sc#shop_item_resourses_coin_doubler",,"sc/shop.sc#shop_popupitem_9",,"sc/shop.sc#shop_item_daily_freebie_token_doubler",,,,"shop_item_coin_doubler","shop_item_resourses_coin_doubler","offer_item_token_doubler_big","sc/shop.sc#offer_item_token_doubler_big","sc/shop.sc#offer_item_token_doubler_small","sc/shop.sc#offer_item_token_doubler_big",,,,,"sc/shop.sc#hero_item_xp",,"reward_popupitem_large_9","reward_popupitem_small_9",,"reward_profilebutton_9",,1000,1000,"reward_popupitem_collected_9","reward_popupitem_small_9",,"reward_popupitem_large_9","reward_popupitem_large_9",,,,,,,"offer_item_token_doubler_small","offer_item_token_doubler_small","offer_item_token_doubler_small","TID_SHOP_OFFER_TITLE_9",,"reward_profilebutton_9","sc/shop.sc#offer_item_token_doubler_small",,"grid_item_xp","true"
"Keys",11,"FALSE","FALSE",,"FALSE",,,,,,,,,,,,,,,,,,,,,,"sc/shop.sc#hero_item_key",,,,,,,,,,,,,,,,,,,,,,,,,,,,,
"EventSlot",13,"FALSE","FALSE",,"FALSE",,,,,,,,,,,,,,,,,,,,,,,,"reward_popupitem_large_13",,,"reward_profilebutton_13",,,,"reward_popupitem_collected_13",,,"reward_popupitem_large_13","sc/trophy_world_common.sc#reward_item_event_slot",,,,,,,,,,,,"reward_profilebutton_13",,,,
"AdBox",15,"FALSE","FALSE",,"FALSE",,,,,,,,,,,,,,,,,,,,,,,,,,,,,,,"reward_popupitem_collected_6","reward_popupitem_small_6",,,,,,,,,,,,,"TID_SHOP_OFFER_TITLE_15",,,,,,
"UpgradeMaterial",1,"TRUE","TRUE","TRUE","TRUE","TRUE",0,200,"sc/shop.sc#shop_item_resourses_coins",,"sc/shop.sc#shop_popupitem_1",,"sc/shop.sc#shop_item_daily_freebie_coins",,,,"shop_item_resourses_coins","shop_item_resourses_coins","sc/shop.sc#offer_item_coins_big","sc/shop.sc#offer_item_coins_big","sc/shop.sc#offer_item_coins_small","sc/shop.sc#offer_item_coins_big",,,,,"sc/shop.sc#hero_item_coins","offer_coins","sc/brawl_pass.sc#brawlpass_reward_premium_coins","sc/brawl_pass.sc#brawlpass_reward_free_coins",,"reward_profilebutton_1","TRUE",150,9999,"reward_popupitem_collected_1","reward_popupitem_small_1","reward_popupitem_medium_1","reward_popupitem_large_1","sc/trophy_world_common.sc#reward_item_coin",0,200,,,,,"offer_item_coins_small","offer_item_coins_small","offer_item_coins_small","TID_SHOP_OFFER_TITLE_1","resource","icon_resource_coin","sc/shop.sc#offer_item_coins_small",,"grid_item_coin","true"
,,,,,,,1,500,,,,,,,,,,,,,,,,,,,,,,,,,,,,,,,,,1,500,,,,,,,,,,,,,,
,,,,,,,2,1500,,,,,,,,,,,,,,,,,,,,,,,,,,,,,,,,,2,1500,,,,,,,,,,,,,,
,,,,,,,3,-1,,,,,,,,,,,,,,,,,,,,,,,,,,,,,,,,,3,-1,,,,,,,,,,,,,,
"Gems",16,"TRUE","TRUE","TRUE","TRUE",,0,30,"sc/shop.sc#shop_item_resourses_gems","sc/shop.sc#shop_item_resourses_gems_big","sc/shop.sc#shop_popupitem_16",,,,,,"shop_item_resourses_gems","shop_item_resourses_gems","sc/shop.sc#offer_item_gems_big","sc/shop.sc#offer_item_gems_big","sc/shop.sc#offer_item_gems_small","sc/shop.sc#offer_item_gems_big",,,,,"sc/shop.sc#hero_item_gems","offer_gems","sc/brawl_pass.sc#brawlpass_reward_premium_gems","sc/brawl_pass.sc#brawlpass_reward_free_gems",,"reward_profilebutton_16",,,,,"reward_popupitem_small_16",,,"reward_popupitem_small_16",0,30,,,,,"offer_item_gems_small","offer_item_gems_small","offer_item_gems_simple","TID_SHOP_OFFER_TITLE_16","resource","icon_resource_gem","sc/shop.sc#offer_item_gems_small",,"grid_item_gem","true"
,,,,,,,1,80,,,,,,,,,,,,,,,,,,,,,,,,,,,,,,,,,1,80,,,,,,,,,,,,,,
,,,,,,,2,170,,,,,,,,,,,,,,,,,,,,,,,,,,,,,,,,,2,170,,,,,,,,,,,,,,
,,,,,,,3,360,,,,,,,,,,,,,,,,,,,,,,,,,,,,,,,,,3,360,,,,,,,,,,,,,,
,,,,,,,4,950,,,,,,,,,,,,,,,,,,,,,,,,,,,,,,,,,4,950,,,,,,,,,,,,,,
,,,,,,,5,2000,,,,,,,,,,,,,,,,,,,,,,,,,,,,,,,,,5,2000,,,,,,,,,,,,,,
,,,,,,,5,-1,,,,,,,,,,,,,,,,,,,,,,,,,,,,,,,,,5,-1,,,,,,,,,,,,,,
"StarPoints",17,"FALSE","FALSE",,"FALSE",,0,500,,,,,"sc/shop.sc#shop_item_daily_freebie_starpoints",,,,,,,,,,,,,,,,,,,,,,,,,,,,0,500,,,,"rank_reward_star_points","rank_reward_star_points","rank_reward_star_points",,"TID_SHOP_OFFER_TITLE_17","resource","icon_resource_starpt",,,,
,,,,,,,1,1000,,,,,,,,,,,,,,,,,,,,,,,,,,,,,,,,,1,1000,,,,,,,,,,,,,,
,,,,,,,2,10000,,,,,,,,,,,,,,,,,,,,,,,,,,,,,,,,,2,10000,,,,,,,,,,,,,,
,,,,,,,3,20000,,,,,,,,,,,,,,,,,,,,,,,,,,,,,,,,,3,20000,,,,,,,,,,,,,,
,,,,,,,4,-1,,,,,,,,,,,,,,,,,,,,,,,,,,,,,,,,,4,-1,,,,,,,,,,,,,,
"BrawlPassTokens",28,"FALSE","TRUE",,"TRUE",,0,30,"sc/shop.sc#shop_item_resourses_gems",,"sc/shop.sc#shop_popupitem_16",,,,,,"shop_item_resourses_gems","shop_item_resourses_gems","sc/shop.sc#offer_item_gems_big","sc/shop.sc#offer_item_gems_big","sc/shop.sc#offer_item_gems_small","sc/shop.sc#offer_item_gems_big",,,,,,"offer_gems","sc/brawl_pass.sc#brawlpass_reward_premium_gems","sc/brawl_pass.sc#brawlpass_reward_free_gems",,"reward_profilebutton_16",,,,,,,,,0,30,,,,,"offer_item_gems_small","offer_item_gems_small","offer_item_gems_small","TID_SHOP_OFFER_TITLE_16","resource","icon_resource_key","sc/shop.sc#offer_item_gems_small",,"grid_item_xp","true"
"Emote",19,"TRUE","TRUE",,"TRUE",,,,,,"sc/shop.sc#shop_popupitem_19",,"sc/shop.sc#shop_item_daily_freebie_pin",,,,,,"sc/shop.sc#offer_item_emote_big","sc/shop.sc#offer_item_emote_big","sc/shop.sc#offer_item_emote_small","sc/shop.sc#offer_item_emote_big",,,,,"sc/shop.sc#hero_item_emoji",,"sc/brawl_pass.sc#brawlpass_reward_premium_emote","sc/brawl_pass.sc#brawlpass_reward_free_emote",,,,,,"reward_popupitem_collected_19","reward_popupitem_small_19",,,,,,,,,,"offer_item_emote_small","offer_item_emote_small","offer_item_emote_small","TID_SHOP_OFFER_TITLE_19","pin","reward_profilebutton_3","sc/shop.sc#offer_item_emote_small",,"grid_item_emoji",
"EmoteBundle",20,"TRUE","FALSE",,"FALSE",,,,,,"sc/shop.sc#shop_popupitem_emote_bundle","sc/shop.sc#shop_popupitem_22",,,,,,,"sc/shop.sc#offer_item_emote_bundle_big","sc/shop.sc#offer_item_emote_bundle_medium","sc/shop.sc#offer_item_emote_bundle_small","sc/shop.sc#offer_item_emote_bundle_medium","sc/shop.sc#offer_item_emote_bundle_highlight_big","sc/shop.sc#offer_item_emote_bundle_highlight_small","sc/shop.sc#offer_item_emote_bundle_highlight_small","sc/shop.sc#offer_item_emote_bundle_highlight_small","sc/shop.sc#hero_item_pins","offer_pin_pack","sc/brawl_pass.sc#brawlpass_reward_premium_emote_bundle","reward_popupitem_small_20",,"reward_popupitem_small_20",,,,"reward_popupitem_collected_20","reward_popupitem_small_20",,"reward_popupitem_small_20",,,,,,,,"offer_item_emote_bundle_small","offer_item_emote_bundle_small","offer_item_emote_bundle_small","TID_SHOP_OFFER_TITLE_20","box","reward_popupitem_small_20","sc/shop.sc#offer_item_emote_bundle_small",,"grid_item_random_pins",
"RandomEmotes",21,"TRUE","FALSE",,"FALSE",,,,,,"sc/shop.sc#shop_popupitem_21",,,,,,,,"sc/shop.sc#offer_item_random_emotes_big","sc/shop.sc#offer_item_random_emotes_big","sc/shop.sc#offer_item_random_emotes_small","sc/shop.sc#offer_item_random_emotes_big",,,,,"sc/shop.sc#hero_item_pins","offer_pin_pack","sc/brawl_pass.sc#brawlpass_reward_premium_random_emotes","sc/brawl_pass.sc#brawlpass_reward_free_random_emotes",,,,,,"reward_popupitem_collected_21","reward_popupitem_small_21",,,,,,,,,,"offer_item_random_emotes_small","offer_item_random_emotes_small","offer_item_random_emotes_small","TID_SHOP_OFFER_TITLE_21","box",,"sc/shop.sc#offer_item_random_emotes_small",,"grid_item_random_pins",
"RandomEmotesForBrawler",22,"TRUE","FALSE",,"FALSE",,,,,,"sc/shop.sc#shop_popupitem_22",,,,,,,,"sc/shop.sc#offer_item_random_emotes_for_brawler_big","sc/shop.sc#offer_item_random_emotes_for_brawler_big","sc/shop.sc#offer_item_random_emotes_for_brawler_small","sc/shop.sc#offer_item_random_emotes_for_brawler_big",,,,,"sc/shop.sc#hero_item_pins",,,,,,,,,"reward_popupitem_collected_22","reward_popupitem_small_22",,,,,,,,,,"offer_item_random_emotes_for_brawler_small","offer_item_random_emotes_for_brawler_small","offer_item_random_emotes_for_brawler_small","TID_SHOP_OFFER_TITLE_22","box",,"sc/shop.sc#offer_item_random_emotes_for_brawler_small",,"grid_item_random_pins",
"RandomEmoteOfRarity",23,"TRUE","FALSE",,"FALSE",,,,,,"sc/shop.sc#shop_popupitem_24",,,,,,,,"sc/shop.sc#offer_item_random_rarity_emote_big","sc/shop.sc#offer_item_random_rarity_emote_big","sc/shop.sc#offer_item_random_rarity_emote_small","sc/shop.sc#offer_item_random_rarity_emote_big",,,,,,"offer_pin_pack",,,,,,,,,,,,,,,,,,,"offer_item_random_emote_of_rarity_small","offer_item_random_emote_of_rarity_small","offer_item_random_rarity_emote_small","TID_SHOP_OFFER_TITLE_23","pin",,"sc/shop.sc#offer_item_random_rarity_emote_small",,"grid_item_random_rarity_pin",
,,,,,,,,,,,,,,,,,,,,,,,,,,,,"offer_pin_pack",,,,,,,,,,,,,,,,,,,,,,,,,,,,
,,,,,,,,,,,,,,,,,,,,,,,,,,,,"offer_random_epic",,,,,,,,,,,,,,,,,,,,,,,,,,,,
"RandomEmotesPackOfRarity",27,"TRUE","FALSE",,"FALSE",,,,,,,,,,,,,,,,,,,,,,,,,,,,,,,,,,,,,,,,,,,,,"TID_SHOP_OFFER_TITLE_27","box",,,,"grid_item_random_pins",
"PlayerThumbnail",25,"TRUE","TRUE",,"TRUE",,,,"sc/brawl_pass.sc#brawlpass_reward_premium_playericon",,"sc/shop.sc#shop_popupitem_27",,,,,,,,"sc/shop.sc#offer_item_profilepic_big","sc/shop.sc#offer_item_profilepic_big","sc/shop.sc#offer_item_profilepic_small","sc/shop.sc#offer_item_profilepic_big",,,,,"sc/shop.sc#hero_item_player_profile",,"sc/brawl_pass.sc#brawlpass_reward_premium_playericon","sc/brawl_pass.sc#brawlpass_reward_free_playericon",,"sc/brawl_pass.sc#brawlpass_reward_premium_playericon",,,,,,,,,,,,,,"item_player_thumbnail","item_player_thumbnail","item_player_thumbnail","offer_item_profilepic_small","TID_REWARD_DESC_PLAYER_ICON_REGULAR","resource","reward_profilebutton_3","sc/shop.sc#offer_item_profilepic_small",,"grid_item_player_profile",
"GuaranteedBox",2,"FALSE","FALSE",,"FALSE",,,,"sc/shop.sc#shop_item_brawler",,"sc/shop.sc#shop_popupitem_2",,,,,,"shop_item_brawler","shop_item_brawler","sc/shop.sc#offer_item_guarantee_brawler_big","sc/shop.sc#offer_item_guarantee_brawler_big","sc/shop.sc#offer_item_guarantee_brawler_small","sc/shop.sc#offer_item_guarantee_brawler_big",,,,,,,,,,,,,,,,,,,,,,,,,"offer_item_guarantee_brawler_small","offer_item_guarantee_brawler_small","offer_item_guarantee_brawler_small",,,,"sc/shop.sc#offer_item_guarantee_brawler_small",,,
"GuaranteedHero",3,"TRUE","TRUE",,"TRUE",,,,,,"sc/shop.sc#shop_popupitem_3",,,,,,,,"sc/shop.sc#offer_item_brawler_big","sc/shop.sc#offer_item_brawler_small","sc/shop.sc#offer_item_skin_small","sc/shop.sc#offer_item_skin_big",,,,,"sc/shop.sc#hero_item_skin_brawler",,"sc/brawl_pass.sc#brawlpass_reward_premium_brawler","sc/shop.sc#offer_item_skin_small",,"reward_profilebutton_3",,,,"reward_popupitem_collected_3",,,"reward_popupitem_large_3","sc/trophy_world_common.sc#reward_item_brawler",,,"offer_item_portrait_small","offer_item_portrait_big","offer_item_portrait_big",,"offer_item_skin_small","offer_item_skin_small","collab_offer_item_skin_small",,"brawler","reward_profilebutton_3","sc/shop.sc#offer_item_skin_small",,"grid_item_brawler",
"Skin",4,"TRUE","TRUE",,"FALSE",,,,,,"sc/shop.sc#shop_popupitem_4",,,"shop_item_skins","shop_item_skins_coming_soon","shop_item_event_skins","shop_item_legendary_skins","shop_item_skins","sc/shop.sc#offer_item_brawler_big","sc/shop.sc#offer_item_brawler_small","sc/shop.sc#offer_item_skin_small","sc/shop.sc#offer_item_skin_big",,,,,"sc/shop.sc#hero_item_skin_brawler",,"sc/brawl_pass.sc#brawlpass_reward_premium_brawler","sc/shop.sc#offer_item_skin_small",,"reward_profilebutton_3",,,,,,,"reward_popupitem_large_4",,,,"offer_item_skin_small","offer_item_skin_big","chain_offer_item_brawler_big",,"offer_item_skin_small","offer_item_skin_small","collab_offer_item_skin_small",,"skin","reward_profilebutton_3","sc/shop.sc#offer_item_skin_small",,"grid_item_skin",
"SkinAndHero",24,"FALSE","TRUE",,"FALSE",,,,,,"sc/shop.sc#shop_popupitem_4",,,"shop_item_skins","shop_item_skins_coming_soon","shop_item_event_skins","shop_item_legendary_skins","shop_item_skins","sc/shop.sc#offer_item_brawler_big","sc/shop.sc#offer_item_brawler_small","sc/shop.sc#offer_item_skin_small","sc/shop.sc#offer_item_skin_big",,,,,"sc/shop.sc#hero_item_skin_brawler",,"sc/brawl_pass.sc#brawlpass_reward_premium_brawler","sc/shop.sc#offer_item_skin_small",,"reward_profilebutton_3",,,,,,,"reward_popupitem_large_3",,,,"offer_item_skin_small","offer_item_skin_big","chain_offer_item_brawler_big",,"offer_item_skin_small","offer_item_skin_small","collab_offer_item_skin_small",,"skin","reward_profilebutton_3","sc/shop.sc#offer_item_skin_small",,"grid_item_skin",
"PurchaseOptionSkin",26,"FALSE","FALSE",,"FALSE",,,,,,,,,,,,,,,,,,,,,,,,,,,,,,,,,,,,,,,,,,"rank_midseason_reward_item",,,"TID_REWARD_DESC_PURCHASE_OPTION_SKIN","brawler",,,,,
"Item",5,"TRUE","FALSE",,"TRUE",,,,,,"sc/shop.sc#shop_popupitem_5",,,,,,,,"sc/shop.sc#offer_item_star_power_big","sc/shop.sc#offer_item_star_power_big","sc/shop.sc#offer_item_star_power_small","sc/shop.sc#offer_item_star_power_big",,,,,"sc/shop.sc#hero_item_star_power",,,,,,,,,,,,,,,,,,,,"offer_item_star_power_small","offer_item_star_power_small","offer_item_star_power_small",,"resource",,"sc/shop.sc#offer_item_star_power_small",,"grid_item_starr_power",
"ClubFeature",29,"FALSE","FALSE",,"FALSE",,,,,,,,,,,,,,,,,,,,,,,,"reward_popupitem_large_13",,,"reward_profilebutton_13",,,,,,,"reward_popupitem_large_13","sc/trophy_world_common.sc#reward_item_club",,,,,,,,,,,,"reward_profilebutton_13",,,,
"GuaranteedHeroWithLevel",30,"TRUE","FALSE",,"FALSE",,,,,,"sc/shop.sc#shop_popupitem_3",,,,,,,,"sc/shop.sc#offer_item_brawler_big","sc/shop.sc#offer_item_brawler_small","sc/shop.sc#offer_item_skin_small","sc/shop.sc#offer_item_brawler_small",,,,,"sc/shop.sc#hero_item_coins",,"sc/brawl_pass.sc#brawlpass_reward_premium_brawler","sc/shop.sc#offer_item_skin_small",,"reward_profilebutton_3",,,,,,,"reward_popupitem_large_3",,,,"offer_item_portrait_small","offer_item_portrait_big","offer_item_portrait_big",,"offer_item_skin_small","offer_item_skin_small","offer_item_skin_small",,"brawler","reward_profilebutton_3","sc/shop.sc#offer_item_skin_small",,"grid_item_power_level",
"GuaranteedBoxWithLevel",31,"FALSE","FALSE",,"FALSE",,,,"sc/shop.sc#shop_item_brawler",,"sc/shop.sc#shop_popupitem_2",,,,,,"shop_item_brawler","shop_item_brawler","sc/shop.sc#offer_item_guarantee_brawler_big","sc/shop.sc#offer_item_guarantee_brawler_big","sc/shop.sc#offer_item_guarantee_brawler_small","sc/shop.sc#offer_item_guarantee_brawler_big",,,,,"sc/shop.sc#hero_item_coins",,,,,,,,,,,,,,,,,,,,"offer_item_guarantee_brawler_small","offer_item_guarantee_brawler_small","offer_item_guarantee_brawler_small",,,,"sc/shop.sc#offer_item_guarantee_brawler_small",,,
"GearToken",32,"FALSE","FALSE",,"FALSE",,,,,,,,,,,,,,,,,,,,,,,,,,,,,,,,,,,,,,,,,,,,,,,,,,,
"GearScrap",33,"FALSE","FALSE",,"FALSE",,0,50,,,,,,,,,,,,,,,,,,,,,,,,,,,,,,,,,0,50,,,,,,,,,,,,,,
,,,,,,,1,100,,,,,,,,,,,,,,,,,,,,,,,,,,,,,,,,,1,100,,,,,,,,,,,,,,
,,,,,,,2,200,,,,,,,,,,,,,,,,,,,,,,,,,,,,,,,,,2,200,,,,,,,,,,,,,,
,,,,,,,3,-1,,,,,,,,,,,,,,,,,,,,,,,,,,,,,,,,,3,-1,,,,,,,,,,,,,,
"Spray",35,"TRUE","TRUE",,"TRUE",,,,,,"sc/shop.sc#shop_popupitem_26",,,,,,,,"sc/shop.sc#offer_item_spray_big","sc/shop.sc#offer_item_spray_big","sc/shop.sc#offer_item_spray_small","sc/shop.sc#offer_item_spray_big",,,,,"sc/shop.sc#hero_item_spray",,"sc/brawl_pass.sc#brawlpass_reward_premium_spray","sc/brawl_pass.sc#brawlpass_reward_free_spray",,,,,,,,,,,,,,,,,"offer_item_spray_small","offer_item_spray_small","offer_item_spray_small","TID_SHOP_OFFER_TITLE_35","spray",,"sc/shop.sc#offer_item_spray_small",,"grid_item_spray",
"SprayBundle",36,"FALSE","FALSE",,"FALSE",,,,,,,,,,,,,,,,,,,,,,"sc/shop.sc#hero_item_graffiti_box",,"reward_popupitem_large_36","reward_popupitem_small_36",,"reward_profilebutton_36",,,,"reward_popupitem_collected_36","reward_popupitem_small_36",,"reward_popupitem_large_36","sc/trophy_world_common.sc#reward_item_sprays",,,,,,,,,,,,,,,"grid_item_spray",
"SpraySlot",37,"FALSE","FALSE",,"FALSE",,,,,,,,,,,,,,,,,,,,,,,,"reward_popupitem_large_37","reward_popupitem_small_37",,"reward_profilebutton_37",,,,"reward_popupitem_collected_37","reward_popupitem_small_37",,"reward_popupitem_large_37","sc/trophy_world_common.sc#reward_item_sprays",,,,,,,,,,,,,,,"grid_item_spray",
"QuestsFeature",18,"FALSE","FALSE",,"FALSE",,,,,,,,,,,,,,,,,,,,,,,,,,,"reward_profilebutton_18",,,,"reward_popupitem_collected_18","reward_popupitem_small_18",,,"sc/trophy_world_common.sc#reward_item_season_quests",,,,,,,,,,,,,,,,
"RecruitToken",38,"TRUE","TRUE","TRUE","TRUE",,0,50,"sc/shop.sc#shop_item_resourses_recruit_tokens",,"sc/shop.sc#shop_popupitem_38",,"sc/shop.sc#shop_item_daily_freebie_recruit_tokens",,,,"shop_item_resourses_recruit_tokens","shop_item_resourses_recruit_tokens","sc/shop.sc#offer_item_recruit_tokens_big","sc/shop.sc#offer_item_recruit_tokens_big","sc/shop.sc#offer_item_recruit_tokens_small","sc/shop.sc#offer_item_recruit_tokens_big",,,,,"sc/shop.sc#hero_item_recruit_token","offer_recruit_tokens","sc/brawl_pass.sc#brawlpass_reward_premium_recruit_tokens","sc/brawl_pass.sc#brawlpass_reward_free_recruit_tokens",,"reward_profilebutton_38","TRUE",100,900,"reward_popupitem_collected_38","reward_popupitem_small_38","reward_popupitem_small_38","reward_popupitem_large_38","sc/trophy_world_common.sc#reward_item_credit",0,50,,,,,"offer_item_recruit_tokens_small","offer_item_recruit_tokens_small","offer_item_recruit_tokens_small","TID_SHOP_OFFER_TITLE_38","resource","icon_resource_recruit_token","sc/shop.sc#offer_item_recruit_tokens_small",,"grid_item_recruit_token","true"
,,,,,,,1,2000,,,,,,,,,,,,,,,,,,,,,,,,,,,,,,,,,1,2000,,,,,,,,,,,,,,
,,,,,,,2,-1,,,,,,,,,,,,,,,,,,,,,,,,,,,,,,,,,2,-1,,,,,,,,,,,,,,
"ChromaticToken",39,"TRUE","TRUE",,"TRUE",,0,50,"sc/shop.sc#shop_item_resourses_chromatic_coins",,"sc/shop.sc#shop_popupitem_39",,"sc/shop.sc#shop_item_daily_freebie_chromatic_coins",,,,"shop_item_resourses_chromatic_coins","shop_item_resourses_chromatic_coins","sc/shop.sc#offer_item_chromatic_coins_big","sc/shop.sc#offer_item_chromatic_coins_big","sc/shop.sc#offer_item_chromatic_coins_small","sc/shop.sc#offer_item_chromatic_coins_big",,,,,,"offer_chromatic_coins","sc/brawl_pass.sc#brawlpass_reward_premium_chromatic_coins","sc/brawl_pass.sc#brawlpass_reward_free_chromatic_coins",,"reward_profilebutton_39","TRUE",100,900,"reward_popupitem_collected_39","reward_popupitem_small_39","reward_popupitem_small_39","reward_popupitem_large_39",,0,50,,,,,"offer_item_chromatic_coins_small","offer_item_chromatic_coins_small","offer_item_chromatic_coins_small","TID_SHOP_OFFER_TITLE_39","resource","icon_resource_chromatic_coin","sc/shop.sc#offer_item_chromatic_coins_small",,,"true"
,,,,,,,1,500,,,,,,,,,,,,,,,,,,,,,,,,,,,,,,,,,1,500,,,,,,,,,,,,,,
,,,,,,,2,-1,,,,,,,,,,,,,,,,,,,,,,,,,,,,,,,,,2,-1,,,,,,,,,,,,,,
"PowerPoints",41,"TRUE","TRUE","TRUE","TRUE",,0,200,"sc/shop.sc#shop_item_resourses_generic_power_points",,"sc/shop.sc#shop_popupitem_12",,"sc/shop.sc#shop_item_daily_freebie_powerpoints",,,,"shop_item_resourses_generic_power_points","shop_item_resourses_power_points","sc/shop.sc#offer_item_generic_power_points_big","sc/shop.sc#offer_item_generic_power_points_big","sc/shop.sc#offer_item_generic_power_points_small","sc/shop.sc#offer_item_generic_power_points_big",,,,,"sc/shop.sc#hero_item_power_points","offer_chromatic_coins","sc/brawl_pass.sc#brawlpass_reward_premium_power_points","sc/brawl_pass.sc#brawlpass_reward_free_power_points",,"reward_profilebutton_12","TRUE",75,900,"reward_popupitem_collected_12","reward_popupitem_small_12","reward_popupitem_small_12","reward_popupitem_large_12","sc/trophy_world_common.sc#reward_item_powerpoint",0,200,,,,,"offer_item_generic_power_points_small","offer_item_generic_power_points_small","offer_item_generic_power_points_small","TID_SHOP_OFFER_TITLE_41","resource","icon_resource_powerpoints","sc/shop.sc#offer_item_generic_power_points_small",,"grid_item_power_point","true"
"BrawlPassTailRewardAutoCollectProxy",42,"FALSE","FALSE",,"FALSE",,0,,,,,,,,,,,,"sc/brawl_pass.sc#brawlpass_reward_premium_tail_rewards","sc/brawl_pass.sc#brawlpass_reward_premium_tail_rewards","sc/brawl_pass.sc#brawlpass_reward_premium_tail_rewards","sc/brawl_pass.sc#brawlpass_reward_premium_tail_rewards",,,,,,,"sc/brawl_pass.sc#brawlpass_reward_premium_random_reward","sc/brawl_pass.sc#brawlpass_reward_premium_random_reward","sc/brawl_pass.sc#brawlpass_reward_premium_tail_reward","reward_profilebutton_50",,,,,,,,,,,,,,,"sc/brawl_pass.sc#brawlpass_reward_premium_tail_rewards","sc/brawl_pass.sc#brawlpass_reward_premium_tail_rewards","sc/brawl_pass.sc#brawlpass_reward_premium_tail_rewards",,,,"sc/brawl_pass.sc#brawlpass_reward_premium_tail_rewards",,,
"PlayerTitle",43,"TRUE","FALSE",,"FALSE",,,,,,"sc/shop.sc#shop_popupitem_43",,,,,,,,"sc/shop.sc#offer_item_title_big","sc/shop.sc#offer_item_title_big","sc/shop.sc#offer_item_title_small","sc/shop.sc#offer_item_title_big",,,,,"sc/shop.sc#hero_item_player_title",,"sc/brawl_pass.sc#brawlpass_reward_premium_title","sc/brawl_pass.sc#brawlpass_reward_premium_title",,,,,,,,,,,,,,,,,,,,"TID_SHOP_OFFER_TITLE_43",,,"sc/shop.sc#offer_item_title_small",,"grid_item_player_title",
"DailyQuests",44,"FALSE","FALSE",,"FALSE",,,,,,,,,,,,,,,,,,,,,,,,,,,"reward_profilebutton_18",,,,"reward_popupitem_collected_41","reward_popupitem_small_41",,,"sc/trophy_world_common.sc#reward_item_daily_quests",,,,,,,,,,,,,,,,
"Bling",45,"TRUE","TRUE","TRUE","TRUE",,0,500,,,"sc/shop.sc#shop_popupitem_45",,"sc/shop.sc#shop_item_daily_freebie_cosmetic_coins",,,,,,"sc/shop.sc#offer_item_cosmetic_coins_big","sc/shop.sc#offer_item_cosmetic_coins_big","sc/shop.sc#offer_item_cosmetic_coins_small","offer_item_cosmetic_coins_big",,,,,"sc/shop.sc#hero_item_bling",,"sc/brawl_pass.sc#brawlpass_reward_premium_cosmetic_coins","sc/brawl_pass.sc#brawlpass_reward_free_cosmetic_coins",,"reward_profilebutton_45","TRUE",75,350,"reward_popupitem_collected_45","reward_popupitem_small_45","reward_popupitem_small_45","reward_popupitem_large_45","sc/trophy_world_common.sc#reward_item_bling",0,100,,,,"rank_reward_cosmetic_coins","offer_item_cosmetic_coins_small","offer_item_cosmetic_coins_small","offer_item_cosmetic_coins_small","TID_SHOP_OFFER_TITLE_45","resource","icon_resource_cosmetic_coins","sc/shop.sc#offer_item_cosmetic_coins_small",,"grid_item_bling","true"
,,,,,,,1,2000,,,,,,,,,,,,,,,,,,,,,,,,,,,,,,,,,1,200,,,,,,,,,,,,,,
,,,,,,,2,-1,,,,,,,,,,,,,,,,,,,,,,,,,,,,,,,,,2,-1,,,,,,,,,,,,,,
"BrawlPassBundle",46,"TRUE","TRUE",,"TRUE",,0,200,,,"sc/shop.sc#shop_popupitem_45",,"sc/shop.sc#shop_item_daily_freebie_cosmetic_coins",,,,,,"sc/shop.sc#offer_item_cosmetic_coins_big","sc/shop.sc#offer_item_cosmetic_coins_big","offer_item_cosmetic_coins_small","offer_item_cosmetic_coins_big",,,,,,,"sc/brawl_pass.sc#brawlpass_reward_premium_cosmetic_coins","sc/brawl_pass.sc#brawlpass_reward_free_cosmetic_coins",,"reward_profilebutton_45","TRUE",75,1500,"reward_popupitem_collected_45","reward_popupitem_small_45","reward_popupitem_small_45","reward_popupitem_large_45",,0,200,,,,,"offer_item_cosmetic_coins_small","offer_item_cosmetic_coins_small","offer_item_cosmetic_coins_small","TID_SHOP_OFFER_TITLE_46","resource","icon_resource_cosmetic_coins","sc/shop.sc#offer_item_cosmetic_coins_small",,,
"OverchargeStarrDrop",47,"TRUE","TRUE","TRUE","TRUE",,0,200,,,"sc/shop.sc#shop_popupitem_47",,,,,,,,"sc/shop.sc#offer_item_overcharge_star_big","sc/shop.sc#offer_item_overcharge_star_big","offer_item_overcharge_star_small","offer_item_overcharge_star_big",,,,,"sc/shop.sc#hero_item_overcharge_star",,"sc/brawl_pass.sc#brawlpass_reward_premium_random_reward","sc/brawl_pass.sc#brawlpass_reward_free_random_reward",,"reward_profilebutton_50","TRUE",,,"reward_popupitem_collected_50","reward_popupitem_small_50","reward_popupitem_small_50","reward_popupitem_large_50","sc/trophy_world_common.sc#reward_item_starrdrop",0,200,,,,,"offer_item_overcharge_star_small","offer_item_overcharge_star_small","offer_item_overcharge_star_small","TID_SHOP_OFFER_TITLE_47","resource","icon_resource_random_reward_overcharge","sc/shop.sc#offer_item_overcharge_star_small",,"grid_item_overcharge_drop","true"
"BrawlerUpgradeFromLevelToLevel",48,"TRUE","FALSE",,"FALSE",,,,,,"sc/shop.sc#shop_popupitem_48",,,,,,,,"sc/shop.sc#offer_item_power_level_big","sc/shop.sc#offer_item_brawler_level_up_small","offer_item_brawler_level_up_small","offer_item_brawler_level_up_small",,,,,"sc/shop.sc#hero_item_power_level",,,,,,,,,,,,,,,,,,,,,,,"TID_SHOP_OFFER_TITLE_48",,,"sc/shop.sc#offer_item_brawler_level_up_small",,"grid_item_power_level",
"StarrDropContainer",49,"TRUE","TRUE",,"TRUE",,,,,,"sc/shop.sc#shop_popupitem_47",,,,,,,,"sc/shop.sc#offer_item_random_reward_big","sc/shop.sc#offer_item_random_reward_big","offer_item_random_reward_small","offer_item_random_reward_big",,,,,"sc/shop.sc#hero_item_starr",,"sc/brawl_pass.sc#brawlpass_reward_premium_random_reward","sc/brawl_pass.sc#brawlpass_reward_free_random_reward",,"reward_profilebutton_50",,,,"reward_popupitem_collected_50","reward_popupitem_small_50","reward_popupitem_small_50","reward_popupitem_large_50","sc/trophy_world_common.sc#reward_item_starrdrop",,,,,,,"offer_item_random_reward_small","offer_item_random_reward_small","collab_club_reward_milestone_random_reward","TID_SHOP_OFFER_TITLE_49","resource","icon_resource_random_reward","sc/shop.sc#offer_item_random_reward_small",,"grid_item_starr_drop","true"
"RandomStarrDrop",50,"TRUE","TRUE","TRUE","TRUE",,,,,,"sc/shop.sc#shop_popupitem_50",,,,,,,,"sc/shop.sc#offer_item_random_reward_big","sc/shop.sc#offer_item_random_reward_big","offer_item_random_reward_small","offer_item_random_reward_big",,,,,"sc/shop.sc#hero_item_starr",,"sc/brawl_pass.sc#brawlpass_reward_premium_random_reward","sc/brawl_pass.sc#brawlpass_reward_free_random_reward",,"reward_profilebutton_50","TRUE",75,350,"reward_popupitem_collected_50","reward_popupitem_small_50","reward_popupitem_small_50","reward_popupitem_large_50","sc/trophy_world_common.sc#reward_item_starrdrop",,,,,,,"offer_item_random_reward_small","offer_item_random_reward_small","collab_club_reward_milestone_random_reward","TID_SHOP_OFFER_TITLE_50","resource","icon_resource_random_reward","sc/shop.sc#offer_item_random_reward_small",,"grid_item_starr_drop","true"
"BrawlPassUnlockBrawler",51,"FALSE","FALSE",,"FALSE",,,,,,"sc/brawl_pass.sc#brawlpass_reward_premium_brawler_unlock_any",,,,,,,,"sc/brawl_pass.sc#brawlpass_reward_premium_brawler_unlock_any","sc/brawl_pass.sc#brawlpass_reward_premium_brawler_unlock_any","sc/brawl_pass.sc#brawlpass_reward_premium_brawler_unlock_any","sc/brawl_pass.sc#brawlpass_reward_premium_brawler_unlock_any",,,,,"sc/shop.sc#hero_item_skin_brawler",,"sc/brawl_pass.sc#brawlpass_reward_premium_brawler_unlock_any","sc/brawl_pass.sc#brawlpass_reward_premium_brawler_unlock_any",,"reward_profilebutton_42",,,,,,,,,,,,,,,,,,,,,"sc/brawl_pass.sc#brawlpass_reward_premium_brawler_unlock_any",,,
"BrawlPassPlusBundle",52,"TRUE","TRUE",,"TRUE",,0,200,,,"sc/shop.sc#shop_popupitem_45",,"sc/shop.sc#shop_item_daily_freebie_cosmetic_coins",,,,,,"sc/shop.sc#offer_item_cosmetic_coins_big","sc/shop.sc#offer_item_cosmetic_coins_big","sc/shop.sc#offer_item_cosmetic_coins_small","sc/shop.sc#offer_item_cosmetic_coins_big",,,,,,,"sc/brawl_pass.sc#brawlpass_reward_premium_cosmetic_coins","sc/brawl_pass.sc#brawlpass_reward_free_cosmetic_coins",,"reward_profilebutton_45","TRUE",75,1500,"reward_popupitem_collected_45","reward_popupitem_small_45","reward_popupitem_small_45","reward_popupitem_large_45",,0,200,,,,,"offer_item_cosmetic_coins_small","offer_item_cosmetic_coins_small","offer_item_cosmetic_coins_small","TID_SHOP_OFFER_TITLE_52","resource","icon_resource_cosmetic_coins","sc/shop.sc#offer_item_cosmetic_coins_small",,,
"RandomCollabDrop",53,"TRUE","FALSE",,"FALSE",,0,1,,,"sc/shop.sc#shop_popupitem_53",,,,,,,,"sc/shop.sc#offer_item_collab_gacha_big","sc/shop.sc#offer_item_collab_gacha_big","sc/shop.sc#offer_item_collab_gacha_big","sc/shop.sc#offer_item_collab_gacha_big",,,,,,,,,,,,,,,,,,,0,1,,,,,,,,"TID_SHOP_OFFER_TITLE_53","resource","icon_resource_random_reward","sc/shop.sc#offer_item_collab_gacha_big",,,"true"
,,,,,,,1,2,,,,,,,,,,,,,,,,,,,,,,,,,,,,,,,,,1,2,,,,,,,,,,,,,,
,,,,,,,2,5,,,,,,,,,,,,,,,,,,,,,,,,,,,,,,,,,2,5,,,,,,,,,,,,,,
,,,,,,,3,11,,,,,,,,,,,,,,,,,,,,,,,,,,,,,,,,,3,11,,,,,,,,,,,,,,
,,,,,,,4,23,,,,,,,,,,,,,,,,,,,,,,,,,,,,,,,,,4,23,,,,,,,,,,,,,,
,,,,,,,5,-1,,,,,,,,,,,,,,,,,,,,,,,,,,,,,,,,,5,-1,,,,,,,,,,,,,,
"SpecialEventTokens",54,"FALSE","TRUE",,"TRUE",,,,"sc/shop.sc#shop_item_resourses_gems",,"sc/shop.sc#shop_popupitem_16",,,,,,"shop_item_resourses_gems","shop_item_resourses_gems","sc/shop.sc#offer_item_gems_big","sc/shop.sc#offer_item_gems_big","sc/shop.sc#offer_item_gems_small","sc/shop.sc#offer_item_gems_big",,,,,,"offer_gems","sc/brawl_pass.sc#brawlpass_reward_premium_gems","sc/brawl_pass.sc#brawlpass_reward_free_gems",,"reward_profilebutton_16",,,,,,,,,,,,,,,"offer_item_gems_small","offer_item_gems_small","offer_item_gems_small",,"first_win","icon_first_win","sc/shop.sc#offer_item_gems_small",,,
"MegaBox",55,"TRUE","TRUE",,"TRUE",,0,1,,,"sc/shop.sc#shop_popupitem_55",,,,,,,,"sc/shop.sc#offer_item_mega_box_big","sc/shop.sc#offer_item_mega_box_big","sc/shop.sc#offer_item_mega_box_small","sc/shop.sc#offer_item_mega_box_big",,,,,"sc/shop.sc#hero_item_mega_box",,"sc/brawl_pass.sc#brawlpass_reward_premium_mega_box","sc/brawl_pass.sc#brawlpass_reward_free_mega_box",,,,,,,,,,,0,1,,,,,,,,"TID_SHOP_OFFER_TITLE_55","resource","icon_resource_random_reward","sc/shop.sc#offer_item_mega_box_big",,"grid_item_mega_box","true"
"ArchetypeItem",56,"TRUE","FALSE",,"FALSE",,,,,,"sc/shop.sc#shop_popupitem_5",,,,,,,,"sc/shop.sc#offer_item_sb_big","sc/shop.sc#offer_item_sb_big","sc/shop.sc#offer_item_sb_small","sc/shop.sc#offer_item_sb_big",,,,,"sc/shop.sc#hero_item_coins",,,,,,,,,,,,,,,,,,,,"offer_item_sb_small","offer_item_sb_small","offer_item_sb_small",,"resource",,"sc/shop.sc#offer_item_sb_small",,,
"CollabPoints",57,"TRUE","TRUE",,"TRUE",,0,0,,,"sc/shop.sc#shop_popupitem_57",,,,,,,,"sc/shop.sc#offer_item_collab_points_big","sc/shop.sc#offer_item_collab_points_big","sc/shop.sc#offer_item_collab_points_small","sc/shop.sc#offer_item_collab_points_big",,,,,"sc/shop.sc#hero_item_coins",,,,,"reward_profilebutton_57","TRUE",75,350,"reward_popupitem_collected_57","reward_popupitem_small_57","reward_popupitem_small_57","reward_popupitem_large_57",,0,0,,,,,"offer_item_collab_points_small","offer_item_collab_points_small","offer_item_collab_points_small","TID_SHOP_OFFER_TITLE_57","resource","icon_resource_currency_collab","sc/shop.sc#offer_item_collab_points_small",,,"true"
,,,,,,,1,24,,,,,,,,,,,,,,,,,,,,,,,,,,,,,,,,,1,24,,,,,,,,,,,,,,
,,,,,,,2,99,,,,,,,,,,,,,,,,,,,,,,,,,,,,,,,,,2,99,,,,,,,,,,,,,,
,,,,,,,3,299,,,,,,,,,,,,,,,,,,,,,,,,,,,,,,,,,3,299,,,,,,,,,,,,,,
,,,,,,,4,-1,,,,,,,,,,,,,,,,,,,,,,,,,,,,,,,,,4,-1,,,,,,,,,,,,,,
"AngelicStar",58,"TRUE","TRUE",,"TRUE",,0,1,,,"sc/shop.sc#shop_popupitem_58",,,,,,,,"sc/shop.sc#offer_item_collab_gacha_angels","sc/shop.sc#offer_item_collab_gacha_angels","sc/shop.sc#offer_item_collab_gacha_angels_small","sc/shop.sc#offer_item_collab_gacha_angels",,,,,"sc/shop.sc#hero_item_angelic_drop",,,,,,,,,,,,,,0,1,,,,,,,,"TID_SHOP_OFFER_TITLE_58","resource","icon_resource_random_reward","sc/shop.sc#offer_item_collab_gacha_angels",,"grid_item_angelic_drop","true"
"DemonicStar",59,"TRUE","TRUE",,"TRUE",,0,1,,,"sc/shop.sc#shop_popupitem_59",,,,,,,,"sc/shop.sc#offer_item_collab_gacha_demons","sc/shop.sc#offer_item_collab_gacha_demons","sc/shop.sc#offer_item_collab_gacha_demons_small","sc/shop.sc#offer_item_collab_gacha_demons",,,,,"sc/shop.sc#hero_item_demonic_drop",,,,,,,,,,,,,,0,1,,,,,,,,"TID_SHOP_OFFER_TITLE_59","resource","icon_resource_random_reward","sc/shop.sc#offer_item_collab_gacha_demons",,"grid_item_demonic_drop","true"
"RandomPresentDrop",60,"TRUE","TRUE",,"TRUE",,0,1,,,"sc/shop.sc#shop_popupitem_60",,,,,,,,"sc/shop.sc#offer_item_gacha_present_drop_big","sc/shop.sc#offer_item_gacha_present_drop_big","sc/shop.sc#offer_item_gacha_present_drop_small","sc/shop.sc#offer_item_gacha_present_drop_big",,,,,"sc/shop.sc#hero_item_present_drop",,,,,,,,,,,,,,0,1,,,,,,,,"TID_SHOP_OFFER_TITLE_60","resource","icon_resource_random_reward","sc/shop.sc#offer_item_gacha_present_drop_small",,"grid_item_present_drop","true"
"CompetitivePassTailReward",61,"FALSE","FALSE",,"FALSE",,0,,"sc/shop.sc#shop_item_resourses_boxes",,"sc/shop.sc#shop_popupitem_10",,,,,,"shop_item_resourses_boxes","shop_item_resourses_boxes","sc/brawl_pass.sc#brawlpass_reward_premium_tail_rewards","sc/brawl_pass.sc#brawlpass_reward_premium_tail_rewards","sc/brawl_pass.sc#brawlpass_reward_premium_tail_rewards","sc/brawl_pass.sc#brawlpass_reward_premium_tail_rewards",,,,,"sc/shop.sc#hero_item_coins","offer_recruit_tokens","sc/brawl_pass.sc#brawlpass_reward_premium_tail_rewards","sc/brawl_pass.sc#brawlpass_reward_premium_tail_rewards","sc/brawl_pass.sc#brawlpass_reward_premium_random_reward","reward_profilebutton_50",,,,"reward_popupitem_collected_10",,,"reward_popupitem_large_10",,0,,,,,,"sc/brawl_pass.sc#brawlpass_reward_premium_random_reward","sc/brawl_pass.sc#brawlpass_reward_premium_random_reward","sc/brawl_pass.sc#brawlpass_reward_premium_random_reward",,"box","reward_profilebutton_42","sc/brawl_pass.sc#brawlpass_reward_premium_tail_rewards",,,
"ProgressionSkinLevelUp",62,"FALSE","FALSE",,"FALSE",,0,1,,,,,,,,,,,,,,,,,,,,,"competitive_pass_reward_premium_progression_skin","competitive_pass_reward_free_progression_skin",,,,,,,,,,,0,1,,,,,,,,,,,,,"grid_item_pro_skin_tag",
"CompetitivePassPoints",64,"TRUE","TRUE",,"TRUE",,0,1,"offer_item_competitive_pass_points_big",,"sc/shop.sc#reward_popupitem_large_64",,,,,,,,,,,,,,,,,,"offer_item_competitive_pass_points_big","reward_popupitem_small_64",,,,,,,,,,,0,1,,,,,,,,"TID_COMPETITIVE_PASS_PRO_PASS_XP","resource","icon_resource_competitive_pass",,,,"true"
"DailyStreak",65,"TRUE","FALSE",,"FALSE",,0,-1,,,"sc/shop.sc#shop_popupitem_45",,"sc/shop.sc#shop_item_daily_freebie_cosmetic_coins",,,,,,"sc/shop.sc#offer_item_cosmetic_coins_big","sc/shop.sc#offer_item_cosmetic_coins_big","sc/shop.sc#offer_item_cosmetic_coins_small","sc/shop.sc#offer_item_cosmetic_coins_big",,,,,"sc/shop.sc#hero_item_coins",,"sc/brawl_pass.sc#brawlpass_reward_premium_cosmetic_coins","sc/brawl_pass.sc#brawlpass_reward_free_cosmetic_coins",,"reward_profilebutton_45",,,,"reward_popupitem_collected_45","reward_popupitem_small_45","reward_popupitem_small_45","reward_popupitem_large_45",,0,-1,,,,"rank_reward_cosmetic_coins","offer_item_cosmetic_coins_small","offer_item_cosmetic_coins_small","offer_item_cosmetic_coins_small","TID_SHOP_OFFER_TITLE_65","resource","icon_resource_cosmetic_coins","sc/shop.sc#offer_item_cosmetic_coins_small",,,
"LevelUpgrade",34,"TRUE","FALSE",,"FALSE",,0,-1,,,,,,,,,,,,,,,,,,,,,,,,,,,,,,,,,0,-1,,,,,,,,"TID_SHOP_OFFER_TITLE_34",,,,,,
"RandomSushiDrop",66,"TRUE","TRUE",,"TRUE",,0,1,,,"sc/shop.sc#shop_popupitem_66",,,,,,,,"sc/shop.sc#offer_item_gacha_sushi_big","sc/shop.sc#offer_item_gacha_sushi_big","sc/shop.sc#offer_item_gacha_sushi_small","sc/shop.sc#offer_item_gacha_sushi_big",,,,,"sc/shop.sc#hero_item_sushi_drop",,,,,,,,,,,,,,0,1,,,,,,,,"TID_SHOP_OFFER_TITLE_66","resource","icon_resource_sushi","sc/shop.sc#offer_item_gacha_sushi_small",,"grid_item_sushi","true"
,,,,,,,1,2,,,,,,,,,,,,,,,,,,,,,,,,,,,,,,,,,1,2,,,,,,,,,,,,,,
,,,,,,,2,3,,,,,,,,,,,,,,,,,,,,,,,,,,,,,,,,,2,3,,,,,,,,,,,,,,
,,,,,,,3,9,,,,,,,,,,,,,,,,,,,,,,,,,,,,,,,,,3,9,,,,,,,,,,,,,,
,,,,,,,4,14,,,,,,,,,,,,,,,,,,,,,,,,,,,,,,,,,4,14,,,,,,,,,,,,,,
,,,,,,,5,25,,,,,,,,,,,,,,,,,,,,,,,,,,,,,,,,,5,25,,,,,,,,,,,,,,
,,,,,,,6,-1,,,,,,,,,,,,,,,,,,,,,,,,,,,,,,,,,6,-1,,,,,,,,,,,,,,
"TrophySeasonBox",67,"TRUE","FALSE",,"FALSE",,,,,,"sc/shop.sc#shop_popupitem_61",,,,,,,,"sc/shop.sc#offer_item_trophy_box_big","sc/shop.sc#offer_item_trophy_box_big","sc/shop.sc#offer_item_trophy_box_small","offer_item_trophy_box_big",,,,,"sc/shop.sc#hero_item_trophy_box",,,,,,,,,,,,,,,,,,,,"offer_item_trophy_box_small","offer_item_trophy_box_small","offer_item_trophy_box_small","TID_SHOP_OFFER_TITLE_67","resource","icon_resource_random_reward","sc/shop.sc#offer_item_trophy_box_small",,"grid_item_trophy_box","true"
"ChooseSuperRareBrawler",69,"FALSE","FALSE",,"FALSE",,,,,,"sc/brawl_pass.sc#brawlpass_reward_premium_brawler_unlock_any",,,,,,,,"sc/brawl_pass.sc#brawlpass_reward_premium_brawler_unlock_any","sc/brawl_pass.sc#brawlpass_reward_premium_brawler_unlock_any","sc/brawl_pass.sc#brawlpass_reward_premium_brawler_unlock_any","sc/brawl_pass.sc#brawlpass_reward_premium_brawler_unlock_any",,,,,"sc/shop.sc#hero_item_coins",,"sc/brawl_pass.sc#brawlpass_reward_premium_brawler_unlock_any","sc/brawl_pass.sc#brawlpass_reward_premium_brawler_unlock_any",,"reward_profilebutton_42",,,,,,,,"sc/trophy_world_common.sc#reward_item_brawler_choose",,,,,,,,,,"TID_SHOP_OFFER_TITLE_69",,,"sc/brawl_pass.sc#brawlpass_reward_premium_brawler_unlock_any",,,
"RecordsFeature",70,"FALSE","FALSE",,"FALSE",,,,,,,,,,,,,,,,,,,,,,,,,,,"reward_profilebutton_70",,,,"reward_popupitem_collected_41","reward_popupitem_small_41",,,"sc/trophy_world_common.sc#reward_item_records",,,,,,,,,,,,,,,,
"BrawlerBox",71,"TRUE","TRUE",,"TRUE",,,,,,"sc/shop.sc#shop_popupitem_71",,,,,,,,"sc/shop.sc#offer_item_brawler_box_big","sc/shop.sc#offer_item_brawler_box_big","sc/shop.sc#offer_item_brawler_box_small","offer_item_brawler_box_big",,,,,"sc/shop.sc#hero_item_brawler_box",,,,,,,,,,,,,,,,,,,,,,,"TID_SHOP_OFFER_TITLE_71",,,,,"grid_item_brawler_box","true"
"CollabScore",72,"TRUE","TRUE",,"TRUE",,0,0,,,"sc/shop.sc#shop_popupitem_72",,,,,,,,"sc/shop.sc#offer_item_subway_surfers_points_big","sc/shop.sc#offer_item_subway_surfers_points_big","sc/shop.sc#offer_item_subway_surfers_points_small","offer_item_subway_surfers_points_big",,,,,"sc/shop.sc#hero_item_coins",,,,,"reward_profilebutton_72","TRUE",75,350,"reward_popupitem_collected_72","reward_popupitem_small_72","reward_popupitem_small_72","reward_popupitem_large_72",,0,0,,,,,"offer_item_subway_surfers_points_small","offer_item_subway_surfers_points_small","offer_item_subway_surfers_points_small","TID_SUBWAY_CONTEST_END_FLOW_REWARD","resource","icon_resource_currency_collab","sc/shop.sc#offer_item_subway_surfers_points_small",,"grid_item_angelic_drop","true"
"GraffitiBox",73,"TRUE","TRUE",,"FALSE",,0,1,,,"sc/shop.sc#shop_popupitem_73",,,,,,,,"sc/shop.sc#offer_item_graffiti_box_big","sc/shop.sc#offer_item_graffiti_box_big","sc/shop.sc#offer_item_graffiti_box_small","sc/shop.sc#offer_item_graffiti_box_big",,,,,"sc/shop.sc#hero_item_graffiti_box",,,,,,,,,"reward_popupitem_collected_73","reward_popupitem_small_73","reward_popupitem_small_73","reward_popupitem_large_73",,0,1,,,,,"offer_item_graffiti_box_small","offer_item_graffiti_box_small","offer_item_graffiti_box_small","TID_SHOP_OFFER_TITLE_73","resource","icon_resource_random_reward","sc/shop.sc#offer_item_graffiti_box_small",,"grid_item_graffiti_box","true"
"TrickBox",74,"TRUE","TRUE",,"TRUE",,0,1,,,"sc/shop.sc#shop_popupitem_74",,,,,,,,"sc/shop.sc#offer_item_trick_box_big","sc/shop.sc#offer_item_trick_box_big","sc/shop.sc#offer_item_trick_box_small","sc/shop.sc#offer_item_trick_box_big",,,,,"sc/shop.sc#hero_item_trick_box",,,,,,,,,"reward_popupitem_collected_74","reward_popupitem_small_74","reward_popupitem_small_74","reward_popupitem_large_74",,0,1,,,,,"offer_item_trick_box_small","offer_item_trick_box_small","offer_item_trick_box_small","TID_SHOP_OFFER_TITLE_74","resource","icon_resource_random_reward","sc/shop.sc#offer_item_trick_box_small",,"grid_item_trick_box","true"
"CollabFeature",75,"FALSE","FALSE",,"FALSE",,,,,,,,,,,,,,,,,,,,,,,,,,,"reward_profilebutton_75",,,,,,,,"sc/trophy_world_common.sc#reward_item_season_quests",,,,,,,,,,,,,,,,
"CollabEventCurrency",76,"TRUE","TRUE",,"TRUE",,0,0,,,"sc/shop.sc#shop_popupitem_76",,,,,,,,"sc/shop.sc#offer_item_currency_collab_big","sc/shop.sc#offer_item_currency_collab_big","sc/shop.sc#offer_item_currency_collab_small","sc/shop.sc#offer_item_currency_collab_big",,,,,"sc/shop.sc#hero_item_coins",,,,,"reward_profilebutton_76","TRUE",75,350,"reward_popupitem_collected_76","reward_popupitem_small_76","reward_popupitem_small_76","reward_popupitem_large_76",,0,0,,,,,"offer_item_currency_collab_small","offer_item_currency_collab_small","offer_item_currency_collab_small","TID_SHOP_OFFER_TITLE_76","resource","icon_resource_currency_collab","sc/shop.sc#offer_item_currency_collab_small","gatcha_screen_collab_event_currency_drop",,"true"
,,,,,,,1,99,,,,,,,,,,,,,,,,,,,,,,,,,,,,,,,,,1,24,,,,,,,,,,,,,,
,,,,,,,2,199,,,,,,,,,,,,,,,,,,,,,,,,,,,,,,,,,2,99,,,,,,,,,,,,,,
,,,,,,,3,399,,,,,,,,,,,,,,,,,,,,,,,,,,,,,,,,,3,299,,,,,,,,,,,,,,
,,,,,,,4,-1,,,,,,,,,,,,,,,,,,,,,,,,,,,,,,,,,4,-1,,,,,,,,,,,,,,
"MechBox",77,"TRUE","TRUE",,"TRUE",,,,,,"sc/shop.sc#shop_popupitem_77",,,,,,,,"sc/shop.sc#offer_item_mech_box_big","sc/shop.sc#offer_item_mech_box_big","sc/shop.sc#offer_item_mech_box_small","sc/shop.sc#offer_item_mech_box_big",,,,,"sc/shop.sc#hero_item_mech_box",,,,,,,,,,,,,,,,,,,,"offer_item_mech_box_small","offer_item_mech_box_small","offer_item_mech_box_small",,,,"sc/shop.sc#offer_item_mech_box_small",,"grid_item_mecha_box","true"
"VaultResourceKeys",78,TRUE,,,,,0,,,,"sc/shop.sc#shop_popupitem_78",,,,,,,,"sc/shop.sc#offer_item_vault_key_currency_big","sc/shop.sc#offer_item_vault_key_currency_big","sc/shop.sc#offer_item_vault_key_currency_small","sc/shop.sc#offer_item_vault_key_currency_big",,,,,"sc/shop.sc#hero_item_vault_currency_key",,"sc/brawl_pass.sc#brawlpass_reward_premium_key","sc/brawl_pass.sc#brawlpass_reward_free_key",,"reward_profilebutton_76","TRUE",,,,,,,,,,,,,,,,,"TID_VAULT_RESOURCE_KEY",,,,,"grid_item_vault_currency_key",
"VaultBrawlerKeys",79,TRUE,,,,,1,,,,"sc/shop.sc#shop_popupitem_79",,,,,,,,"sc/shop.sc#offer_item_vault_key_brawler_big","sc/shop.sc#offer_item_vault_key_brawler_big","sc/shop.sc#offer_item_vault_key_brawler_small","sc/shop.sc#offer_item_vault_key_brawler_big",,,,,"sc/shop.sc#hero_item_vault_brawler_key",,"sc/brawl_pass.sc#brawlpass_reward_premium_key","sc/brawl_pass.sc#brawlpass_reward_free_key",,"reward_profilebutton_76","TRUE",,,,,,,,,,,,,,,,,"TID_VAULT_BRAWLER_KEY",,,,,"grid_item_vault_brawler_key",
"VaultSkinKeys",80,TRUE,,,,,2,,,,"sc/shop.sc#shop_popupitem_80",,,,,,,,"sc/shop.sc#offer_item_vault_key_skin_big","sc/shop.sc#offer_item_vault_key_skin_big","sc/shop.sc#offer_item_vault_key_skin_small","sc/shop.sc#offer_item_vault_key_skin_big",,,,,"sc/shop.sc#hero_item_vault_skin_key",,"sc/brawl_pass.sc#brawlpass_reward_premium_key","sc/brawl_pass.sc#brawlpass_reward_free_key",,"reward_profilebutton_76","TRUE",,,,,,,,,,,,,,,,,"TID_VAULT_SKIN_KEY",,,,,"grid_item_vault_skin_key",
"VaultBuddyKeys",81,TRUE,,,,,3,,,,"sc/shop.sc#shop_popupitem_81",,,,,,,,"sc/shop.sc#offer_item_vault_key_buddy_big","sc/shop.sc#offer_item_vault_key_buddy_big","sc/shop.sc#offer_item_vault_key_buddy_small","sc/shop.sc#offer_item_vault_key_buddy_big",,,,,"sc/shop.sc#hero_item_vault_buddy_key",,"sc/brawl_pass.sc#brawlpass_reward_premium_key","sc/brawl_pass.sc#brawlpass_reward_free_key",,"reward_profilebutton_76","TRUE",,,,,,,,,,,,,,,,,"TID_VAULT_BUDDY_KEY",,,,,"grid_item_vault_buddy_key",
"RandomBuddy",82,"TRUE",,,"TRUE",,,,,,"sc/shop.sc#shop_popupitem_82",,,,,,,,"sc/shop.sc#offer_item_buddy_random_big","sc/shop.sc#offer_item_buddy_random_big","sc/shop.sc#offer_item_buddy_random_small","sc/shop.sc#offer_item_buddy_random_big",,,,,"sc/shop.sc#hero_item_buffie",,,,,,,,,,,,,,,,,,,,,,,"TID_RANDOM_BUDDY",,,,,"grid_item_random_buffie",
"RandomSplittingStar",83,"TRUE","TRUE","TRUE","TRUE",,,,,,"sc/shop.sc#shop_popupitem_83",,,,,,,,"sc/shop.sc#offer_item_random_reward_big","sc/shop.sc#offer_item_random_reward_big","sc/shop.sc#offer_item_random_reward_small","sc/shop.sc#offer_item_random_reward_big",,,,,"sc/shop.sc#hero_item_splitting_star",,"sc/brawl_pass.sc#brawlpass_reward_premium_random_reward","sc/brawl_pass.sc#brawlpass_reward_free_random_reward",,"reward_profilebutton_50","TRUE",75,350,"reward_popupitem_collected_50","reward_popupitem_small_50","reward_popupitem_small_50","reward_popupitem_large_50","sc/trophy_world_common.sc#reward_item_starrdrop",,,,,,,"offer_item_random_reward_small","offer_item_random_reward_small","collab_club_reward_milestone_random_reward","TID_SHOP_OFFER_TITLE_83","resource","icon_resource_random_reward_splitting_star","sc/shop.sc#offer_item_random_reward_small",,"grid_item_chaos_drop","true"
"ChocolateBox",84,"TRUE","TRUE",,"TRUE",,,,,,"sc/shop.sc#shop_popupitem_84",,,,,,,,"sc/shop.sc#offer_item_chocolate_box_big","sc/shop.sc#offer_item_chocolate_box_big","sc/shop.sc#offer_item_chocolate_box_small","sc/shop.sc#offer_item_chocolate_box_big",,,,,"sc/shop.sc#hero_item_chocolate_box",,"sc/brawl_pass.sc#brawlpass_reward_premium_random_reward","sc/brawl_pass.sc#brawlpass_reward_free_random_reward",,"reward_profilebutton_50","TRUE",75,350,"reward_popupitem_collected_50","reward_popupitem_small_50","reward_popupitem_small_50","reward_popupitem_large_50","sc/trophy_world_common.sc#reward_item_starrdrop",,,,,,,"offer_item_chocolate_box_small","offer_item_chocolate_box_small","collab_club_reward_milestone_random_reward","TID_SHOP_OFFER_TITLE_84","resource","icon_resource_random_reward","sc/shop.sc#offer_item_random_reward_small",,"grid_item_chocolate_box","true"
"AnimeStar",86,"TRUE","TRUE",,"TRUE",,0,1,,,"sc/shop.sc#shop_popupitem_86",,,,,,,,"sc/shop.sc#offer_item_collab_gacha_starr_nova","sc/shop.sc#offer_item_collab_gacha_starr_nova","sc/shop.sc#offer_item_collab_gacha_starr_nova_small","sc/shop.sc#offer_item_collab_gacha_starr_nova",,,,,"sc/shop.sc#hero_item_starr_nova",,,,,,,,,,,,,,0,1,,,,,,,,"TID_SHOP_OFFER_TITLE_86","resource","icon_resource_random_reward_animestar","sc/shop.sc#offer_item_collab_gacha_starr_nova",,"grid_item_starr_nova","true"
"ChooseSkin",87,"TRUE","FALSE",,"FALSE",,,,,,"sc/shop.sc#offer_item_skin_rarity_3d_big",,,,,,,,"sc/shop.sc#offer_item_skin_rarity_3d_big","sc/shop.sc#offer_item_skin_rarity_big","sc/shop.sc#offer_item_skin_rarity_small","sc/shop.sc#offer_item_skin_rarity_3d_big",,,,,"sc/shop.sc#hero_item_skin_rarity",,,,,,,,,,,,,,,,,,,,,,,"TID_SHOP_OFFER_TITLE_87",,,,,"grid_item_skin_rarity",
"ChooseSkinPool",88,"FALSE","FALSE",,"FALSE",,,,,,"sc/shop.sc#offer_item_skin_random_3d_big",,,,,,,,"sc/shop.sc#offer_item_skin_random_3d_big","sc/shop.sc#offer_item_skin_random_big","sc/shop.sc#offer_item_skin_random_small","sc/shop.sc#offer_item_skin_random_3d_big",,,,,"sc/shop.sc#hero_item_skin_rarity",,,,,,,,,,,,,,,,,,,,,,,,,,,,"grid_item_skin_rarity",
"NanoDrop",89,"TRUE","TRUE",,"TRUE",,0,1,,,"sc/shop.sc#shop_popupitem_89",,,,,,,,"sc/shop.sc#offer_item_nano_drop_big","sc/shop.sc#offer_item_nano_drop_big","sc/shop.sc#offer_item_nano_drop_small","sc/shop.sc#offer_item_nano_drop_big",,,,,"sc/shop.sc#hero_item_nano_drop",,,,,,,,,,,,,,0,1,,,,,,,,"TID_SHOP_OFFER_TITLE_89","resource","icon_resource_random_reward_nano_drop","sc/shop.sc#offer_item_nano_drop_small",,"grid_item_nano_drop","true"
"WindDrop",90,"TRUE","TRUE",,"TRUE",,0,1,,,"sc/shop.sc#shop_popupitem_90",,,,,,,,"sc/shop.sc#offer_item_wind_drop_big","sc/shop.sc#offer_item_wind_drop_big","sc/shop.sc#offer_item_wind_drop_small","sc/shop.sc#offer_item_wind_drop_big",,,,,"sc/shop.sc#hero_item_wind_drop",,,,,,,,,,,,,,0,1,,,,,,,,"TID_SHOP_OFFER_TITLE_90","resource","icon_resource_random_reward_wind_drop","sc/shop.sc#offer_item_wind_drop_small",,"grid_item_wind_drop","true"
"RandomSkin",91,"TRUE","FALSE",,"FALSE",,,,,,"sc/shop.sc#offer_item_skin_random_3d_big",,,,,,,,"sc/shop.sc#offer_item_skin_random_3d_big","sc/shop.sc#offer_item_skin_random_big","sc/shop.sc#offer_item_skin_random_small","sc/shop.sc#offer_item_skin_random_3d_big",,,,,"sc/shop.sc#hero_item_skin_rarity",,,,,,,,,,,,,,,,,,,,,,,"TID_SHOP_OFFER_TITLE_91",,,,,"grid_item_skin_rarity",
"RandomSkinPool",92,"FALSE","FALSE",,"FALSE",,,,,,"sc/shop.sc#offer_item_skin_random_3d_big",,,,,,,,"sc/shop.sc#offer_item_skin_random_3d_big","sc/shop.sc#offer_item_skin_random_big","sc/shop.sc#offer_item_skin_random_small","sc/shop.sc#offer_item_skin_random_3d_big",,,,,"sc/shop.sc#hero_item_skin_rarity",,,,,,,,,,,,,,,,,,,,,,,,,,,,"grid_item_skin_rarity",
"BrawlerBoxTicket",93,"TRUE","TRUE",,"TRUE",,0,1,,,"sc/shop.sc#shop_popupitem_93",,,,,,,,"sc/shop.sc#offer_item_brawler_box_ticket_big","sc/shop.sc#offer_item_brawler_box_ticket_big","sc/shop.sc#offer_item_brawler_box_ticket_small","sc/shop.sc#offer_item_brawler_box_ticket_big",,,,,"sc/shop.sc#hero_item_brawler_box_ticket",,,,,,,,,,,,,,0,1,,,,,,,,"TID_SHOP_OFFER_TITLE_93","resource","icon_resource_brawler_box_ticket","sc/shop.sc#offer_item_brawler_box_ticket_small",,"grid_item_brawler_box_ticket","true"
